INSERT INTO CHAUFFEUR(`CHFID`,`CHFNOM`,`CHFPRENOM`,`CHFTEL`,`CHFMAIL`) VALUES ('1010','Tessier ','Léonie ','0621218301 ','Léonie.Tessier@gmail.com');
INSERT INTO COMMUNE(`VILID`,`VILNOM`) VALUES ('10010','Brangues ');
INSERT INTO LIEU(`LIEUID`,`VILID`,`LIEUNOM`) VALUES ('5010','10010','fihope');
INSERT INTO VEHICULE(`VEHIMMAT`,`VEHNOM`) VALUES ('GL016HO','Opel');

INSERT INTO CHAUFFEUR(`CHFID`,`CHFNOM`,`CHFPRENOM`,`CHFTEL`,`CHFMAIL`) VALUES ('1020','Giraud ','Rémi ','0667096187 ','Rémi.Giraud@gmail.com');
INSERT INTO COMMUNE(`VILID`,`VILNOM`) VALUES ('10020','Pouzac ');
INSERT INTO LIEU(`LIEUID`,`VILID`,`LIEUNOM`) VALUES ('5020','10020','nyjalo');
INSERT INTO VEHICULE(`VEHIMMAT`,`VEHNOM`) VALUES ('UN634LU','Opel');

INSERT INTO CHAUFFEUR(`CHFID`,`CHFNOM`,`CHFPRENOM`,`CHFTEL`,`CHFMAIL`) VALUES ('1030','Laroche ','Maxence ','0685034341 ','Maxence.Laroche@gmail.com');
INSERT INTO COMMUNE(`VILID`,`VILNOM`) VALUES ('10030','Spechbach-le-Bas ');
INSERT INTO LIEU(`LIEUID`,`VILID`,`LIEUNOM`) VALUES ('5030','10030','qutumalig');
INSERT INTO VEHICULE(`VEHIMMAT`,`VEHNOM`) VALUES ('RW743SF','Volkswagen ');

INSERT INTO CHAUFFEUR(`CHFID`,`CHFNOM`,`CHFPRENOM`,`CHFTEL`,`CHFMAIL`) VALUES ('1040','Lamy ','Lucas ','0669496721 ','Lucas.Lamy@gmail.com');
INSERT INTO COMMUNE(`VILID`,`VILNOM`) VALUES ('10040','Saint-Martin-au-Laërt ');
INSERT INTO LIEU(`LIEUID`,`VILID`,`LIEUNOM`) VALUES ('5040','10040','rrohipub');
INSERT INTO VEHICULE(`VEHIMMAT`,`VEHNOM`) VALUES ('UJ298XQ','Renault ');

INSERT INTO CHAUFFEUR(`CHFID`,`CHFNOM`,`CHFPRENOM`,`CHFTEL`,`CHFMAIL`) VALUES ('1050','Pierre ','Antoine ','0663690789 ','Antoine.Pierre@gmail.com');
INSERT INTO COMMUNE(`VILID`,`VILNOM`) VALUES ('10050','Liposthey ');
INSERT INTO LIEU(`LIEUID`,`VILID`,`LIEUNOM`) VALUES ('5050','10050','hiseqonneh');
INSERT INTO VEHICULE(`VEHIMMAT`,`VEHNOM`) VALUES ('FS543CT','Renault ');

INSERT INTO CHAUFFEUR(`CHFID`,`CHFNOM`,`CHFPRENOM`,`CHFTEL`,`CHFMAIL`) VALUES ('1060','Sanchez ','Fabrice ','0625874945 ','Fabrice.Sanchez@gmail.com');
INSERT INTO COMMUNE(`VILID`,`VILNOM`) VALUES ('10060','Walbourg ');
INSERT INTO LIEU(`LIEUID`,`VILID`,`LIEUNOM`) VALUES ('5060','10060','hoppodd');
INSERT INTO VEHICULE(`VEHIMMAT`,`VEHNOM`) VALUES ('ER876PM','Citroen ');

INSERT INTO CHAUFFEUR(`CHFID`,`CHFNOM`,`CHFPRENOM`,`CHFTEL`,`CHFMAIL`) VALUES ('1070','Levy ','Jordan ','0623278767 ','Jordan.Levy@gmail.com');
INSERT INTO COMMUNE(`VILID`,`VILNOM`) VALUES ('10070','Hipsheim ');
INSERT INTO LIEU(`LIEUID`,`VILID`,`LIEUNOM`) VALUES ('5070','10070','nullemi');
INSERT INTO VEHICULE(`VEHIMMAT`,`VEHNOM`) VALUES ('SR018NM','Volkswagen ');

INSERT INTO CHAUFFEUR(`CHFID`,`CHFNOM`,`CHFPRENOM`,`CHFTEL`,`CHFMAIL`) VALUES ('1080','Carpentier ','Adrien ','0627432101 ','Adrien.Carpentier@gmail.com');
INSERT INTO COMMUNE(`VILID`,`VILNOM`) VALUES ('10080','Rupt-sur-Saône ');
INSERT INTO LIEU(`LIEUID`,`VILID`,`LIEUNOM`) VALUES ('5080','10080','xaril');
INSERT INTO VEHICULE(`VEHIMMAT`,`VEHNOM`) VALUES ('VA305OD','BMW ');

INSERT INTO CHAUFFEUR(`CHFID`,`CHFNOM`,`CHFPRENOM`,`CHFTEL`,`CHFMAIL`) VALUES ('1090','Lacroix ','Léon ','0607058927 ','Léon.Lacroix@gmail.com');
INSERT INTO COMMUNE(`VILID`,`VILNOM`) VALUES ('10090','Saint-Clément-des-Levées ');
INSERT INTO LIEU(`LIEUID`,`VILID`,`LIEUNOM`) VALUES ('5090','10090','timmyfidi');
INSERT INTO VEHICULE(`VEHIMMAT`,`VEHNOM`) VALUES ('HC341GN','Volkswagen ');

INSERT INTO CHAUFFEUR(`CHFID`,`CHFNOM`,`CHFPRENOM`,`CHFTEL`,`CHFMAIL`) VALUES ('1100','Chauvet ','David ','0603216743 ','David.Chauvet@gmail.com');
INSERT INTO COMMUNE(`VILID`,`VILNOM`) VALUES ('10100','Saint-Laurent-la-Vallée ');
INSERT INTO LIEU(`LIEUID`,`VILID`,`LIEUNOM`) VALUES ('5100','10100','ffyvin');
INSERT INTO VEHICULE(`VEHIMMAT`,`VEHNOM`) VALUES ('MX010XC','Fiat ');

INSERT INTO CHAUFFEUR(`CHFID`,`CHFNOM`,`CHFPRENOM`,`CHFTEL`,`CHFMAIL`) VALUES ('1110','Blanchet ','Victor ','0683490385 ','Victor.Blanchet@gmail.com');
INSERT INTO COMMUNE(`VILID`,`VILNOM`) VALUES ('10110','Saint-Bonnet-de-Four ');
INSERT INTO LIEU(`LIEUID`,`VILID`,`LIEUNOM`) VALUES ('5110','10110','ttuffomol');
INSERT INTO VEHICULE(`VEHIMMAT`,`VEHNOM`) VALUES ('HI185IF','Volkswagen ');

INSERT INTO CHAUFFEUR(`CHFID`,`CHFNOM`,`CHFPRENOM`,`CHFTEL`,`CHFMAIL`) VALUES ('1120','Lacombe ','Paul ','0627458943 ','Paul.Lacombe@gmail.com');
INSERT INTO COMMUNE(`VILID`,`VILNOM`) VALUES ('10120','Cernoy ');
INSERT INTO LIEU(`LIEUID`,`VILID`,`LIEUNOM`) VALUES ('5120','10120','ssyrrettisser');
INSERT INTO VEHICULE(`VEHIMMAT`,`VEHNOM`) VALUES ('ON836NS','Peugeot ');

INSERT INTO CHAUFFEUR(`CHFID`,`CHFNOM`,`CHFPRENOM`,`CHFTEL`,`CHFMAIL`) VALUES ('1130','Hubert ','Fabrice ','0647676529 ','Fabrice.Hubert@gmail.com');
INSERT INTO COMMUNE(`VILID`,`VILNOM`) VALUES ('10130','Épisy ');
INSERT INTO LIEU(`LIEUID`,`VILID`,`LIEUNOM`) VALUES ('5130','10130','nyffelerar');
INSERT INTO VEHICULE(`VEHIMMAT`,`VEHNOM`) VALUES ('RK347KT','Citroen ');

INSERT INTO CHAUFFEUR(`CHFID`,`CHFNOM`,`CHFPRENOM`,`CHFTEL`,`CHFMAIL`) VALUES ('1140','Gaillard ','Thomas ','0623416301 ','Thomas.Gaillard@gmail.com');
INSERT INTO COMMUNE(`VILID`,`VILNOM`) VALUES ('10140','Cours-la-Ville ');
INSERT INTO LIEU(`LIEUID`,`VILID`,`LIEUNOM`) VALUES ('5140','10140','ffidditt');
INSERT INTO VEHICULE(`VEHIMMAT`,`VEHNOM`) VALUES ('AB216LU','Opel');

INSERT INTO CHAUFFEUR(`CHFID`,`CHFNOM`,`CHFPRENOM`,`CHFTEL`,`CHFMAIL`) VALUES ('1150','Moreau ','Thibault ','0601892305 ','Thibault.Moreau@gmail.com');
INSERT INTO COMMUNE(`VILID`,`VILNOM`) VALUES ('10150','Ivrey ');
INSERT INTO LIEU(`LIEUID`,`VILID`,`LIEUNOM`) VALUES ('5150','10150','xuqotevell');
INSERT INTO VEHICULE(`VEHIMMAT`,`VEHNOM`) VALUES ('XE961IF','Citroen ');

INSERT INTO CHAUFFEUR(`CHFID`,`CHFNOM`,`CHFPRENOM`,`CHFTEL`,`CHFMAIL`) VALUES ('1160','Huet ','Ethan ','0663252121 ','Ethan.Huet@gmail.com');
INSERT INTO COMMUNE(`VILID`,`VILNOM`) VALUES ('10160','Saint-Palais-de-Négrignac ');
INSERT INTO LIEU(`LIEUID`,`VILID`,`LIEUNOM`) VALUES ('5160','10160','llyqinnammoh');
INSERT INTO VEHICULE(`VEHIMMAT`,`VEHNOM`) VALUES ('MX478LM','Peugeot ');

INSERT INTO CHAUFFEUR(`CHFID`,`CHFNOM`,`CHFPRENOM`,`CHFTEL`,`CHFMAIL`) VALUES ('1170','Hernandez ','Hugo ','0629078325 ','Hugo.Hernandez@gmail.com');
INSERT INTO COMMUNE(`VILID`,`VILNOM`) VALUES ('10170','Saint-Pierre-du-Palais ');
INSERT INTO LIEU(`LIEUID`,`VILID`,`LIEUNOM`) VALUES ('5170','10170','jepix');
INSERT INTO VEHICULE(`VEHIMMAT`,`VEHNOM`) VALUES ('TS389MP','Peugeot ');

INSERT INTO CHAUFFEUR(`CHFID`,`CHFNOM`,`CHFPRENOM`,`CHFTEL`,`CHFMAIL`) VALUES ('1180','Blondel ','Marion ','0643030121 ','Marion.Blondel@gmail.com');
INSERT INTO COMMUNE(`VILID`,`VILNOM`) VALUES ('10180','Puisseguin ');
INSERT INTO LIEU(`LIEUID`,`VILID`,`LIEUNOM`) VALUES ('5180','10180','gammafeffa');
INSERT INTO VEHICULE(`VEHIMMAT`,`VEHNOM`) VALUES ('DM983CH','BMW ');

INSERT INTO CHAUFFEUR(`CHFID`,`CHFNOM`,`CHFPRENOM`,`CHFTEL`,`CHFMAIL`) VALUES ('1190','Breton ','Nathan ','0641896583 ','Nathan.Breton@gmail.com');
INSERT INTO COMMUNE(`VILID`,`VILNOM`) VALUES ('10190','Saint-Romans-des-Champs ');
INSERT INTO LIEU(`LIEUID`,`VILID`,`LIEUNOM`) VALUES ('5190','10190','bofe');
INSERT INTO VEHICULE(`VEHIMMAT`,`VEHNOM`) VALUES ('XW783KZ','Opel');

INSERT INTO CHAUFFEUR(`CHFID`,`CHFNOM`,`CHFPRENOM`,`CHFTEL`,`CHFMAIL`) VALUES ('1200','Thibault ','Élouan ','0685874383 ','Élouan.Thibault@gmail.com');
INSERT INTO COMMUNE(`VILID`,`VILNOM`) VALUES ('10200','Sahune ');
INSERT INTO LIEU(`LIEUID`,`VILID`,`LIEUNOM`) VALUES ('5200','10200','nnuttolenor');
INSERT INTO VEHICULE(`VEHIMMAT`,`VEHNOM`) VALUES ('OH814TI','Citroen ');

INSERT INTO CHAUFFEUR(`CHFID`,`CHFNOM`,`CHFPRENOM`,`CHFTEL`,`CHFMAIL`) VALUES ('1210','Lucas ','Colin ','0687410981 ','Colin.Lucas@gmail.com');
INSERT INTO COMMUNE(`VILID`,`VILNOM`) VALUES ('10210','Chassiers ');
INSERT INTO LIEU(`LIEUID`,`VILID`,`LIEUNOM`) VALUES ('5210','10210','sakic');
INSERT INTO VEHICULE(`VEHIMMAT`,`VEHNOM`) VALUES ('TK189GV','Opel');

INSERT INTO CHAUFFEUR(`CHFID`,`CHFNOM`,`CHFPRENOM`,`CHFTEL`,`CHFMAIL`) VALUES ('1220','Meyer ','Émile ','0689438129 ','Émile.Meyer@gmail.com');
INSERT INTO COMMUNE(`VILID`,`VILNOM`) VALUES ('10220','Vernon ');
INSERT INTO LIEU(`LIEUID`,`VILID`,`LIEUNOM`) VALUES ('5220','10220','difolly');
INSERT INTO VEHICULE(`VEHIMMAT`,`VEHNOM`) VALUES ('JO549UZ','Opel');

INSERT INTO CHAUFFEUR(`CHFID`,`CHFNOM`,`CHFPRENOM`,`CHFTEL`,`CHFMAIL`) VALUES ('1230','Sanchez ','Hugo ','0681832383 ','Hugo.Sanchez@gmail.com');
INSERT INTO COMMUNE(`VILID`,`VILNOM`) VALUES ('10230','La Bourgonce ');
INSERT INTO LIEU(`LIEUID`,`VILID`,`LIEUNOM`) VALUES ('5230','10230','rrirreninna');
INSERT INTO VEHICULE(`VEHIMMAT`,`VEHNOM`) VALUES ('RK509CR','Volkswagen ');

INSERT INTO CHAUFFEUR(`CHFID`,`CHFNOM`,`CHFPRENOM`,`CHFTEL`,`CHFMAIL`) VALUES ('1240','Picard ','Éléna ','0601298507 ','Éléna.Picard@gmail.com');
INSERT INTO COMMUNE(`VILID`,`VILNOM`) VALUES ('10240','Arbonne-la-Forêt ');
INSERT INTO LIEU(`LIEUID`,`VILID`,`LIEUNOM`) VALUES ('5240','10240','kallopuz');
INSERT INTO VEHICULE(`VEHIMMAT`,`VEHNOM`) VALUES ('MJ496TO','BMW ');

INSERT INTO CHAUFFEUR(`CHFID`,`CHFNOM`,`CHFPRENOM`,`CHFTEL`,`CHFMAIL`) VALUES ('1250','Martin ','Florian ','0647212585 ','Florian.Martin@gmail.com');
INSERT INTO COMMUNE(`VILID`,`VILNOM`) VALUES ('10250','Mercoeur ');
INSERT INTO LIEU(`LIEUID`,`VILID`,`LIEUNOM`) VALUES ('5250','10250','qaruppadd');
INSERT INTO VEHICULE(`VEHIMMAT`,`VEHNOM`) VALUES ('JM965WN','BMW ');

INSERT INTO CHAUFFEUR(`CHFID`,`CHFNOM`,`CHFPRENOM`,`CHFTEL`,`CHFMAIL`) VALUES ('1260','Nicolas ','Tristan ','0643692741 ','Tristan.Nicolas@gmail.com');
INSERT INTO COMMUNE(`VILID`,`VILNOM`) VALUES ('10260','Consigny ');
INSERT INTO LIEU(`LIEUID`,`VILID`,`LIEUNOM`) VALUES ('5260','10260','corih');
INSERT INTO VEHICULE(`VEHIMMAT`,`VEHNOM`) VALUES ('GX094ZC','Fiat ');

INSERT INTO CHAUFFEUR(`CHFID`,`CHFNOM`,`CHFPRENOM`,`CHFTEL`,`CHFMAIL`) VALUES ('1270','Leveque ','Alban','0645298725 ','Alban.Leveque@gmail.com');
INSERT INTO COMMUNE(`VILID`,`VILNOM`) VALUES ('10270','Donnay ');
INSERT INTO LIEU(`LIEUID`,`VILID`,`LIEUNOM`) VALUES ('5270','10270','fipaddon');
INSERT INTO VEHICULE(`VEHIMMAT`,`VEHNOM`) VALUES ('FS989EF','Peugeot ');

INSERT INTO CHAUFFEUR(`CHFID`,`CHFNOM`,`CHFPRENOM`,`CHFTEL`,`CHFMAIL`) VALUES ('1280','Renault ','Roméo ','0685034341 ','Roméo.Renault@gmail.com');
INSERT INTO COMMUNE(`VILID`,`VILNOM`) VALUES ('10280','Mont-Saint-Éloi ');
INSERT INTO LIEU(`LIEUID`,`VILID`,`LIEUNOM`) VALUES ('5280','10280','nilyzucimm');
INSERT INTO VEHICULE(`VEHIMMAT`,`VEHNOM`) VALUES ('KX274NU','Renault ');

INSERT INTO CHAUFFEUR(`CHFID`,`CHFNOM`,`CHFPRENOM`,`CHFTEL`,`CHFMAIL`) VALUES ('1290','Lemoine ','Constant ','0665092307 ','Constant.Lemoine@gmail.com');
INSERT INTO COMMUNE(`VILID`,`VILNOM`) VALUES ('10290','Sainte-Solange ');
INSERT INTO LIEU(`LIEUID`,`VILID`,`LIEUNOM`) VALUES ('5290','10290','lojidib');
INSERT INTO VEHICULE(`VEHIMMAT`,`VEHNOM`) VALUES ('RE903YF','Ford ');

INSERT INTO CHAUFFEUR(`CHFID`,`CHFNOM`,`CHFPRENOM`,`CHFTEL`,`CHFMAIL`) VALUES ('1300','Leveque ','Alexandre ','0607058927 ','Alexandre.Leveque@gmail.com');
INSERT INTO COMMUNE(`VILID`,`VILNOM`) VALUES ('10300','Pagny-sur-Meuse ');
INSERT INTO LIEU(`LIEUID`,`VILID`,`LIEUNOM`) VALUES ('5300','10300','mmovo');
INSERT INTO VEHICULE(`VEHIMMAT`,`VEHNOM`) VALUES ('LM967MT','Citroen ');

INSERT INTO CHAUFFEUR(`CHFID`,`CHFNOM`,`CHFPRENOM`,`CHFTEL`,`CHFMAIL`) VALUES ('1310','Aubert ','Jérémy ','0627432101 ','Jérémy.Aubert@gmail.com');
INSERT INTO COMMUNE(`VILID`,`VILNOM`) VALUES ('10310','Thilleux ');
INSERT INTO LIEU(`LIEUID`,`VILID`,`LIEUNOM`) VALUES ('5310','10310','tteddatadd');
INSERT INTO VEHICULE(`VEHIMMAT`,`VEHNOM`) VALUES ('GB498XM','BMW ');

INSERT INTO CHAUFFEUR(`CHFID`,`CHFNOM`,`CHFPRENOM`,`CHFTEL`,`CHFMAIL`) VALUES ('1320','Bigot ','Jules ','0625616389 ','Jules.Bigot@gmail.com');
INSERT INTO COMMUNE(`VILID`,`VILNOM`) VALUES ('10320','Sainte-Marie-Lapanouze ');
INSERT INTO LIEU(`LIEUID`,`VILID`,`LIEUNOM`) VALUES ('5320','10320','xera');
INSERT INTO VEHICULE(`VEHIMMAT`,`VEHNOM`) VALUES ('ON616FA','Fiat ');

INSERT INTO CHAUFFEUR(`CHFID`,`CHFNOM`,`CHFPRENOM`,`CHFTEL`,`CHFMAIL`) VALUES ('1330','Chauvet ','Dylan ','0603276343 ','Dylan.Chauvet@gmail.com');
INSERT INTO COMMUNE(`VILID`,`VILNOM`) VALUES ('10330','Mouzay ');
INSERT INTO LIEU(`LIEUID`,`VILID`,`LIEUNOM`) VALUES ('5330','10330','kylliwav');
INSERT INTO VEHICULE(`VEHIMMAT`,`VEHNOM`) VALUES ('XY765IJ','Opel');

INSERT INTO CHAUFFEUR(`CHFID`,`CHFNOM`,`CHFPRENOM`,`CHFTEL`,`CHFMAIL`) VALUES ('1340','Couturier ','Kylian ','0625698581 ','Kylian.Couturier@gmail.com');
INSERT INTO COMMUNE(`VILID`,`VILNOM`) VALUES ('10340','Mont-Saint-Jean ');
INSERT INTO LIEU(`LIEUID`,`VILID`,`LIEUNOM`) VALUES ('5340','10340','zegoffe');
INSERT INTO VEHICULE(`VEHIMMAT`,`VEHNOM`) VALUES ('FC369QH','Citroen ');

INSERT INTO CHAUFFEUR(`CHFID`,`CHFNOM`,`CHFPRENOM`,`CHFTEL`,`CHFMAIL`) VALUES ('1350','Leroy ','Alice ','0647212585 ','Alice.Leroy@gmail.com');
INSERT INTO COMMUNE(`VILID`,`VILNOM`) VALUES ('10350','Saint-Cassien ');
INSERT INTO LIEU(`LIEUID`,`VILID`,`LIEUNOM`) VALUES ('5350','10350','karri');
INSERT INTO VEHICULE(`VEHIMMAT`,`VEHNOM`) VALUES ('FG727YD','Opel');

INSERT INTO CHAUFFEUR(`CHFID`,`CHFNOM`,`CHFPRENOM`,`CHFTEL`,`CHFMAIL`) VALUES ('1360','Marques ','Antonin ','0605214141 ','Antonin.Marques@gmail.com');
INSERT INTO COMMUNE(`VILID`,`VILNOM`) VALUES ('10360','Biécourt ');
INSERT INTO LIEU(`LIEUID`,`VILID`,`LIEUNOM`) VALUES ('5360','10360','kossunneppac');
INSERT INTO VEHICULE(`VEHIMMAT`,`VEHNOM`) VALUES ('UJ654LM','Ford ');

INSERT INTO CHAUFFEUR(`CHFID`,`CHFNOM`,`CHFPRENOM`,`CHFTEL`,`CHFMAIL`) VALUES ('1370','Schneider ','Victor ','0681832383 ','Victor.Schneider@gmail.com');
INSERT INTO COMMUNE(`VILID`,`VILNOM`) VALUES ('10370','Longny-au-Perche ');
INSERT INTO LIEU(`LIEUID`,`VILID`,`LIEUNOM`) VALUES ('5370','10370','ninnixera');
INSERT INTO VEHICULE(`VEHIMMAT`,`VEHNOM`) VALUES ('YH212VE','Volkswagen ');

INSERT INTO CHAUFFEUR(`CHFID`,`CHFNOM`,`CHFPRENOM`,`CHFTEL`,`CHFMAIL`) VALUES ('1380','Fernandes ','Guillaume ','0685034341 ','Guillaume.Fernandes@gmail.com');
INSERT INTO COMMUNE(`VILID`,`VILNOM`) VALUES ('10380','Saint-Loup-de-Buffigny ');
INSERT INTO LIEU(`LIEUID`,`VILID`,`LIEUNOM`) VALUES ('5380','10380','fettat');
INSERT INTO VEHICULE(`VEHIMMAT`,`VEHNOM`) VALUES ('HQ389EX','Renault ');

INSERT INTO CHAUFFEUR(`CHFID`,`CHFNOM`,`CHFPRENOM`,`CHFTEL`,`CHFMAIL`) VALUES ('1390','Hamon ','Gaspard ','0681832383 ','Gaspard.Hamon@gmail.com');
INSERT INTO COMMUNE(`VILID`,`VILNOM`) VALUES ('10390','D\'Huison-Longueville ');
INSERT INTO LIEU(`LIEUID`,`VILID`,`LIEUNOM`) VALUES ('5390','10390','masso');
INSERT INTO VEHICULE(`VEHIMMAT`,`VEHNOM`) VALUES ('ZS741IZ','Renault ');

INSERT INTO CHAUFFEUR(`CHFID`,`CHFNOM`,`CHFPRENOM`,`CHFTEL`,`CHFMAIL`) VALUES ('1400','Ollivier ','David ','0683072141 ','David.Ollivier@gmail.com');
INSERT INTO COMMUNE(`VILID`,`VILNOM`) VALUES ('10400','Morigny ');
INSERT INTO LIEU(`LIEUID`,`VILID`,`LIEUNOM`) VALUES ('5400','10400','ffobo');
INSERT INTO VEHICULE(`VEHIMMAT`,`VEHNOM`) VALUES ('PS743EZ','Volkswagen ');

INSERT INTO CHAUFFEUR(`CHFID`,`CHFNOM`,`CHFPRENOM`,`CHFTEL`,`CHFMAIL`) VALUES ('1410','Maury ','Capucine ','0607250367 ','Capucine.Maury@gmail.com');
INSERT INTO COMMUNE(`VILID`,`VILNOM`) VALUES ('10410','Fatouville-Grestain ');
INSERT INTO LIEU(`LIEUID`,`VILID`,`LIEUNOM`) VALUES ('5410','10410','nnerra');
INSERT INTO VEHICULE(`VEHIMMAT`,`VEHNOM`) VALUES ('PE343UB','Citroen ');

INSERT INTO CHAUFFEUR(`CHFID`,`CHFNOM`,`CHFPRENOM`,`CHFTEL`,`CHFMAIL`) VALUES ('1420','Dupuy ','Lamia ','0647212943 ','Lamia.Dupuy@gmail.com');
INSERT INTO COMMUNE(`VILID`,`VILNOM`) VALUES ('10420','Le Chay ');
INSERT INTO LIEU(`LIEUID`,`VILID`,`LIEUNOM`) VALUES ('5420','10420','bejoll');
INSERT INTO VEHICULE(`VEHIMMAT`,`VEHNOM`) VALUES ('EL416NE','Fiat ');

INSERT INTO CHAUFFEUR(`CHFID`,`CHFNOM`,`CHFPRENOM`,`CHFTEL`,`CHFMAIL`) VALUES ('1430','Martinez ','Justine ','0603494901 ','Justine.Martinez@gmail.com');
INSERT INTO COMMUNE(`VILID`,`VILNOM`) VALUES ('10430','Andelot-en-Montagne ');
INSERT INTO LIEU(`LIEUID`,`VILID`,`LIEUNOM`) VALUES ('5430','10430','dettocac');
INSERT INTO VEHICULE(`VEHIMMAT`,`VEHNOM`) VALUES ('PE961UN','Citroen ');

INSERT INTO CHAUFFEUR(`CHFID`,`CHFNOM`,`CHFPRENOM`,`CHFTEL`,`CHFMAIL`) VALUES ('1440','Dupond ','Guillemette ','0685054149 ','Guillemette.Dupond@gmail.com');
INSERT INTO COMMUNE(`VILID`,`VILNOM`) VALUES ('10440','Le Coudray-Montceaux ');
INSERT INTO LIEU(`LIEUID`,`VILID`,`LIEUNOM`) VALUES ('5440','10440','dabeta');
INSERT INTO VEHICULE(`VEHIMMAT`,`VEHNOM`) VALUES ('FK581UZ','Renault ');

INSERT INTO CHAUFFEUR(`CHFID`,`CHFNOM`,`CHFPRENOM`,`CHFTEL`,`CHFMAIL`) VALUES ('1450','Roy ','Hugo ','0665496505 ','Hugo.Roy@gmail.com');
INSERT INTO COMMUNE(`VILID`,`VILNOM`) VALUES ('10450','Saint-Jean-de-Gonville ');
INSERT INTO LIEU(`LIEUID`,`VILID`,`LIEUNOM`) VALUES ('5450','10450','xediwunum');
INSERT INTO VEHICULE(`VEHIMMAT`,`VEHNOM`) VALUES ('ST612NK','Fiat ');

INSERT INTO CHAUFFEUR(`CHFID`,`CHFNOM`,`CHFPRENOM`,`CHFTEL`,`CHFMAIL`) VALUES ('1460','Couturier ','Renaud ','0683072141 ','Renaud.Couturier@gmail.com');
INSERT INTO COMMUNE(`VILID`,`VILNOM`) VALUES ('10460','Vichères ');
INSERT INTO LIEU(`LIEUID`,`VILID`,`LIEUNOM`) VALUES ('5460','10460','vorirraw');
INSERT INTO VEHICULE(`VEHIMMAT`,`VEHNOM`) VALUES ('BI983WZ','Volkswagen ');

INSERT INTO CHAUFFEUR(`CHFID`,`CHFNOM`,`CHFPRENOM`,`CHFTEL`,`CHFMAIL`) VALUES ('1470','Lenoir ','Killian ','0607614965 ','Killian.Lenoir@gmail.com');
INSERT INTO COMMUNE(`VILID`,`VILNOM`) VALUES ('10470','Valbois ');
INSERT INTO LIEU(`LIEUID`,`VILID`,`LIEUNOM`) VALUES ('5470','10470','ppannekoq');
INSERT INTO VEHICULE(`VEHIMMAT`,`VEHNOM`) VALUES ('CX050VO','Peugeot ');

INSERT INTO CHAUFFEUR(`CHFID`,`CHFNOM`,`CHFPRENOM`,`CHFTEL`,`CHFMAIL`) VALUES ('1480','Etienne ','Martin ','0681694949 ','Martin.Etienne@gmail.com');
INSERT INTO COMMUNE(`VILID`,`VILNOM`) VALUES ('10480','Bragayrac ');
INSERT INTO LIEU(`LIEUID`,`VILID`,`LIEUNOM`) VALUES ('5480','10480','hilomm');
INSERT INTO VEHICULE(`VEHIMMAT`,`VEHNOM`) VALUES ('XK129OB','Volkswagen ');

INSERT INTO CHAUFFEUR(`CHFID`,`CHFNOM`,`CHFPRENOM`,`CHFTEL`,`CHFMAIL`) VALUES ('1490','Morvan ','Mattéo ','0647212585 ','Mattéo.Morvan@gmail.com');
INSERT INTO COMMUNE(`VILID`,`VILNOM`) VALUES ('10490','Saint-Pierremont ');
INSERT INTO LIEU(`LIEUID`,`VILID`,`LIEUNOM`) VALUES ('5490','10490','llodiddeddes');
INSERT INTO VEHICULE(`VEHIMMAT`,`VEHNOM`) VALUES ('CJ436BC','Renault ');

INSERT INTO CHAUFFEUR(`CHFID`,`CHFNOM`,`CHFPRENOM`,`CHFTEL`,`CHFMAIL`) VALUES ('1500','Louis ','Guillaume ','0625698581 ','Guillaume.Louis@gmail.com');
INSERT INTO COMMUNE(`VILID`,`VILNOM`) VALUES ('10500','Chauffayer ');
INSERT INTO LIEU(`LIEUID`,`VILID`,`LIEUNOM`) VALUES ('5500','10500','latappiffi');
INSERT INTO VEHICULE(`VEHIMMAT`,`VEHNOM`) VALUES ('QZ878NU','Peugeot ');

INSERT INTO CHAUFFEUR(`CHFID`,`CHFNOM`,`CHFPRENOM`,`CHFTEL`,`CHFMAIL`) VALUES ('1510','Rodriguez ','Grégory ','0665092307 ','Grégory.Rodriguez@gmail.com');
INSERT INTO COMMUNE(`VILID`,`VILNOM`) VALUES ('10510','Rougemontot ');
INSERT INTO LIEU(`LIEUID`,`VILID`,`LIEUNOM`) VALUES ('5510','10510','wevema');
INSERT INTO VEHICULE(`VEHIMMAT`,`VEHNOM`) VALUES ('QR672ZO','Volkswagen ');

INSERT INTO CHAUFFEUR(`CHFID`,`CHFNOM`,`CHFPRENOM`,`CHFTEL`,`CHFMAIL`) VALUES ('1520','Vaillant ','Félix ','0601894503 ','Félix.Vaillant@gmail.com');
INSERT INTO COMMUNE(`VILID`,`VILNOM`) VALUES ('10520','Coudekerque-Village ');
INSERT INTO LIEU(`LIEUID`,`VILID`,`LIEUNOM`) VALUES ('5520','10520','vacarr');
INSERT INTO VEHICULE(`VEHIMMAT`,`VEHNOM`) VALUES ('ZS529EN','Citroen ');

INSERT INTO CHAUFFEUR(`CHFID`,`CHFNOM`,`CHFPRENOM`,`CHFTEL`,`CHFMAIL`) VALUES ('1530','Vidal ','Rémi ','0623874789 ','Rémi.Vidal@gmail.com');
INSERT INTO COMMUNE(`VILID`,`VILNOM`) VALUES ('10530','Villers-Hélon ');
INSERT INTO LIEU(`LIEUID`,`VILID`,`LIEUNOM`) VALUES ('5530','10530','culi');
INSERT INTO VEHICULE(`VEHIMMAT`,`VEHNOM`) VALUES ('LA529ST','Renault ');

INSERT INTO CHAUFFEUR(`CHFID`,`CHFNOM`,`CHFPRENOM`,`CHFTEL`,`CHFMAIL`) VALUES ('1540','Lacombe ','Gilbert ','0601470529 ','Gilbert.Lacombe@gmail.com');
INSERT INTO COMMUNE(`VILID`,`VILNOM`) VALUES ('10540','La Chapelle-Biche ');
INSERT INTO LIEU(`LIEUID`,`VILID`,`LIEUNOM`) VALUES ('5540','10540','xaziw');
INSERT INTO VEHICULE(`VEHIMMAT`,`VEHNOM`) VALUES ('WN276LC','BMW ');

INSERT INTO CHAUFFEUR(`CHFID`,`CHFNOM`,`CHFPRENOM`,`CHFTEL`,`CHFMAIL`) VALUES ('1550','Gaudin ','Antonin ','0665092307 ','Antonin.Gaudin@gmail.com');
INSERT INTO COMMUNE(`VILID`,`VILNOM`) VALUES ('10550','Achicourt ');
INSERT INTO LIEU(`LIEUID`,`VILID`,`LIEUNOM`) VALUES ('5550','10550','tabedall');
INSERT INTO VEHICULE(`VEHIMMAT`,`VEHNOM`) VALUES ('JY567AX','Fiat ');

INSERT INTO CHAUFFEUR(`CHFID`,`CHFNOM`,`CHFPRENOM`,`CHFTEL`,`CHFMAIL`) VALUES ('1560','Tessier ','Nathalie ','0689614309 ','Nathalie.Tessier@gmail.com');
INSERT INTO COMMUNE(`VILID`,`VILNOM`) VALUES ('10560','Glux-en-Glenne ');
INSERT INTO LIEU(`LIEUID`,`VILID`,`LIEUNOM`) VALUES ('5560','10560','ppeje');
INSERT INTO VEHICULE(`VEHIMMAT`,`VEHNOM`) VALUES ('PE181CD','Opel');

INSERT INTO CHAUFFEUR(`CHFID`,`CHFNOM`,`CHFPRENOM`,`CHFTEL`,`CHFMAIL`) VALUES ('1570','Pons ','Valentin ','0687816783 ','Valentin.Pons@gmail.com');
INSERT INTO COMMUNE(`VILID`,`VILNOM`) VALUES ('10570','Aulos ');
INSERT INTO LIEU(`LIEUID`,`VILID`,`LIEUNOM`) VALUES ('5570','10570','sohinywamm');
INSERT INTO VEHICULE(`VEHIMMAT`,`VEHNOM`) VALUES ('CL216HM','Opel');

INSERT INTO CHAUFFEUR(`CHFID`,`CHFNOM`,`CHFPRENOM`,`CHFTEL`,`CHFMAIL`) VALUES ('1580','Blanchard ','Alicia ','0607614965 ','Alicia.Blanchard@gmail.com');
INSERT INTO COMMUNE(`VILID`,`VILNOM`) VALUES ('10580','Limours ');
INSERT INTO LIEU(`LIEUID`,`VILID`,`LIEUNOM`) VALUES ('5580','10580','foddem');
INSERT INTO VEHICULE(`VEHIMMAT`,`VEHNOM`) VALUES ('FU923UN','Ford ');

INSERT INTO CHAUFFEUR(`CHFID`,`CHFNOM`,`CHFPRENOM`,`CHFTEL`,`CHFMAIL`) VALUES ('1590','Maillard ','Alexis ','0685874383 ','Alexis.Maillard@gmail.com');
INSERT INTO COMMUNE(`VILID`,`VILNOM`) VALUES ('10590','Seychalles ');
INSERT INTO LIEU(`LIEUID`,`VILID`,`LIEUNOM`) VALUES ('5590','10590','ffosatevom');
INSERT INTO VEHICULE(`VEHIMMAT`,`VEHNOM`) VALUES ('IX078HK','Peugeot ');

INSERT INTO CHAUFFEUR(`CHFID`,`CHFNOM`,`CHFPRENOM`,`CHFTEL`,`CHFMAIL`) VALUES ('1600','Dupond ','Noë ','0647694167 ','Noë.Dupond@gmail.com');
INSERT INTO COMMUNE(`VILID`,`VILNOM`) VALUES ('10600','Piano ');
INSERT INTO LIEU(`LIEUID`,`VILID`,`LIEUNOM`) VALUES ('5600','10600','mynnigaddi');
INSERT INTO VEHICULE(`VEHIMMAT`,`VEHNOM`) VALUES ('IV076FM','Renault ');

INSERT INTO CHAUFFEUR(`CHFID`,`CHFNOM`,`CHFPRENOM`,`CHFTEL`,`CHFMAIL`) VALUES ('1610','Gaudin ','Éloïse ','0601470529 ','Éloïse.Gaudin@gmail.com');
INSERT INTO COMMUNE(`VILID`,`VILNOM`) VALUES ('10610','Ippécourt ');
INSERT INTO LIEU(`LIEUID`,`VILID`,`LIEUNOM`) VALUES ('5610','10610','daqufyg');
INSERT INTO VEHICULE(`VEHIMMAT`,`VEHNOM`) VALUES ('BW547IN','Citroen ');

INSERT INTO CHAUFFEUR(`CHFID`,`CHFNOM`,`CHFPRENOM`,`CHFTEL`,`CHFMAIL`) VALUES ('1620','Fontaine ','Amaury ','0641818385 ','Amaury.Fontaine@gmail.com');
INSERT INTO COMMUNE(`VILID`,`VILNOM`) VALUES ('10620','Neuilly-en-Sancerre ');
INSERT INTO LIEU(`LIEUID`,`VILID`,`LIEUNOM`) VALUES ('5620','10620','ppudduqeddo');
INSERT INTO VEHICULE(`VEHIMMAT`,`VEHNOM`) VALUES ('LS725WZ','Renault ');

INSERT INTO CHAUFFEUR(`CHFID`,`CHFNOM`,`CHFPRENOM`,`CHFTEL`,`CHFMAIL`) VALUES ('1630','Monnier ','Jules ','0601812327 ','Jules.Monnier@gmail.com');
INSERT INTO COMMUNE(`VILID`,`VILNOM`) VALUES ('10630','Longwy-sur-le-Doubs ');
INSERT INTO LIEU(`LIEUID`,`VILID`,`LIEUNOM`) VALUES ('5630','10630','jijudu');
INSERT INTO VEHICULE(`VEHIMMAT`,`VEHNOM`) VALUES ('DK109MH','Volkswagen ');

INSERT INTO CHAUFFEUR(`CHFID`,`CHFNOM`,`CHFPRENOM`,`CHFTEL`,`CHFMAIL`) VALUES ('1640','Coste ','Alban','0667096187 ','Alban.Coste@gmail.com');
INSERT INTO COMMUNE(`VILID`,`VILNOM`) VALUES ('10640','Bussy-le-Grand ');
INSERT INTO LIEU(`LIEUID`,`VILID`,`LIEUNOM`) VALUES ('5640','10640','sijissessy');
INSERT INTO VEHICULE(`VEHIMMAT`,`VEHNOM`) VALUES ('PI305WL','BMW ');

INSERT INTO CHAUFFEUR(`CHFID`,`CHFNOM`,`CHFPRENOM`,`CHFTEL`,`CHFMAIL`) VALUES ('1650','Thomas ','Diego ','0607898581 ','Diego.Thomas@gmail.com');
INSERT INTO COMMUNE(`VILID`,`VILNOM`) VALUES ('10650','Drubec ');
INSERT INTO LIEU(`LIEUID`,`VILID`,`LIEUNOM`) VALUES ('5650','10650','ffanuffo');
INSERT INTO VEHICULE(`VEHIMMAT`,`VEHNOM`) VALUES ('VU781CV','Citroen ');

INSERT INTO CHAUFFEUR(`CHFID`,`CHFNOM`,`CHFPRENOM`,`CHFTEL`,`CHFMAIL`) VALUES ('1660','Dupuis ','Anthony ','0625698581 ','Anthony.Dupuis@gmail.com');
INSERT INTO COMMUNE(`VILID`,`VILNOM`) VALUES ('10660','Plounérin ');
INSERT INTO LIEU(`LIEUID`,`VILID`,`LIEUNOM`) VALUES ('5660','10660','xattupav');
INSERT INTO VEHICULE(`VEHIMMAT`,`VEHNOM`) VALUES ('GL298NS','Ford ');

INSERT INTO CHAUFFEUR(`CHFID`,`CHFNOM`,`CHFPRENOM`,`CHFTEL`,`CHFMAIL`) VALUES ('1670','Gonzalez ','Victor ','0665850981 ','Victor.Gonzalez@gmail.com');
INSERT INTO COMMUNE(`VILID`,`VILNOM`) VALUES ('10670','Pange ');
INSERT INTO LIEU(`LIEUID`,`VILID`,`LIEUNOM`) VALUES ('5670','10670','lusol');
INSERT INTO VEHICULE(`VEHIMMAT`,`VEHNOM`) VALUES ('FO569YZ','Fiat ');

INSERT INTO CHAUFFEUR(`CHFID`,`CHFNOM`,`CHFPRENOM`,`CHFTEL`,`CHFMAIL`) VALUES ('1680','Guillou ','Renaud ','0683872161 ','Renaud.Guillou@gmail.com');
INSERT INTO COMMUNE(`VILID`,`VILNOM`) VALUES ('10680','Ogy ');
INSERT INTO LIEU(`LIEUID`,`VILID`,`LIEUNOM`) VALUES ('5680','10680','qivofote');
INSERT INTO VEHICULE(`VEHIMMAT`,`VEHNOM`) VALUES ('TC729UD','Renault ');

INSERT INTO CHAUFFEUR(`CHFID`,`CHFNOM`,`CHFPRENOM`,`CHFTEL`,`CHFMAIL`) VALUES ('1690','Alexandre ','Killian ','0645616129 ','Killian.Alexandre@gmail.com');
INSERT INTO COMMUNE(`VILID`,`VILNOM`) VALUES ('10690','Louvaines ');
INSERT INTO LIEU(`LIEUID`,`VILID`,`LIEUNOM`) VALUES ('5690','10690','kinaki');
INSERT INTO VEHICULE(`VEHIMMAT`,`VEHNOM`) VALUES ('DU929SH','Citroen ');

INSERT INTO CHAUFFEUR(`CHFID`,`CHFNOM`,`CHFPRENOM`,`CHFTEL`,`CHFMAIL`) VALUES ('1700','Le roux ','Lilian ','0641818385 ','Lilian.Le roux@gmail.com');
INSERT INTO COMMUNE(`VILID`,`VILNOM`) VALUES ('10700','Marliac ');
INSERT INTO LIEU(`LIEUID`,`VILID`,`LIEUNOM`) VALUES ('5700','10700','sommeddylliw');
INSERT INTO VEHICULE(`VEHIMMAT`,`VEHNOM`) VALUES ('CJ094HE','Volkswagen ');

INSERT INTO CHAUFFEUR(`CHFID`,`CHFNOM`,`CHFPRENOM`,`CHFTEL`,`CHFMAIL`) VALUES ('1710','Blanchard ','Victor ','0683878723 ','Victor.Blanchard@gmail.com');
INSERT INTO COMMUNE(`VILID`,`VILNOM`) VALUES ('10710','Mazerulles ');
INSERT INTO LIEU(`LIEUID`,`VILID`,`LIEUNOM`) VALUES ('5710','10710','ginynn');
INSERT INTO VEHICULE(`VEHIMMAT`,`VEHNOM`) VALUES ('VM369GD','Fiat ');

INSERT INTO CHAUFFEUR(`CHFID`,`CHFNOM`,`CHFPRENOM`,`CHFTEL`,`CHFMAIL`) VALUES ('1720','Dumont ','Titouan ','0647694167 ','Titouan.Dumont@gmail.com');
INSERT INTO COMMUNE(`VILID`,`VILNOM`) VALUES ('10720','La Ferté-Saint-Cyr ');
INSERT INTO LIEU(`LIEUID`,`VILID`,`LIEUNOM`) VALUES ('5720','10720','kymmuvubu');
INSERT INTO VEHICULE(`VEHIMMAT`,`VEHNOM`) VALUES ('ZO901YR','Volkswagen ');

INSERT INTO CHAUFFEUR(`CHFID`,`CHFNOM`,`CHFPRENOM`,`CHFTEL`,`CHFMAIL`) VALUES ('1730','Bigot ','Constant ','0687816783 ','Constant.Bigot@gmail.com');
INSERT INTO COMMUNE(`VILID`,`VILNOM`) VALUES ('10730','Montigny-lès-Arsures ');
INSERT INTO LIEU(`LIEUID`,`VILID`,`LIEUNOM`) VALUES ('5730','10730','feppycylag');
INSERT INTO VEHICULE(`VEHIMMAT`,`VEHNOM`) VALUES ('MB834LE','Peugeot ');

INSERT INTO CHAUFFEUR(`CHFID`,`CHFNOM`,`CHFPRENOM`,`CHFTEL`,`CHFMAIL`) VALUES ('1740','Jean ','Benjamin ','0685636581 ','Benjamin.Jean@gmail.com');
INSERT INTO COMMUNE(`VILID`,`VILNOM`) VALUES ('10740','Sailly-Flibeaucourt ');
INSERT INTO LIEU(`LIEUID`,`VILID`,`LIEUNOM`) VALUES ('5740','10740','jyteserru');
INSERT INTO VEHICULE(`VEHIMMAT`,`VEHNOM`) VALUES ('WX672TG','Fiat ');

INSERT INTO CHAUFFEUR(`CHFID`,`CHFNOM`,`CHFPRENOM`,`CHFTEL`,`CHFMAIL`) VALUES ('1750','Brunet ','Dorian ','0667478583 ','Dorian.Brunet@gmail.com');
INSERT INTO COMMUNE(`VILID`,`VILNOM`) VALUES ('10750','Neuville-sur-Margival ');
INSERT INTO LIEU(`LIEUID`,`VILID`,`LIEUNOM`) VALUES ('5750','10750','mmettetyllaf');
INSERT INTO VEHICULE(`VEHIMMAT`,`VEHNOM`) VALUES ('RA189SX','BMW ');

INSERT INTO CHAUFFEUR(`CHFID`,`CHFNOM`,`CHFPRENOM`,`CHFTEL`,`CHFMAIL`) VALUES ('1760','Dufour ','Jérémy ','0685874383 ','Jérémy.Dufour@gmail.com');
INSERT INTO COMMUNE(`VILID`,`VILNOM`) VALUES ('10760','Messanges ');
INSERT INTO LIEU(`LIEUID`,`VILID`,`LIEUNOM`) VALUES ('5760','10760','rreme');
INSERT INTO VEHICULE(`VEHIMMAT`,`VEHNOM`) VALUES ('BA723UT','Ford ');

INSERT INTO CHAUFFEUR(`CHFID`,`CHFNOM`,`CHFPRENOM`,`CHFTEL`,`CHFMAIL`) VALUES ('1770','Gonçalves ','Martin ','0647212943 ','Martin.Gonçalves@gmail.com');
INSERT INTO COMMUNE(`VILID`,`VILNOM`) VALUES ('10770','Olmi-Cappella ');
INSERT INTO LIEU(`LIEUID`,`VILID`,`LIEUNOM`) VALUES ('5770','10770','xussajocy');
INSERT INTO VEHICULE(`VEHIMMAT`,`VEHNOM`) VALUES ('PI903IZ','Peugeot ');

INSERT INTO CHAUFFEUR(`CHFID`,`CHFNOM`,`CHFPRENOM`,`CHFTEL`,`CHFMAIL`) VALUES ('1780','Lesage ','Mohamed ','0687412529 ','Mohamed.Lesage@gmail.com');
INSERT INTO COMMUNE(`VILID`,`VILNOM`) VALUES ('10780','Maîche ');
INSERT INTO LIEU(`LIEUID`,`VILID`,`LIEUNOM`) VALUES ('5780','10780','pasicug');
INSERT INTO VEHICULE(`VEHIMMAT`,`VEHNOM`) VALUES ('OZ874PG','Opel');

INSERT INTO CHAUFFEUR(`CHFID`,`CHFNOM`,`CHFPRENOM`,`CHFTEL`,`CHFMAIL`) VALUES ('1790','Ferreira ','Juliette ','0625638901 ','Juliette.Ferreira@gmail.com');
INSERT INTO COMMUNE(`VILID`,`VILNOM`) VALUES ('10790','Saint-Mathieu-de-Tréviers ');
INSERT INTO LIEU(`LIEUID`,`VILID`,`LIEUNOM`) VALUES ('5790','10790','dizenuduq');
INSERT INTO VEHICULE(`VEHIMMAT`,`VEHNOM`) VALUES ('ZY781AD','Opel');

INSERT INTO CHAUFFEUR(`CHFID`,`CHFNOM`,`CHFPRENOM`,`CHFTEL`,`CHFMAIL`) VALUES ('1800','Breton ','Maxime ','0663476341 ','Maxime.Breton@gmail.com');
INSERT INTO COMMUNE(`VILID`,`VILNOM`) VALUES ('10800','Gigors ');
INSERT INTO LIEU(`LIEUID`,`VILID`,`LIEUNOM`) VALUES ('5800','10800','pewejittet');
INSERT INTO VEHICULE(`VEHIMMAT`,`VEHNOM`) VALUES ('SZ236NS','Opel');

INSERT INTO CHAUFFEUR(`CHFID`,`CHFNOM`,`CHFPRENOM`,`CHFTEL`,`CHFMAIL`) VALUES ('1810','Bertin ','Jeanne ','0645298725 ','Jeanne.Bertin@gmail.com');
INSERT INTO COMMUNE(`VILID`,`VILNOM`) VALUES ('10810','Sentenac-d\'Oust ');
INSERT INTO LIEU(`LIEUID`,`VILID`,`LIEUNOM`) VALUES ('5810','10810','ffetuff');
INSERT INTO VEHICULE(`VEHIMMAT`,`VEHNOM`) VALUES ('VM501EP','Peugeot ');

INSERT INTO CHAUFFEUR(`CHFID`,`CHFNOM`,`CHFPRENOM`,`CHFTEL`,`CHFMAIL`) VALUES ('1820','Guillon ','Gaspard ','0665496505 ','Gaspard.Guillon@gmail.com');
INSERT INTO COMMUNE(`VILID`,`VILNOM`) VALUES ('10820','Maillet ');
INSERT INTO LIEU(`LIEUID`,`VILID`,`LIEUNOM`) VALUES ('5820','10820','cugupp');
INSERT INTO VEHICULE(`VEHIMMAT`,`VEHNOM`) VALUES ('SF054HW','Fiat ');

INSERT INTO CHAUFFEUR(`CHFID`,`CHFNOM`,`CHFPRENOM`,`CHFTEL`,`CHFMAIL`) VALUES ('1830','Etienne ','Valérie','0665850981 ','Valérie.Etienne@gmail.com');
INSERT INTO COMMUNE(`VILID`,`VILNOM`) VALUES ('10830','Matha ');
INSERT INTO LIEU(`LIEUID`,`VILID`,`LIEUNOM`) VALUES ('5830','10830','rryqec');
INSERT INTO VEHICULE(`VEHIMMAT`,`VEHNOM`) VALUES ('ZM367CD','Citroen ');

INSERT INTO CHAUFFEUR(`CHFID`,`CHFNOM`,`CHFPRENOM`,`CHFTEL`,`CHFMAIL`) VALUES ('1840','Allain ','Yanis ','0607058927 ','Yanis.Allain@gmail.com');
INSERT INTO COMMUNE(`VILID`,`VILNOM`) VALUES ('10840','Lussat ');
INSERT INTO LIEU(`LIEUID`,`VILID`,`LIEUNOM`) VALUES ('5840','10840','ffykatti');
INSERT INTO VEHICULE(`VEHIMMAT`,`VEHNOM`) VALUES ('TK305WV','Fiat ');

INSERT INTO CHAUFFEUR(`CHFID`,`CHFNOM`,`CHFPRENOM`,`CHFTEL`,`CHFMAIL`) VALUES ('1850','Chevalier ','Jérémy ','0603032301 ','Jérémy.Chevalier@gmail.com');
INSERT INTO COMMUNE(`VILID`,`VILNOM`) VALUES ('10850','Suhescun ');
INSERT INTO LIEU(`LIEUID`,`VILID`,`LIEUNOM`) VALUES ('5850','10850','tillu');
INSERT INTO VEHICULE(`VEHIMMAT`,`VEHNOM`) VALUES ('VW121OD','Opel');

INSERT INTO CHAUFFEUR(`CHFID`,`CHFNOM`,`CHFPRENOM`,`CHFTEL`,`CHFMAIL`) VALUES ('1860','Barbe ','Dylan ','0689438129 ','Dylan.Barbe@gmail.com');
INSERT INTO COMMUNE(`VILID`,`VILNOM`) VALUES ('10860','Frouard ');
INSERT INTO LIEU(`LIEUID`,`VILID`,`LIEUNOM`) VALUES ('5860','10860','nekerrase');
INSERT INTO VEHICULE(`VEHIMMAT`,`VEHNOM`) VALUES ('XQ769QH','Renault ');

INSERT INTO CHAUFFEUR(`CHFID`,`CHFNOM`,`CHFPRENOM`,`CHFTEL`,`CHFMAIL`) VALUES ('1870','Briand ','Bastien ','0667834147 ','Bastien.Briand@gmail.com');
INSERT INTO COMMUNE(`VILID`,`VILNOM`) VALUES ('10870','Lubilhac ');
INSERT INTO LIEU(`LIEUID`,`VILID`,`LIEUNOM`) VALUES ('5870','10870','ttusud');
INSERT INTO VEHICULE(`VEHIMMAT`,`VEHNOM`) VALUES ('UP058VI','Citroen ');

INSERT INTO CHAUFFEUR(`CHFID`,`CHFNOM`,`CHFPRENOM`,`CHFTEL`,`CHFMAIL`) VALUES ('1880','Hernandez ','Zacharis ','0663690789 ','Zacharis.Hernandez@gmail.com');
INSERT INTO COMMUNE(`VILID`,`VILNOM`) VALUES ('10880','Douchy ');
INSERT INTO LIEU(`LIEUID`,`VILID`,`LIEUNOM`) VALUES ('5880','10880','deputinnep');
INSERT INTO VEHICULE(`VEHIMMAT`,`VEHNOM`) VALUES ('PC969SB','Peugeot ');

INSERT INTO CHAUFFEUR(`CHFID`,`CHFNOM`,`CHFPRENOM`,`CHFTEL`,`CHFMAIL`) VALUES ('1890','Barbe ','Mathis ','0641896583 ','Mathis.Barbe@gmail.com');
INSERT INTO COMMUNE(`VILID`,`VILNOM`) VALUES ('10890','Saint-Léger-de-Balson ');
INSERT INTO LIEU(`LIEUID`,`VILID`,`LIEUNOM`) VALUES ('5890','10890','nnakyno');
INSERT INTO VEHICULE(`VEHIMMAT`,`VEHNOM`) VALUES ('DO147OD','Citroen ');

INSERT INTO CHAUFFEUR(`CHFID`,`CHFNOM`,`CHFPRENOM`,`CHFTEL`,`CHFMAIL`) VALUES ('1900','Humbert ','Lilian ','0689094347 ','Lilian.Humbert@gmail.com');
INSERT INTO COMMUNE(`VILID`,`VILNOM`) VALUES ('10900','Reclinghem ');
INSERT INTO LIEU(`LIEUID`,`VILID`,`LIEUNOM`) VALUES ('5900','10900','llawalurr');
INSERT INTO VEHICULE(`VEHIMMAT`,`VEHNOM`) VALUES ('GB010BC','Renault ');

INSERT INTO CHAUFFEUR(`CHFID`,`CHFNOM`,`CHFPRENOM`,`CHFTEL`,`CHFMAIL`) VALUES ('1910','Besnard ','Anthony ','0607058927 ','Anthony.Besnard@gmail.com');
INSERT INTO COMMUNE(`VILID`,`VILNOM`) VALUES ('10910','Saint-Vallier-de-Thiey ');
INSERT INTO LIEU(`LIEUID`,`VILID`,`LIEUNOM`) VALUES ('5910','10910','pammiruw');
INSERT INTO VEHICULE(`VEHIMMAT`,`VEHNOM`) VALUES ('LS743EZ','Peugeot ');

INSERT INTO CHAUFFEUR(`CHFID`,`CHFNOM`,`CHFPRENOM`,`CHFTEL`,`CHFMAIL`) VALUES ('1920','Chevalier ','Fanny ','0605474541 ','Fanny.Chevalier@gmail.com');
INSERT INTO COMMUNE(`VILID`,`VILNOM`) VALUES ('10920','Uxelles ');
INSERT INTO LIEU(`LIEUID`,`VILID`,`LIEUNOM`) VALUES ('5920','10920','zimmillyl');
INSERT INTO VEHICULE(`VEHIMMAT`,`VEHNOM`) VALUES ('AB494ZG','Renault ');

INSERT INTO CHAUFFEUR(`CHFID`,`CHFNOM`,`CHFPRENOM`,`CHFTEL`,`CHFMAIL`) VALUES ('1930','Weber ','Élisa ','0627218705 ','Élisa.Weber@gmail.com');
INSERT INTO COMMUNE(`VILID`,`VILNOM`) VALUES ('10930','Le Cellier ');
INSERT INTO LIEU(`LIEUID`,`VILID`,`LIEUNOM`) VALUES ('5930','10930','rriqo');
INSERT INTO VEHICULE(`VEHIMMAT`,`VEHNOM`) VALUES ('CF894RS','Ford ');

INSERT INTO CHAUFFEUR(`CHFID`,`CHFNOM`,`CHFPRENOM`,`CHFTEL`,`CHFMAIL`) VALUES ('1940','Dufour ','Mohamed ','0649812967 ','Mohamed.Dufour@gmail.com');
INSERT INTO COMMUNE(`VILID`,`VILNOM`) VALUES ('10940','Issepts ');
INSERT INTO LIEU(`LIEUID`,`VILID`,`LIEUNOM`) VALUES ('5940','10940','xegojaff');
INSERT INTO VEHICULE(`VEHIMMAT`,`VEHNOM`) VALUES ('XG303GZ','Volkswagen ');

INSERT INTO CHAUFFEUR(`CHFID`,`CHFNOM`,`CHFPRENOM`,`CHFTEL`,`CHFMAIL`) VALUES ('1950','Guyot ','Simon ','0685636581 ','Simon.Guyot@gmail.com');
INSERT INTO COMMUNE(`VILID`,`VILNOM`) VALUES ('10950','Allemant ');
INSERT INTO LIEU(`LIEUID`,`VILID`,`LIEUNOM`) VALUES ('5950','10950','hyqe');
INSERT INTO VEHICULE(`VEHIMMAT`,`VEHNOM`) VALUES ('TA729YH','Renault ');

INSERT INTO CHAUFFEUR(`CHFID`,`CHFNOM`,`CHFPRENOM`,`CHFTEL`,`CHFMAIL`) VALUES ('1960','Gomez ','Killian ','0603216743 ','Killian.Gomez@gmail.com');
INSERT INTO COMMUNE(`VILID`,`VILNOM`) VALUES ('10960','Tour-en-Bessin ');
INSERT INTO LIEU(`LIEUID`,`VILID`,`LIEUNOM`) VALUES ('5960','10960','ttavizottu');
INSERT INTO VEHICULE(`VEHIMMAT`,`VEHNOM`) VALUES ('PG983UP','Peugeot ');

INSERT INTO CHAUFFEUR(`CHFID`,`CHFNOM`,`CHFPRENOM`,`CHFTEL`,`CHFMAIL`) VALUES ('1970','Boyer ','Tom ','0629078325 ','Tom.Boyer@gmail.com');
INSERT INTO COMMUNE(`VILID`,`VILNOM`) VALUES ('10970','Vero ');
INSERT INTO LIEU(`LIEUID`,`VILID`,`LIEUNOM`) VALUES ('5970','10970','folluppomirr');
INSERT INTO VEHICULE(`VEHIMMAT`,`VEHNOM`) VALUES ('YV452RQ','Peugeot ');

INSERT INTO CHAUFFEUR(`CHFID`,`CHFNOM`,`CHFPRENOM`,`CHFTEL`,`CHFMAIL`) VALUES ('1980','Chauvin ','Cédric ','0681670345 ','Cédric.Chauvin@gmail.com');
INSERT INTO COMMUNE(`VILID`,`VILNOM`) VALUES ('10980','Denting ');
INSERT INTO LIEU(`LIEUID`,`VILID`,`LIEUNOM`) VALUES ('5980','10980','ffullywom');
INSERT INTO VEHICULE(`VEHIMMAT`,`VEHNOM`) VALUES ('RG301WT','Ford ');

INSERT INTO CHAUFFEUR(`CHFID`,`CHFNOM`,`CHFPRENOM`,`CHFTEL`,`CHFMAIL`) VALUES ('1990','Mallet ','Syrine ','0667478583 ','Syrine.Mallet@gmail.com');
INSERT INTO COMMUNE(`VILID`,`VILNOM`) VALUES ('10990','Marguestau ');
INSERT INTO LIEU(`LIEUID`,`VILID`,`LIEUNOM`) VALUES ('5990','10990','ffasinaddo');
INSERT INTO VEHICULE(`VEHIMMAT`,`VEHNOM`) VALUES ('NS501QT','Citroen ');

INSERT INTO CHAUFFEUR(`CHFID`,`CHFNOM`,`CHFPRENOM`,`CHFTEL`,`CHFMAIL`) VALUES ('2000','Rousseau ','Mattéo ','0661850585 ','Mattéo.Rousseau@gmail.com');
INSERT INTO COMMUNE(`VILID`,`VILNOM`) VALUES ('11000','Le Pertre ');
INSERT INTO LIEU(`LIEUID`,`VILID`,`LIEUNOM`) VALUES ('6000','11000','rippuse');
INSERT INTO VEHICULE(`VEHIMMAT`,`VEHNOM`) VALUES ('XW701ON','Fiat ');

INSERT INTO CHAUFFEUR(`CHFID`,`CHFNOM`,`CHFPRENOM`,`CHFTEL`,`CHFMAIL`) VALUES ('2010','Tran ','Marwane ','0629872569 ','Marwane.Tran@gmail.com');
INSERT INTO COMMUNE(`VILID`,`VILNOM`) VALUES ('11010','Belverne ');
INSERT INTO LIEU(`LIEUID`,`VILID`,`LIEUNOM`) VALUES ('6010','11010','vynna');
INSERT INTO VEHICULE(`VEHIMMAT`,`VEHNOM`) VALUES ('XG905CP','Opel');

INSERT INTO CHAUFFEUR(`CHFID`,`CHFNOM`,`CHFPRENOM`,`CHFTEL`,`CHFMAIL`) VALUES ('2020','Lambert ','Anthony ','0603412989 ','Anthony.Lambert@gmail.com');
INSERT INTO COMMUNE(`VILID`,`VILNOM`) VALUES ('11020','Bourdonné ');
INSERT INTO LIEU(`LIEUID`,`VILID`,`LIEUNOM`) VALUES ('6020','11020','tojyqa');
INSERT INTO VEHICULE(`VEHIMMAT`,`VEHNOM`) VALUES ('DK307IT','BMW ');

INSERT INTO CHAUFFEUR(`CHFID`,`CHFNOM`,`CHFPRENOM`,`CHFTEL`,`CHFMAIL`) VALUES ('2030','Roche ','Davy ','0683490385 ','Davy.Roche@gmail.com');
INSERT INTO COMMUNE(`VILID`,`VILNOM`) VALUES ('11030','Plazac ');
INSERT INTO LIEU(`LIEUID`,`VILID`,`LIEUNOM`) VALUES ('6030','11030','ffejogoxun');
INSERT INTO VEHICULE(`VEHIMMAT`,`VEHNOM`) VALUES ('CJ470DU','Ford ');

INSERT INTO CHAUFFEUR(`CHFID`,`CHFNOM`,`CHFPRENOM`,`CHFTEL`,`CHFMAIL`) VALUES ('2040','Marchal ','Dimitri ','0605474541 ','Dimitri.Marchal@gmail.com');
INSERT INTO COMMUNE(`VILID`,`VILNOM`) VALUES ('11040','Bouillante ');
INSERT INTO LIEU(`LIEUID`,`VILID`,`LIEUNOM`) VALUES ('6040','11040','rabaxeppedd');
INSERT INTO VEHICULE(`VEHIMMAT`,`VEHNOM`) VALUES ('RS703EL','Fiat ');

INSERT INTO CHAUFFEUR(`CHFID`,`CHFNOM`,`CHFPRENOM`,`CHFTEL`,`CHFMAIL`) VALUES ('2050','Da silva ','Tristan ','0665850981 ','Tristan.Da silva@gmail.com');
INSERT INTO COMMUNE(`VILID`,`VILNOM`) VALUES ('11050','Marines ');
INSERT INTO LIEU(`LIEUID`,`VILID`,`LIEUNOM`) VALUES ('6050','11050','wovoddixe');
INSERT INTO VEHICULE(`VEHIMMAT`,`VEHNOM`) VALUES ('LY545QR','Citroen ');

INSERT INTO CHAUFFEUR(`CHFID`,`CHFNOM`,`CHFPRENOM`,`CHFTEL`,`CHFMAIL`) VALUES ('2060','Fischer ','Mathis ','0607058927 ','Mathis.Fischer@gmail.com');
INSERT INTO COMMUNE(`VILID`,`VILNOM`) VALUES ('11060','Éloyes ');
INSERT INTO LIEU(`LIEUID`,`VILID`,`LIEUNOM`) VALUES ('6060','11060','pemimili');
INSERT INTO VEHICULE(`VEHIMMAT`,`VEHNOM`) VALUES ('VW747ST','Opel');

INSERT INTO CHAUFFEUR(`CHFID`,`CHFNOM`,`CHFPRENOM`,`CHFTEL`,`CHFMAIL`) VALUES ('2070','Breton ','Benjamin ','0603298747 ','Benjamin.Breton@gmail.com');
INSERT INTO COMMUNE(`VILID`,`VILNOM`) VALUES ('11070','Apatou ');
INSERT INTO LIEU(`LIEUID`,`VILID`,`LIEUNOM`) VALUES ('6070','11070','fusaqi');
INSERT INTO VEHICULE(`VEHIMMAT`,`VEHNOM`) VALUES ('FM541SJ','Opel');

INSERT INTO CHAUFFEUR(`CHFID`,`CHFNOM`,`CHFPRENOM`,`CHFTEL`,`CHFMAIL`) VALUES ('2080','Duval ','Jordan ','0683490385 ','Jordan.Duval@gmail.com');
INSERT INTO COMMUNE(`VILID`,`VILNOM`) VALUES ('11080','Poitiers ');
INSERT INTO LIEU(`LIEUID`,`VILID`,`LIEUNOM`) VALUES ('6080','11080','rukoco');
INSERT INTO VEHICULE(`VEHIMMAT`,`VEHNOM`) VALUES ('ZK569ST','Opel');

INSERT INTO CHAUFFEUR(`CHFID`,`CHFNOM`,`CHFPRENOM`,`CHFTEL`,`CHFMAIL`) VALUES ('2090','Philippe ','Lorenzo ','0629872569 ','Lorenzo.Philippe@gmail.com');
INSERT INTO COMMUNE(`VILID`,`VILNOM`) VALUES ('11090','Fourcès ');
INSERT INTO LIEU(`LIEUID`,`VILID`,`LIEUNOM`) VALUES ('6090','11090','hehosomm');
INSERT INTO VEHICULE(`VEHIMMAT`,`VEHNOM`) VALUES ('QL478DK','Opel');

INSERT INTO CHAUFFEUR(`CHFID`,`CHFNOM`,`CHFPRENOM`,`CHFTEL`,`CHFMAIL`) VALUES ('2100','Barbe ','Léon ','0625090787 ','Léon.Barbe@gmail.com');
INSERT INTO COMMUNE(`VILID`,`VILNOM`) VALUES ('11100','Orion ');
INSERT INTO LIEU(`LIEUID`,`VILID`,`LIEUNOM`) VALUES ('6100','11100','heqosatt');
INSERT INTO VEHICULE(`VEHIMMAT`,`VEHNOM`) VALUES ('NQ767QH','Citroen ');

INSERT INTO CHAUFFEUR(`CHFID`,`CHFNOM`,`CHFPRENOM`,`CHFTEL`,`CHFMAIL`) VALUES ('2110','Aubert ','Grégory ','0603494901 ','Grégory.Aubert@gmail.com');
INSERT INTO COMMUNE(`VILID`,`VILNOM`) VALUES ('11110','Montsec ');
INSERT INTO LIEU(`LIEUID`,`VILID`,`LIEUNOM`) VALUES ('6110','11110','ponne');
INSERT INTO VEHICULE(`VEHIMMAT`,`VEHNOM`) VALUES ('FI707SB','Renault ');

INSERT INTO CHAUFFEUR(`CHFID`,`CHFNOM`,`CHFPRENOM`,`CHFTEL`,`CHFMAIL`) VALUES ('2120','Perret ','Lou ','0687816783 ','Lou.Perret@gmail.com');
INSERT INTO COMMUNE(`VILID`,`VILNOM`) VALUES ('11120','Béhagnies ');
INSERT INTO LIEU(`LIEUID`,`VILID`,`LIEUNOM`) VALUES ('6120','11120','ripippiqeh');
INSERT INTO VEHICULE(`VEHIMMAT`,`VEHNOM`) VALUES ('UL832BW','BMW ');

INSERT INTO CHAUFFEUR(`CHFID`,`CHFNOM`,`CHFPRENOM`,`CHFTEL`,`CHFMAIL`) VALUES ('2130','Bernard ','Lucie ','0663252121 ','Lucie.Bernard@gmail.com');
INSERT INTO COMMUNE(`VILID`,`VILNOM`) VALUES ('11130','Baigneaux ');
INSERT INTO LIEU(`LIEUID`,`VILID`,`LIEUNOM`) VALUES ('6130','11130','nnalarroddak');
INSERT INTO VEHICULE(`VEHIMMAT`,`VEHNOM`) VALUES ('BI723MN','BMW ');

INSERT INTO CHAUFFEUR(`CHFID`,`CHFNOM`,`CHFPRENOM`,`CHFTEL`,`CHFMAIL`) VALUES ('2140','Gauthier ','Angelina ','0607832509 ','Angelina.Gauthier@gmail.com');
INSERT INTO COMMUNE(`VILID`,`VILNOM`) VALUES ('11140','Moirax ');
INSERT INTO LIEU(`LIEUID`,`VILID`,`LIEUNOM`) VALUES ('6140','11140','neddidaj');
INSERT INTO VEHICULE(`VEHIMMAT`,`VEHNOM`) VALUES ('YN434HI','Ford ');

INSERT INTO CHAUFFEUR(`CHFID`,`CHFNOM`,`CHFPRENOM`,`CHFTEL`,`CHFMAIL`) VALUES ('2150','Riou ','Paul ','0629454701 ','Paul.Riou@gmail.com');
INSERT INTO COMMUNE(`VILID`,`VILNOM`) VALUES ('11150','Saint-Didier-d\'Aussiat ');
INSERT INTO LIEU(`LIEUID`,`VILID`,`LIEUNOM`) VALUES ('6150','11150','ssahazeddeff');
INSERT INTO VEHICULE(`VEHIMMAT`,`VEHNOM`) VALUES ('FU783AB','BMW ');

INSERT INTO CHAUFFEUR(`CHFID`,`CHFNOM`,`CHFPRENOM`,`CHFTEL`,`CHFMAIL`) VALUES ('2160','Gomez ','Jérémy ','0667214707 ','Jérémy.Gomez@gmail.com');
INSERT INTO COMMUNE(`VILID`,`VILNOM`) VALUES ('11160','Maisonnisses ');
INSERT INTO LIEU(`LIEUID`,`VILID`,`LIEUNOM`) VALUES ('6160','11160','vujeffapub');
INSERT INTO VEHICULE(`VEHIMMAT`,`VEHNOM`) VALUES ('ET254VA','Citroen ');

INSERT INTO CHAUFFEUR(`CHFID`,`CHFNOM`,`CHFPRENOM`,`CHFTEL`,`CHFMAIL`) VALUES ('2170','Maury ','Renaud ','0607058927 ','Renaud.Maury@gmail.com');
INSERT INTO COMMUNE(`VILID`,`VILNOM`) VALUES ('11170','Brectouville ');
INSERT INTO LIEU(`LIEUID`,`VILID`,`LIEUNOM`) VALUES ('6170','11170','keffa');
INSERT INTO VEHICULE(`VEHIMMAT`,`VEHNOM`) VALUES ('GB252RO','BMW ');

INSERT INTO CHAUFFEUR(`CHFID`,`CHFNOM`,`CHFPRENOM`,`CHFTEL`,`CHFMAIL`) VALUES ('2180','Breton ','Lena ','0605018987 ','Lena.Breton@gmail.com');
INSERT INTO COMMUNE(`VILID`,`VILNOM`) VALUES ('11180','Peyruis ');
INSERT INTO LIEU(`LIEUID`,`VILID`,`LIEUNOM`) VALUES ('6180','11180','nnulipaqemm');
INSERT INTO VEHICULE(`VEHIMMAT`,`VEHNOM`) VALUES ('RW905CD','Renault ');

INSERT INTO CHAUFFEUR(`CHFID`,`CHFNOM`,`CHFPRENOM`,`CHFTEL`,`CHFMAIL`) VALUES ('2190','Pichon ','Alicia ','0601894503 ','Alicia.Pichon@gmail.com');
INSERT INTO COMMUNE(`VILID`,`VILNOM`) VALUES ('11190','Aboncourt-Gesincourt ');
INSERT INTO LIEU(`LIEUID`,`VILID`,`LIEUNOM`) VALUES ('6190','11190','qekimmepomm');
INSERT INTO VEHICULE(`VEHIMMAT`,`VEHNOM`) VALUES ('QB830LE','Renault ');

INSERT INTO CHAUFFEUR(`CHFID`,`CHFNOM`,`CHFPRENOM`,`CHFTEL`,`CHFMAIL`) VALUES ('2200','Lacroix ','Amélie ','0667278547 ','Amélie.Lacroix@gmail.com');
INSERT INTO COMMUNE(`VILID`,`VILNOM`) VALUES ('11200','Avot ');
INSERT INTO LIEU(`LIEUID`,`VILID`,`LIEUNOM`) VALUES ('6200','11200','qyffelladded');
INSERT INTO VEHICULE(`VEHIMMAT`,`VEHNOM`) VALUES ('XY321SL','Ford ');

INSERT INTO CHAUFFEUR(`CHFID`,`CHFNOM`,`CHFPRENOM`,`CHFTEL`,`CHFMAIL`) VALUES ('2210','Petit ','Zacharis ','0603216743 ','Zacharis.Petit@gmail.com');
INSERT INTO COMMUNE(`VILID`,`VILNOM`) VALUES ('11210','Castels ');
INSERT INTO LIEU(`LIEUID`,`VILID`,`LIEUNOM`) VALUES ('6210','11210','koffevat');
INSERT INTO VEHICULE(`VEHIMMAT`,`VEHNOM`) VALUES ('QD414FS','Citroen ');

INSERT INTO CHAUFFEUR(`CHFID`,`CHFNOM`,`CHFPRENOM`,`CHFTEL`,`CHFMAIL`) VALUES ('2220','Gay ','Léon ','0605474541 ','Léon.Gay@gmail.com');
INSERT INTO COMMUNE(`VILID`,`VILNOM`) VALUES ('11220','Huest ');
INSERT INTO LIEU(`LIEUID`,`VILID`,`LIEUNOM`) VALUES ('6220','11220','lehurrasy');
INSERT INTO VEHICULE(`VEHIMMAT`,`VEHNOM`) VALUES ('IF058NQ','Peugeot ');

INSERT INTO CHAUFFEUR(`CHFID`,`CHFNOM`,`CHFPRENOM`,`CHFTEL`,`CHFMAIL`) VALUES ('2230','Aubert ','Adam ','0625638901 ','Adam.Aubert@gmail.com');
INSERT INTO COMMUNE(`VILID`,`VILNOM`) VALUES ('11230','Noé-les-Mallets ');
INSERT INTO LIEU(`LIEUID`,`VILID`,`LIEUNOM`) VALUES ('6230','11230','keti');
INSERT INTO VEHICULE(`VEHIMMAT`,`VEHNOM`) VALUES ('IZ010LM','Opel');

INSERT INTO CHAUFFEUR(`CHFID`,`CHFNOM`,`CHFPRENOM`,`CHFTEL`,`CHFMAIL`) VALUES ('2240','Joubert ','Adrien ','0645012307 ','Adrien.Joubert@gmail.com');
INSERT INTO COMMUNE(`VILID`,`VILNOM`) VALUES ('11240','Saint-Contest ');
INSERT INTO LIEU(`LIEUID`,`VILID`,`LIEUNOM`) VALUES ('6240','11240','dipyporo');
INSERT INTO VEHICULE(`VEHIMMAT`,`VEHNOM`) VALUES ('EX858LW','Fiat ');

INSERT INTO CHAUFFEUR(`CHFID`,`CHFNOM`,`CHFPRENOM`,`CHFTEL`,`CHFMAIL`) VALUES ('2250','Brunet ','Tristan ','0645012307 ','Tristan.Brunet@gmail.com');
INSERT INTO COMMUNE(`VILID`,`VILNOM`) VALUES ('11250','Saint-Pierre-d\'Entremont ');
INSERT INTO LIEU(`LIEUID`,`VILID`,`LIEUNOM`) VALUES ('6250','11250','ffurisudd');
INSERT INTO VEHICULE(`VEHIMMAT`,`VEHNOM`) VALUES ('XS145AD','Citroen ');

INSERT INTO CHAUFFEUR(`CHFID`,`CHFNOM`,`CHFPRENOM`,`CHFTEL`,`CHFMAIL`) VALUES ('2260','Bertrand ','Gaspard ','0627434707 ','Gaspard.Bertrand@gmail.com');
INSERT INTO COMMUNE(`VILID`,`VILNOM`) VALUES ('11260','Courgeac ');
INSERT INTO LIEU(`LIEUID`,`VILID`,`LIEUNOM`) VALUES ('6260','11260','helle');
INSERT INTO VEHICULE(`VEHIMMAT`,`VEHNOM`) VALUES ('JM789IV','Ford ');

INSERT INTO CHAUFFEUR(`CHFID`,`CHFNOM`,`CHFPRENOM`,`CHFTEL`,`CHFMAIL`) VALUES ('2270','Vaillant ','Florentin ','0601892505 ','Florentin.Vaillant@gmail.com');
INSERT INTO COMMUNE(`VILID`,`VILNOM`) VALUES ('11270','Yvignac-la-Tour ');
INSERT INTO LIEU(`LIEUID`,`VILID`,`LIEUNOM`) VALUES ('6270','11270','fitto');
INSERT INTO VEHICULE(`VEHIMMAT`,`VEHNOM`) VALUES ('TO565OT','Peugeot ');

INSERT INTO CHAUFFEUR(`CHFID`,`CHFNOM`,`CHFPRENOM`,`CHFTEL`,`CHFMAIL`) VALUES ('2280','Benard ','Tristan ','0621218301 ','Tristan.Benard@gmail.com');
INSERT INTO COMMUNE(`VILID`,`VILNOM`) VALUES ('11280','Ginals ');
INSERT INTO LIEU(`LIEUID`,`VILID`,`LIEUNOM`) VALUES ('6280','11280','vifurebom');
INSERT INTO VEHICULE(`VEHIMMAT`,`VEHNOM`) VALUES ('EP056HI','Fiat ');

INSERT INTO CHAUFFEUR(`CHFID`,`CHFNOM`,`CHFPRENOM`,`CHFTEL`,`CHFMAIL`) VALUES ('2290','Briand ','Kyllian ','0621218301 ','Kyllian.Briand@gmail.com');
INSERT INTO COMMUNE(`VILID`,`VILNOM`) VALUES ('11290','Allonnes ');
INSERT INTO LIEU(`LIEUID`,`VILID`,`LIEUNOM`) VALUES ('6290','11290','qissij');
INSERT INTO VEHICULE(`VEHIMMAT`,`VEHNOM`) VALUES ('PM367UD','Citroen ');

INSERT INTO CHAUFFEUR(`CHFID`,`CHFNOM`,`CHFPRENOM`,`CHFTEL`,`CHFMAIL`) VALUES ('2300','Brunel ','Alexis ','0601298507 ','Alexis.Brunel@gmail.com');
INSERT INTO COMMUNE(`VILID`,`VILNOM`) VALUES ('11300','Blan ');
INSERT INTO LIEU(`LIEUID`,`VILID`,`LIEUNOM`) VALUES ('6300','11300','goragedd');
INSERT INTO VEHICULE(`VEHIMMAT`,`VEHNOM`) VALUES ('UB892JK','Ford ');

INSERT INTO CHAUFFEUR(`CHFID`,`CHFNOM`,`CHFPRENOM`,`CHFTEL`,`CHFMAIL`) VALUES ('2310','Bourdon ','Maxime ','0661698701 ','Maxime.Bourdon@gmail.com');
INSERT INTO COMMUNE(`VILID`,`VILNOM`) VALUES ('11310','Fleurville ');
INSERT INTO LIEU(`LIEUID`,`VILID`,`LIEUNOM`) VALUES ('6310','11310','gattebanug');
INSERT INTO VEHICULE(`VEHIMMAT`,`VEHNOM`) VALUES ('VW301YD','Opel');

INSERT INTO CHAUFFEUR(`CHFID`,`CHFNOM`,`CHFPRENOM`,`CHFTEL`,`CHFMAIL`) VALUES ('2320','Rolland ','Clémence ','0661850585 ','Clémence.Rolland@gmail.com');
INSERT INTO COMMUNE(`VILID`,`VILNOM`) VALUES ('11320','Le Ménil ');
INSERT INTO LIEU(`LIEUID`,`VILID`,`LIEUNOM`) VALUES ('6320','11320','tteqivura');
INSERT INTO VEHICULE(`VEHIMMAT`,`VEHNOM`) VALUES ('ZA765YZ','Fiat ');

INSERT INTO CHAUFFEUR(`CHFID`,`CHFNOM`,`CHFPRENOM`,`CHFTEL`,`CHFMAIL`) VALUES ('2330','Hernandez ','Kyllian ','0667214707 ','Kyllian.Hernandez@gmail.com');
INSERT INTO COMMUNE(`VILID`,`VILNOM`) VALUES ('11330','Saint-Jean-d\'Ormont ');
INSERT INTO LIEU(`LIEUID`,`VILID`,`LIEUNOM`) VALUES ('6330','11330','joddurrili');
INSERT INTO VEHICULE(`VEHIMMAT`,`VEHNOM`) VALUES ('ZW727KF','Citroen ');

INSERT INTO CHAUFFEUR(`CHFID`,`CHFNOM`,`CHFPRENOM`,`CHFTEL`,`CHFMAIL`) VALUES ('2340','Dufour ','Grégory ','0607250367 ','Grégory.Dufour@gmail.com');
INSERT INTO COMMUNE(`VILID`,`VILNOM`) VALUES ('11340','Crupies ');
INSERT INTO LIEU(`LIEUID`,`VILID`,`LIEUNOM`) VALUES ('6340','11340','ppodyjappadd');
INSERT INTO VEHICULE(`VEHIMMAT`,`VEHNOM`) VALUES ('KV050VS','Fiat ');

INSERT INTO CHAUFFEUR(`CHFID`,`CHFNOM`,`CHFPRENOM`,`CHFTEL`,`CHFMAIL`) VALUES ('2350','Perret ','Paul ','0607058927 ','Paul.Perret@gmail.com');
INSERT INTO COMMUNE(`VILID`,`VILNOM`) VALUES ('11350','Maizeray ');
INSERT INTO LIEU(`LIEUID`,`VILID`,`LIEUNOM`) VALUES ('6350','11350','waduffuno');
INSERT INTO VEHICULE(`VEHIMMAT`,`VEHNOM`) VALUES ('OJ096VK','Opel');

INSERT INTO CHAUFFEUR(`CHFID`,`CHFNOM`,`CHFPRENOM`,`CHFTEL`,`CHFMAIL`) VALUES ('2360','Berger ','Lana ','0689214927 ','Lana.Berger@gmail.com');
INSERT INTO COMMUNE(`VILID`,`VILNOM`) VALUES ('11360','Issenheim ');
INSERT INTO LIEU(`LIEUID`,`VILID`,`LIEUNOM`) VALUES ('6360','11360','ddowimolo');
INSERT INTO VEHICULE(`VEHIMMAT`,`VEHNOM`) VALUES ('GZ496NQ','Peugeot ');

INSERT INTO CHAUFFEUR(`CHFID`,`CHFNOM`,`CHFPRENOM`,`CHFTEL`,`CHFMAIL`) VALUES ('2370','Cordier ','Léo ','0641896583 ','Léo.Cordier@gmail.com');
INSERT INTO COMMUNE(`VILID`,`VILNOM`) VALUES ('11370','Altenach ');
INSERT INTO LIEU(`LIEUID`,`VILID`,`LIEUNOM`) VALUES ('6370','11370','davukodd');
INSERT INTO VEHICULE(`VEHIMMAT`,`VEHNOM`) VALUES ('JM549OJ','BMW ');

INSERT INTO CHAUFFEUR(`CHFID`,`CHFNOM`,`CHFPRENOM`,`CHFTEL`,`CHFMAIL`) VALUES ('2380','Blondel ','Antonin ','0625638901 ','Antonin.Blondel@gmail.com');
INSERT INTO COMMUNE(`VILID`,`VILNOM`) VALUES ('11380','Momas ');
INSERT INTO LIEU(`LIEUID`,`VILID`,`LIEUNOM`) VALUES ('6380','11380','ssoddu');
INSERT INTO VEHICULE(`VEHIMMAT`,`VEHNOM`) VALUES ('DA303KP','Volkswagen ');

INSERT INTO CHAUFFEUR(`CHFID`,`CHFNOM`,`CHFPRENOM`,`CHFTEL`,`CHFMAIL`) VALUES ('2390','Gros ','Émile ','0685874383 ','Émile.Gros@gmail.com');
INSERT INTO COMMUNE(`VILID`,`VILNOM`) VALUES ('11390','Prévinquières ');
INSERT INTO LIEU(`LIEUID`,`VILID`,`LIEUNOM`) VALUES ('6390','11390','jelanna');
INSERT INTO VEHICULE(`VEHIMMAT`,`VEHNOM`) VALUES ('RI581YP','Ford ');

INSERT INTO CHAUFFEUR(`CHFID`,`CHFNOM`,`CHFPRENOM`,`CHFTEL`,`CHFMAIL`) VALUES ('2400','Poulain ','Evan ','0689272581 ','Evan.Poulain@gmail.com');
INSERT INTO COMMUNE(`VILID`,`VILNOM`) VALUES ('11400','Anzeling ');
INSERT INTO LIEU(`LIEUID`,`VILID`,`LIEUNOM`) VALUES ('6400','11400','ssizeddoqir');
INSERT INTO VEHICULE(`VEHIMMAT`,`VEHNOM`) VALUES ('YP292TU','Citroen ');

INSERT INTO CHAUFFEUR(`CHFID`,`CHFNOM`,`CHFPRENOM`,`CHFTEL`,`CHFMAIL`) VALUES ('2410','Gilbert ','Ethan ','0683872161 ','Ethan.Gilbert@gmail.com');
INSERT INTO COMMUNE(`VILID`,`VILNOM`) VALUES ('11410','Lagraulière ');
INSERT INTO LIEU(`LIEUID`,`VILID`,`LIEUNOM`) VALUES ('6410','11410','ffajess');
INSERT INTO VEHICULE(`VEHIMMAT`,`VEHNOM`) VALUES ('PK729IX','Volkswagen ');

INSERT INTO CHAUFFEUR(`CHFID`,`CHFNOM`,`CHFPRENOM`,`CHFTEL`,`CHFMAIL`) VALUES ('2420','Marchal ','Maxime ','0689094347 ','Maxime.Marchal@gmail.com');
INSERT INTO COMMUNE(`VILID`,`VILNOM`) VALUES ('11420','Raillimont ');
INSERT INTO LIEU(`LIEUID`,`VILID`,`LIEUNOM`) VALUES ('6420','11420','qyrema');
INSERT INTO VEHICULE(`VEHIMMAT`,`VEHNOM`) VALUES ('XE781UT','Fiat ');

INSERT INTO CHAUFFEUR(`CHFID`,`CHFNOM`,`CHFPRENOM`,`CHFTEL`,`CHFMAIL`) VALUES ('2430','Poulain ','Corentin ','0683234945 ','Corentin.Poulain@gmail.com');
INSERT INTO COMMUNE(`VILID`,`VILNOM`) VALUES ('11430','Drouville ');
INSERT INTO LIEU(`LIEUID`,`VILID`,`LIEUNOM`) VALUES ('6430','11430','tatymmi');
INSERT INTO VEHICULE(`VEHIMMAT`,`VEHNOM`) VALUES ('DA343IP','BMW ');

INSERT INTO CHAUFFEUR(`CHFID`,`CHFNOM`,`CHFPRENOM`,`CHFTEL`,`CHFMAIL`) VALUES ('2440','Lambert ','Kyllian ','0607614965 ','Kyllian.Lambert@gmail.com');
INSERT INTO COMMUNE(`VILID`,`VILNOM`) VALUES ('11440','Urdès ');
INSERT INTO LIEU(`LIEUID`,`VILID`,`LIEUNOM`) VALUES ('6440','11440','beddorri');
INSERT INTO VEHICULE(`VEHIMMAT`,`VEHNOM`) VALUES ('RG189SH','Opel');

INSERT INTO CHAUFFEUR(`CHFID`,`CHFNOM`,`CHFPRENOM`,`CHFTEL`,`CHFMAIL`) VALUES ('2450','Martinez ','Mehdi ','0623238167 ','Mehdi.Martinez@gmail.com');
INSERT INTO COMMUNE(`VILID`,`VILNOM`) VALUES ('11450','Yvetot ');
INSERT INTO LIEU(`LIEUID`,`VILID`,`LIEUNOM`) VALUES ('6450','11450','bemmekahupp');
INSERT INTO VEHICULE(`VEHIMMAT`,`VEHNOM`) VALUES ('GD430BW','Ford ');

INSERT INTO CHAUFFEUR(`CHFID`,`CHFNOM`,`CHFPRENOM`,`CHFTEL`,`CHFMAIL`) VALUES ('2460','Besson ','Enzo ','0665496505 ','Enzo.Besson@gmail.com');
INSERT INTO COMMUNE(`VILID`,`VILNOM`) VALUES ('11460','Berzy-le-Sec ');
INSERT INTO LIEU(`LIEUID`,`VILID`,`LIEUNOM`) VALUES ('6460','11460','nyttob');
INSERT INTO VEHICULE(`VEHIMMAT`,`VEHNOM`) VALUES ('HO365AH','BMW ');

INSERT INTO CHAUFFEUR(`CHFID`,`CHFNOM`,`CHFPRENOM`,`CHFTEL`,`CHFMAIL`) VALUES ('2470','Duhamel ','Inès ','0627432101 ','Inès.Duhamel@gmail.com');
INSERT INTO COMMUNE(`VILID`,`VILNOM`) VALUES ('11470','Saint-Julien-de-Concelles ');
INSERT INTO LIEU(`LIEUID`,`VILID`,`LIEUNOM`) VALUES ('6470','11470','ddutexogu');
INSERT INTO VEHICULE(`VEHIMMAT`,`VEHNOM`) VALUES ('FK525WL','Fiat ');

INSERT INTO CHAUFFEUR(`CHFID`,`CHFNOM`,`CHFPRENOM`,`CHFTEL`,`CHFMAIL`) VALUES ('2480','Marty ','Claudie ','0601470529 ','Claudie.Marty@gmail.com');
INSERT INTO COMMUNE(`VILID`,`VILNOM`) VALUES ('11480','Ginai ');
INSERT INTO LIEU(`LIEUID`,`VILID`,`LIEUNOM`) VALUES ('6480','11480','fydow');
INSERT INTO VEHICULE(`VEHIMMAT`,`VEHNOM`) VALUES ('SJ054FW','Ford ');

INSERT INTO CHAUFFEUR(`CHFID`,`CHFNOM`,`CHFPRENOM`,`CHFTEL`,`CHFMAIL`) VALUES ('2490','Duval ','Corentin ','0607832509 ','Corentin.Duval@gmail.com');
INSERT INTO COMMUNE(`VILID`,`VILNOM`) VALUES ('11490','Chasseneuil-sur-Bonnieure ');
INSERT INTO LIEU(`LIEUID`,`VILID`,`LIEUNOM`) VALUES ('6490','11490','ressellukas');
INSERT INTO VEHICULE(`VEHIMMAT`,`VEHNOM`) VALUES ('BU103EF','Renault ');

INSERT INTO CHAUFFEUR(`CHFID`,`CHFNOM`,`CHFPRENOM`,`CHFTEL`,`CHFMAIL`) VALUES ('2500','Allard ','Alban','0627218705 ','Alban.Allard@gmail.com');
INSERT INTO COMMUNE(`VILID`,`VILNOM`) VALUES ('11500','Montélimar ');
INSERT INTO LIEU(`LIEUID`,`VILID`,`LIEUNOM`) VALUES ('6500','11500','gotod');
INSERT INTO VEHICULE(`VEHIMMAT`,`VEHNOM`) VALUES ('AJ276FI','Peugeot ');

INSERT INTO CHAUFFEUR(`CHFID`,`CHFNOM`,`CHFPRENOM`,`CHFTEL`,`CHFMAIL`) VALUES ('2510','Daniel ','Romain ','0601892505 ','Romain.Daniel@gmail.com');
INSERT INTO COMMUNE(`VILID`,`VILNOM`) VALUES ('11510','Le Châtel ');
INSERT INTO LIEU(`LIEUID`,`VILID`,`LIEUNOM`) VALUES ('6510','11510','nnydohu');
INSERT INTO VEHICULE(`VEHIMMAT`,`VEHNOM`) VALUES ('IH212DM','Volkswagen ');

INSERT INTO CHAUFFEUR(`CHFID`,`CHFNOM`,`CHFPRENOM`,`CHFTEL`,`CHFMAIL`) VALUES ('2520','Klein ','Kylian ','0685874383 ','Kylian.Klein@gmail.com');
INSERT INTO COMMUNE(`VILID`,`VILNOM`) VALUES ('11520','Oz ');
INSERT INTO LIEU(`LIEUID`,`VILID`,`LIEUNOM`) VALUES ('6520','11520','ffilla');
INSERT INTO VEHICULE(`VEHIMMAT`,`VEHNOM`) VALUES ('AT656RK','Peugeot ');

INSERT INTO CHAUFFEUR(`CHFID`,`CHFNOM`,`CHFPRENOM`,`CHFTEL`,`CHFMAIL`) VALUES ('2530','Perrin ','Lamia ','0621218301 ','Lamia.Perrin@gmail.com');
INSERT INTO COMMUNE(`VILID`,`VILNOM`) VALUES ('11530','Le Taillan-Médoc ');
INSERT INTO LIEU(`LIEUID`,`VILID`,`LIEUNOM`) VALUES ('6530','11530','ddoddelir');
INSERT INTO VEHICULE(`VEHIMMAT`,`VEHNOM`) VALUES ('PY349AZ','Renault ');

INSERT INTO CHAUFFEUR(`CHFID`,`CHFNOM`,`CHFPRENOM`,`CHFTEL`,`CHFMAIL`) VALUES ('2540','Lemoine ','Simon ','0645298725 ','Simon.Lemoine@gmail.com');
INSERT INTO COMMUNE(`VILID`,`VILNOM`) VALUES ('11540','Ruillé-le-Gravelais ');
INSERT INTO LIEU(`LIEUID`,`VILID`,`LIEUNOM`) VALUES ('6540','11540','lyginn');
INSERT INTO VEHICULE(`VEHIMMAT`,`VEHNOM`) VALUES ('IB278JU','Volkswagen ');

INSERT INTO CHAUFFEUR(`CHFID`,`CHFNOM`,`CHFPRENOM`,`CHFTEL`,`CHFMAIL`) VALUES ('2550','Humbert ','Diego ','0667834147 ','Diego.Humbert@gmail.com');
INSERT INTO COMMUNE(`VILID`,`VILNOM`) VALUES ('11550','Belles-Forêts ');
INSERT INTO LIEU(`LIEUID`,`VILID`,`LIEUNOM`) VALUES ('6550','11550','ppolefa');
INSERT INTO VEHICULE(`VEHIMMAT`,`VEHNOM`) VALUES ('EP492NE','Peugeot ');

INSERT INTO CHAUFFEUR(`CHFID`,`CHFNOM`,`CHFPRENOM`,`CHFTEL`,`CHFMAIL`) VALUES ('2560','Thomas ','Nicolas ','0627218705 ','Nicolas.Thomas@gmail.com');
INSERT INTO COMMUNE(`VILID`,`VILNOM`) VALUES ('11560','Bussang ');
INSERT INTO LIEU(`LIEUID`,`VILID`,`LIEUNOM`) VALUES ('6560','11560','hommirrob');
INSERT INTO VEHICULE(`VEHIMMAT`,`VEHNOM`) VALUES ('LU725UP','Peugeot ');

INSERT INTO CHAUFFEUR(`CHFID`,`CHFNOM`,`CHFPRENOM`,`CHFTEL`,`CHFMAIL`) VALUES ('2570','Bazin ','Cédric ','0689438129 ','Cédric.Bazin@gmail.com');
INSERT INTO COMMUNE(`VILID`,`VILNOM`) VALUES ('11570','Énencourt-le-Sec ');
INSERT INTO LIEU(`LIEUID`,`VILID`,`LIEUNOM`) VALUES ('6570','11570','geqe');
INSERT INTO VEHICULE(`VEHIMMAT`,`VEHNOM`) VALUES ('XI329MD','Citroen ');

INSERT INTO CHAUFFEUR(`CHFID`,`CHFNOM`,`CHFPRENOM`,`CHFTEL`,`CHFMAIL`) VALUES ('2580','Vallee ','Tom ','0603298747 ','Tom.Vallee@gmail.com');
INSERT INTO COMMUNE(`VILID`,`VILNOM`) VALUES ('11580','Noviant-aux-Prés ');
INSERT INTO LIEU(`LIEUID`,`VILID`,`LIEUNOM`) VALUES ('6580','11580','hacyx');
INSERT INTO VEHICULE(`VEHIMMAT`,`VEHNOM`) VALUES ('QB036DW','Fiat ');

INSERT INTO CHAUFFEUR(`CHFID`,`CHFNOM`,`CHFPRENOM`,`CHFTEL`,`CHFMAIL`) VALUES ('2590','Lejeune ','Cloé ','0601894503 ','Cloé.Lejeune@gmail.com');
INSERT INTO COMMUNE(`VILID`,`VILNOM`) VALUES ('11590','Itancourt ');
INSERT INTO LIEU(`LIEUID`,`VILID`,`LIEUNOM`) VALUES ('6590','11590','dybavill');
INSERT INTO VEHICULE(`VEHIMMAT`,`VEHNOM`) VALUES ('NG943CD','Citroen ');

INSERT INTO CHAUFFEUR(`CHFID`,`CHFNOM`,`CHFPRENOM`,`CHFTEL`,`CHFMAIL`) VALUES ('2600','Gomez ','Timéo ','0683878723 ','Timéo.Gomez@gmail.com');
INSERT INTO COMMUNE(`VILID`,`VILNOM`) VALUES ('11600','Luzy-Saint-Martin ');
INSERT INTO LIEU(`LIEUID`,`VILID`,`LIEUNOM`) VALUES ('6600','11600','pidec');
INSERT INTO VEHICULE(`VEHIMMAT`,`VEHNOM`) VALUES ('SP030TO','Citroen ');

INSERT INTO CHAUFFEUR(`CHFID`,`CHFNOM`,`CHFPRENOM`,`CHFTEL`,`CHFMAIL`) VALUES ('2610','Le roux ','Grégory ','0601892505 ','Grégory.Le roux@gmail.com');
INSERT INTO COMMUNE(`VILID`,`VILNOM`) VALUES ('11610','Flines-lès-Mortagne ');
INSERT INTO LIEU(`LIEUID`,`VILID`,`LIEUNOM`) VALUES ('6610','11610','mmasullec');
INSERT INTO VEHICULE(`VEHIMMAT`,`VEHNOM`) VALUES ('VG965CV','Renault ');

INSERT INTO CHAUFFEUR(`CHFID`,`CHFNOM`,`CHFPRENOM`,`CHFTEL`,`CHFMAIL`) VALUES ('2620','Marechal ','Guillaume ','0687816783 ','Guillaume.Marechal@gmail.com');
INSERT INTO COMMUNE(`VILID`,`VILNOM`) VALUES ('11620','Genac ');
INSERT INTO LIEU(`LIEUID`,`VILID`,`LIEUNOM`) VALUES ('6620','11620','mmetevig');
INSERT INTO VEHICULE(`VEHIMMAT`,`VEHNOM`) VALUES ('SV636XI','Fiat ');

INSERT INTO CHAUFFEUR(`CHFID`,`CHFNOM`,`CHFPRENOM`,`CHFTEL`,`CHFMAIL`) VALUES ('2630','Sanchez ','Gabin ','0681832383 ','Gabin.Sanchez@gmail.com');
INSERT INTO COMMUNE(`VILID`,`VILNOM`) VALUES ('11630','Regnière-Écluse ');
INSERT INTO LIEU(`LIEUID`,`VILID`,`LIEUNOM`) VALUES ('6630','11630','kiddu');
INSERT INTO VEHICULE(`VEHIMMAT`,`VEHNOM`) VALUES ('AT216BA','Volkswagen ');

INSERT INTO CHAUFFEUR(`CHFID`,`CHFNOM`,`CHFPRENOM`,`CHFTEL`,`CHFMAIL`) VALUES ('2640','Millet ','Killian ','0623238167 ','Killian.Millet@gmail.com');
INSERT INTO COMMUNE(`VILID`,`VILNOM`) VALUES ('11640','Le Hanouard ');
INSERT INTO LIEU(`LIEUID`,`VILID`,`LIEUNOM`) VALUES ('6640','11640','lasa');
INSERT INTO VEHICULE(`VEHIMMAT`,`VEHNOM`) VALUES ('GJ274ZC','Volkswagen ');

INSERT INTO CHAUFFEUR(`CHFID`,`CHFNOM`,`CHFPRENOM`,`CHFTEL`,`CHFMAIL`) VALUES ('2650','Rodriguez ','Anthony ','0641818385 ','Anthony.Rodriguez@gmail.com');
INSERT INTO COMMUNE(`VILID`,`VILNOM`) VALUES ('11650','Nuaillé ');
INSERT INTO LIEU(`LIEUID`,`VILID`,`LIEUNOM`) VALUES ('6650','11650','lydacu');
INSERT INTO VEHICULE(`VEHIMMAT`,`VEHNOM`) VALUES ('ST672LY','BMW ');

INSERT INTO CHAUFFEUR(`CHFID`,`CHFNOM`,`CHFPRENOM`,`CHFTEL`,`CHFMAIL`) VALUES ('2660','Pereira ','Maxence ','0681838701 ','Maxence.Pereira@gmail.com');
INSERT INTO COMMUNE(`VILID`,`VILNOM`) VALUES ('11660','Pernand-Vergelesses ');
INSERT INTO LIEU(`LIEUID`,`VILID`,`LIEUNOM`) VALUES ('6660','11660','syrreqocy');
INSERT INTO VEHICULE(`VEHIMMAT`,`VEHNOM`) VALUES ('QH494JE','Citroen ');

INSERT INTO CHAUFFEUR(`CHFID`,`CHFNOM`,`CHFPRENOM`,`CHFTEL`,`CHFMAIL`) VALUES ('2670','Rolland ','Louis ','0665092307 ','Louis.Rolland@gmail.com');
INSERT INTO COMMUNE(`VILID`,`VILNOM`) VALUES ('11670','Fontenailles ');
INSERT INTO LIEU(`LIEUID`,`VILID`,`LIEUNOM`) VALUES ('6670','11670','diwezanneff');
INSERT INTO VEHICULE(`VEHIMMAT`,`VEHNOM`) VALUES ('BO783WF','Peugeot ');

INSERT INTO CHAUFFEUR(`CHFID`,`CHFNOM`,`CHFPRENOM`,`CHFTEL`,`CHFMAIL`) VALUES ('2680','Marin ','Noah ','0607898581 ','Noah.Marin@gmail.com');
INSERT INTO COMMUNE(`VILID`,`VILNOM`) VALUES ('11680','Vigneux-Hocquet ');
INSERT INTO LIEU(`LIEUID`,`VILID`,`LIEUNOM`) VALUES ('6680','11680','ttapu');
INSERT INTO VEHICULE(`VEHIMMAT`,`VEHNOM`) VALUES ('JQ103YZ','Renault ');

INSERT INTO CHAUFFEUR(`CHFID`,`CHFNOM`,`CHFPRENOM`,`CHFTEL`,`CHFMAIL`) VALUES ('2690','Ruiz ','Alicia ','0607832509 ','Alicia.Ruiz@gmail.com');
INSERT INTO COMMUNE(`VILID`,`VILNOM`) VALUES ('11690','Saint-Constant ');
INSERT INTO LIEU(`LIEUID`,`VILID`,`LIEUNOM`) VALUES ('6690','11690','ddobapat');
INSERT INTO VEHICULE(`VEHIMMAT`,`VEHNOM`) VALUES ('WN030BE','BMW ');

INSERT INTO CHAUFFEUR(`CHFID`,`CHFNOM`,`CHFPRENOM`,`CHFTEL`,`CHFMAIL`) VALUES ('2700','Rey ','David ','0647694167 ','David.Rey@gmail.com');
INSERT INTO COMMUNE(`VILID`,`VILNOM`) VALUES ('11700','Autry-Issards ');
INSERT INTO LIEU(`LIEUID`,`VILID`,`LIEUNOM`) VALUES ('6700','11700','bodunnetez');
INSERT INTO VEHICULE(`VEHIMMAT`,`VEHNOM`) VALUES ('TE549UB','Peugeot ');

INSERT INTO CHAUFFEUR(`CHFID`,`CHFNOM`,`CHFPRENOM`,`CHFTEL`,`CHFMAIL`) VALUES ('2710','Leveque ','Léo ','0683490385 ','Léo.Leveque@gmail.com');
INSERT INTO COMMUNE(`VILID`,`VILNOM`) VALUES ('11710','Vineuil ');
INSERT INTO LIEU(`LIEUID`,`VILID`,`LIEUNOM`) VALUES ('6710','11710','jeroba');
INSERT INTO VEHICULE(`VEHIMMAT`,`VEHNOM`) VALUES ('BS905YR','Renault ');

INSERT INTO CHAUFFEUR(`CHFID`,`CHFNOM`,`CHFPRENOM`,`CHFTEL`,`CHFMAIL`) VALUES ('2720','Vaillant ','Gabriel ','0689094347 ','Gabriel.Vaillant@gmail.com');
INSERT INTO COMMUNE(`VILID`,`VILNOM`) VALUES ('11720','Forges ');
INSERT INTO LIEU(`LIEUID`,`VILID`,`LIEUNOM`) VALUES ('6720','11720','kewappimm');
INSERT INTO VEHICULE(`VEHIMMAT`,`VEHNOM`) VALUES ('MR050VE','Renault ');

INSERT INTO CHAUFFEUR(`CHFID`,`CHFNOM`,`CHFPRENOM`,`CHFTEL`,`CHFMAIL`) VALUES ('2730','Paris ','Antonin ','0603276343 ','Antonin.Paris@gmail.com');
INSERT INTO COMMUNE(`VILID`,`VILNOM`) VALUES ('11730','Lézardrieux ');
INSERT INTO LIEU(`LIEUID`,`VILID`,`LIEUNOM`) VALUES ('6730','11730','zuwow');
INSERT INTO VEHICULE(`VEHIMMAT`,`VEHNOM`) VALUES ('HS983KX','Citroen ');

INSERT INTO CHAUFFEUR(`CHFID`,`CHFNOM`,`CHFPRENOM`,`CHFTEL`,`CHFMAIL`) VALUES ('2740','Evrard ','Baptiste ','0625850541 ','Baptiste.Evrard@gmail.com');
INSERT INTO COMMUNE(`VILID`,`VILNOM`) VALUES ('11740','Boisgasson ');
INSERT INTO LIEU(`LIEUID`,`VILID`,`LIEUNOM`) VALUES ('6740','11740','jaddarry');
INSERT INTO VEHICULE(`VEHIMMAT`,`VEHNOM`) VALUES ('JC967QV','Renault ');

INSERT INTO CHAUFFEUR(`CHFID`,`CHFNOM`,`CHFPRENOM`,`CHFTEL`,`CHFMAIL`) VALUES ('2750','Morvan ','Thibault ','0625874945 ','Thibault.Morvan@gmail.com');
INSERT INTO COMMUNE(`VILID`,`VILNOM`) VALUES ('11750','Sachin ');
INSERT INTO LIEU(`LIEUID`,`VILID`,`LIEUNOM`) VALUES ('6750','11750','nena');
INSERT INTO VEHICULE(`VEHIMMAT`,`VEHNOM`) VALUES ('PU349KL','Fiat ');

INSERT INTO CHAUFFEUR(`CHFID`,`CHFNOM`,`CHFPRENOM`,`CHFTEL`,`CHFMAIL`) VALUES ('2760','Pelletier ','Julia ','0665496505 ','Julia.Pelletier@gmail.com');
INSERT INTO COMMUNE(`VILID`,`VILNOM`) VALUES ('11760','Lassay-les-Châteaux ');
INSERT INTO LIEU(`LIEUID`,`VILID`,`LIEUNOM`) VALUES ('6760','11760','ffevynugus');
INSERT INTO VEHICULE(`VEHIMMAT`,`VEHNOM`) VALUES ('YV458ZQ','Ford ');

INSERT INTO CHAUFFEUR(`CHFID`,`CHFNOM`,`CHFPRENOM`,`CHFTEL`,`CHFMAIL`) VALUES ('2770','Lucas ','Anaïs ','0685034341 ','Anaïs.Lucas@gmail.com');
INSERT INTO COMMUNE(`VILID`,`VILNOM`) VALUES ('11770','Le Castellard-Mélan ');
INSERT INTO LIEU(`LIEUID`,`VILID`,`LIEUNOM`) VALUES ('6770','11770','ffuppemm');
INSERT INTO VEHICULE(`VEHIMMAT`,`VEHNOM`) VALUES ('LQ147UN','Citroen ');

INSERT INTO CHAUFFEUR(`CHFID`,`CHFNOM`,`CHFPRENOM`,`CHFTEL`,`CHFMAIL`) VALUES ('2780','Lenoir ','Alban','0665496505 ','Alban.Lenoir@gmail.com');
INSERT INTO COMMUNE(`VILID`,`VILNOM`) VALUES ('11780','La Neuville ');
INSERT INTO LIEU(`LIEUID`,`VILID`,`LIEUNOM`) VALUES ('6780','11780','cimoq');
INSERT INTO VEHICULE(`VEHIMMAT`,`VEHNOM`) VALUES ('QV638HO','Citroen ');

INSERT INTO CHAUFFEUR(`CHFID`,`CHFNOM`,`CHFPRENOM`,`CHFTEL`,`CHFMAIL`) VALUES ('2790','Besson ','Colin ','0647212585 ','Colin.Besson@gmail.com');
INSERT INTO COMMUNE(`VILID`,`VILNOM`) VALUES ('11790','Vervant ');
INSERT INTO LIEU(`LIEUID`,`VILID`,`LIEUNOM`) VALUES ('6790','11790','xippyll');
INSERT INTO VEHICULE(`VEHIMMAT`,`VEHNOM`) VALUES ('NM927MN','Peugeot ');

INSERT INTO CHAUFFEUR(`CHFID`,`CHFNOM`,`CHFPRENOM`,`CHFTEL`,`CHFMAIL`) VALUES ('2800','Laporte ','Jade ','0687410981 ','Jade.Laporte@gmail.com');
INSERT INTO COMMUNE(`VILID`,`VILNOM`) VALUES ('11800','Hauville ');
INSERT INTO LIEU(`LIEUID`,`VILID`,`LIEUNOM`) VALUES ('6800','11800','ddipon');
INSERT INTO VEHICULE(`VEHIMMAT`,`VEHNOM`) VALUES ('ET616TY','Volkswagen ');

INSERT INTO CHAUFFEUR(`CHFID`,`CHFNOM`,`CHFPRENOM`,`CHFTEL`,`CHFMAIL`) VALUES ('2810','Lacombe ','Émile ','0623874789 ','Émile.Lacombe@gmail.com');
INSERT INTO COMMUNE(`VILID`,`VILNOM`) VALUES ('11810','Miramont-de-Guyenne ');
INSERT INTO LIEU(`LIEUID`,`VILID`,`LIEUNOM`) VALUES ('6810','11810','guddapiroc');
INSERT INTO VEHICULE(`VEHIMMAT`,`VEHNOM`) VALUES ('HY765KP','Fiat ');

INSERT INTO CHAUFFEUR(`CHFID`,`CHFNOM`,`CHFPRENOM`,`CHFTEL`,`CHFMAIL`) VALUES ('2820','Menard ','Nicolas ','0625874945 ','Nicolas.Menard@gmail.com');
INSERT INTO COMMUNE(`VILID`,`VILNOM`) VALUES ('11820','Saint-Alyre-ès-Montagne ');
INSERT INTO LIEU(`LIEUID`,`VILID`,`LIEUNOM`) VALUES ('6820','11820','maharr');
INSERT INTO VEHICULE(`VEHIMMAT`,`VEHNOM`) VALUES ('EV492ZW','Fiat ');

INSERT INTO CHAUFFEUR(`CHFID`,`CHFNOM`,`CHFPRENOM`,`CHFTEL`,`CHFMAIL`) VALUES ('2830','Duval ','Noah ','0623032949 ','Noah.Duval@gmail.com');
INSERT INTO COMMUNE(`VILID`,`VILNOM`) VALUES ('11830','Faye-sur-Ardin ');
INSERT INTO LIEU(`LIEUID`,`VILID`,`LIEUNOM`) VALUES ('6830','11830','ttidellawax');
INSERT INTO VEHICULE(`VEHIMMAT`,`VEHNOM`) VALUES ('FO905SX','Fiat ');

INSERT INTO CHAUFFEUR(`CHFID`,`CHFNOM`,`CHFPRENOM`,`CHFTEL`,`CHFMAIL`) VALUES ('2840','Carpentier ','Léa ','0623416301 ','Léa.Carpentier@gmail.com');
INSERT INTO COMMUNE(`VILID`,`VILNOM`) VALUES ('11840','Coye-la-Forêt ');
INSERT INTO LIEU(`LIEUID`,`VILID`,`LIEUNOM`) VALUES ('6840','11840','vazette');
INSERT INTO VEHICULE(`VEHIMMAT`,`VEHNOM`) VALUES ('LC163OP','Fiat ');

INSERT INTO CHAUFFEUR(`CHFID`,`CHFNOM`,`CHFPRENOM`,`CHFTEL`,`CHFMAIL`) VALUES ('2850','Bruneau ','Alexis ','0625698581 ','Alexis.Bruneau@gmail.com');
INSERT INTO COMMUNE(`VILID`,`VILNOM`) VALUES ('11850','Saint-Ange-le-Viel ');
INSERT INTO LIEU(`LIEUID`,`VILID`,`LIEUNOM`) VALUES ('6850','11850','beleddapp');
INSERT INTO VEHICULE(`VEHIMMAT`,`VEHNOM`) VALUES ('ET892HW','BMW ');

INSERT INTO CHAUFFEUR(`CHFID`,`CHFNOM`,`CHFPRENOM`,`CHFTEL`,`CHFMAIL`) VALUES ('2860','Pichon ','Arthur ','0629454701 ','Arthur.Pichon@gmail.com');
INSERT INTO COMMUNE(`VILID`,`VILNOM`) VALUES ('11860','Mons-en-Pévèle ');
INSERT INTO LIEU(`LIEUID`,`VILID`,`LIEUNOM`) VALUES ('6860','11860','neqes');
INSERT INTO VEHICULE(`VEHIMMAT`,`VEHNOM`) VALUES ('PC329IT','Renault ');

INSERT INTO CHAUFFEUR(`CHFID`,`CHFNOM`,`CHFPRENOM`,`CHFTEL`,`CHFMAIL`) VALUES ('2870','Didier ','Clément ','0665236169 ','Clément.Didier@gmail.com');
INSERT INTO COMMUNE(`VILID`,`VILNOM`) VALUES ('11870','Zuydcoote ');
INSERT INTO LIEU(`LIEUID`,`VILID`,`LIEUNOM`) VALUES ('6870','11870','nammellallorr');
INSERT INTO VEHICULE(`VEHIMMAT`,`VEHNOM`) VALUES ('KZ652HC','BMW ');

INSERT INTO CHAUFFEUR(`CHFID`,`CHFNOM`,`CHFPRENOM`,`CHFTEL`,`CHFMAIL`) VALUES ('2880','Renard ','Claudie ','0643030121 ','Claudie.Renard@gmail.com');
INSERT INTO COMMUNE(`VILID`,`VILNOM`) VALUES ('11880','Saint-Utin ');
INSERT INTO LIEU(`LIEUID`,`VILID`,`LIEUNOM`) VALUES ('6880','11880','qudomoxemm');
INSERT INTO VEHICULE(`VEHIMMAT`,`VEHNOM`) VALUES ('NA385SJ','Fiat ');

INSERT INTO CHAUFFEUR(`CHFID`,`CHFNOM`,`CHFPRENOM`,`CHFTEL`,`CHFMAIL`) VALUES ('2890','Aubry ','Aaron ','0607250367 ','Aaron.Aubry@gmail.com');
INSERT INTO COMMUNE(`VILID`,`VILNOM`) VALUES ('11890','Mouen ');
INSERT INTO LIEU(`LIEUID`,`VILID`,`LIEUNOM`) VALUES ('6890','11890','ddeboj');
INSERT INTO VEHICULE(`VEHIMMAT`,`VEHNOM`) VALUES ('SZ034FG','Citroen ');

INSERT INTO CHAUFFEUR(`CHFID`,`CHFNOM`,`CHFPRENOM`,`CHFTEL`,`CHFMAIL`) VALUES ('2900','Aubry ','Roméo ','0625090787 ','Roméo.Aubry@gmail.com');
INSERT INTO COMMUNE(`VILID`,`VILNOM`) VALUES ('11900','La Digne-d\'Aval ');
INSERT INTO LIEU(`LIEUID`,`VILID`,`LIEUNOM`) VALUES ('6900','11900','ffewisexel');
INSERT INTO VEHICULE(`VEHIMMAT`,`VEHNOM`) VALUES ('RA345MB','BMW ');

INSERT INTO CHAUFFEUR(`CHFID`,`CHFNOM`,`CHFPRENOM`,`CHFTEL`,`CHFMAIL`) VALUES ('2910','Perrot ','Célia ','0689094347 ','Célia.Perrot@gmail.com');
INSERT INTO COMMUNE(`VILID`,`VILNOM`) VALUES ('11910','Soulignac ');
INSERT INTO LIEU(`LIEUID`,`VILID`,`LIEUNOM`) VALUES ('6910','11910','daffojiju');
INSERT INTO VEHICULE(`VEHIMMAT`,`VEHNOM`) VALUES ('LQ189SF','Peugeot ');

INSERT INTO CHAUFFEUR(`CHFID`,`CHFNOM`,`CHFPRENOM`,`CHFTEL`,`CHFMAIL`) VALUES ('2920','Rodriguez ','Titouan ','0603216743 ','Titouan.Rodriguez@gmail.com');
INSERT INTO COMMUNE(`VILID`,`VILNOM`) VALUES ('11920','Saint-Laurent-de-Terregatte ');
INSERT INTO LIEU(`LIEUID`,`VILID`,`LIEUNOM`) VALUES ('6920','11920','togesez');
INSERT INTO VEHICULE(`VEHIMMAT`,`VEHNOM`) VALUES ('AX018JI','BMW ');

INSERT INTO CHAUFFEUR(`CHFID`,`CHFNOM`,`CHFPRENOM`,`CHFTEL`,`CHFMAIL`) VALUES ('2930','Navarro ','Roméo ','0603412989 ','Roméo.Navarro@gmail.com');
INSERT INTO COMMUNE(`VILID`,`VILNOM`) VALUES ('11930','Notre-Dame-du-Pré ');
INSERT INTO LIEU(`LIEUID`,`VILID`,`LIEUNOM`) VALUES ('6930','11930','qoqicev');
INSERT INTO VEHICULE(`VEHIMMAT`,`VEHNOM`) VALUES ('FG905AJ','Citroen ');

INSERT INTO CHAUFFEUR(`CHFID`,`CHFNOM`,`CHFPRENOM`,`CHFTEL`,`CHFMAIL`) VALUES ('2940','Besson ','Éléna ','0601878309 ','Éléna.Besson@gmail.com');
INSERT INTO COMMUNE(`VILID`,`VILNOM`) VALUES ('11940','Saint-Martin-Lacaussade ');
INSERT INTO LIEU(`LIEUID`,`VILID`,`LIEUNOM`) VALUES ('6940','11940','ppuhijaz');
INSERT INTO VEHICULE(`VEHIMMAT`,`VEHNOM`) VALUES ('EF252VO','Opel');

INSERT INTO CHAUFFEUR(`CHFID`,`CHFNOM`,`CHFPRENOM`,`CHFTEL`,`CHFMAIL`) VALUES ('2950','Blanchard ','Mehdi ','0665092307 ','Mehdi.Blanchard@gmail.com');
INSERT INTO COMMUNE(`VILID`,`VILNOM`) VALUES ('11950','Saint-Aubin-Rivière ');
INSERT INTO LIEU(`LIEUID`,`VILID`,`LIEUNOM`) VALUES ('6950','11950','ruroxe');
INSERT INTO VEHICULE(`VEHIMMAT`,`VEHNOM`) VALUES ('CZ052PM','Peugeot ');

INSERT INTO CHAUFFEUR(`CHFID`,`CHFNOM`,`CHFPRENOM`,`CHFTEL`,`CHFMAIL`) VALUES ('2960','Paris ','Lilian ','0689438129 ','Lilian.Paris@gmail.com');
INSERT INTO COMMUNE(`VILID`,`VILNOM`) VALUES ('11960','Upaix ');
INSERT INTO LIEU(`LIEUID`,`VILID`,`LIEUNOM`) VALUES ('6960','11960','peffenn');
INSERT INTO VEHICULE(`VEHIMMAT`,`VEHNOM`) VALUES ('BU123QZ','Opel');

INSERT INTO CHAUFFEUR(`CHFID`,`CHFNOM`,`CHFPRENOM`,`CHFTEL`,`CHFMAIL`) VALUES ('2970','Lecomte ','Pierre ','0661850585 ','Pierre.Lecomte@gmail.com');
INSERT INTO COMMUNE(`VILID`,`VILNOM`) VALUES ('11970','Bélaye ');
INSERT INTO LIEU(`LIEUID`,`VILID`,`LIEUNOM`) VALUES ('6970','11970','jeppuhagyff');
INSERT INTO VEHICULE(`VEHIMMAT`,`VEHNOM`) VALUES ('UH018ZO','Renault ');

INSERT INTO CHAUFFEUR(`CHFID`,`CHFNOM`,`CHFPRENOM`,`CHFTEL`,`CHFMAIL`) VALUES ('2980','Auger ','Clément ','0629078325 ','Clément.Auger@gmail.com');
INSERT INTO COMMUNE(`VILID`,`VILNOM`) VALUES ('11980','Flagy ');
INSERT INTO LIEU(`LIEUID`,`VILID`,`LIEUNOM`) VALUES ('6980','11980','zummonnu');
INSERT INTO VEHICULE(`VEHIMMAT`,`VEHNOM`) VALUES ('WH474ZK','Volkswagen ');

INSERT INTO CHAUFFEUR(`CHFID`,`CHFNOM`,`CHFPRENOM`,`CHFTEL`,`CHFMAIL`) VALUES ('2990','Lemoine ','Timothée ','0661850585 ','Timothée.Lemoine@gmail.com');
INSERT INTO COMMUNE(`VILID`,`VILNOM`) VALUES ('11990','Yolet ');
INSERT INTO LIEU(`LIEUID`,`VILID`,`LIEUNOM`) VALUES ('6990','11990','lleseti');
INSERT INTO VEHICULE(`VEHIMMAT`,`VEHNOM`) VALUES ('ID478TE','BMW ');

INSERT INTO CHAUFFEUR(`CHFID`,`CHFNOM`,`CHFPRENOM`,`CHFTEL`,`CHFMAIL`) VALUES ('3000','Simon ','Paul ','0641896583 ','Paul.Simon@gmail.com');
INSERT INTO COMMUNE(`VILID`,`VILNOM`) VALUES ('12000','Bischwiller ');
INSERT INTO LIEU(`LIEUID`,`VILID`,`LIEUNOM`) VALUES ('7000','12000','feffuwyz');
INSERT INTO VEHICULE(`VEHIMMAT`,`VEHNOM`) VALUES ('FK747IX','Renault ');

INSERT INTO CHAUFFEUR(`CHFID`,`CHFNOM`,`CHFPRENOM`,`CHFTEL`,`CHFMAIL`) VALUES ('3010','Courtois ','Louna ','0625090787 ','Louna.Courtois@gmail.com');
INSERT INTO COMMUNE(`VILID`,`VILNOM`) VALUES ('12010','Poullignac ');
INSERT INTO LIEU(`LIEUID`,`VILID`,`LIEUNOM`) VALUES ('7010','12010','nnummu');
INSERT INTO VEHICULE(`VEHIMMAT`,`VEHNOM`) VALUES ('VK721GD','BMW ');

INSERT INTO CHAUFFEUR(`CHFID`,`CHFNOM`,`CHFPRENOM`,`CHFTEL`,`CHFMAIL`) VALUES ('3020','Lambert ','Evan ','0669496721 ','Evan.Lambert@gmail.com');
INSERT INTO COMMUNE(`VILID`,`VILNOM`) VALUES ('12020','Bessey-la-Cour ');
INSERT INTO LIEU(`LIEUID`,`VILID`,`LIEUNOM`) VALUES ('7020','12020','huve');
INSERT INTO VEHICULE(`VEHIMMAT`,`VEHNOM`) VALUES ('FW961MR','Peugeot ');

INSERT INTO CHAUFFEUR(`CHFID`,`CHFNOM`,`CHFPRENOM`,`CHFTEL`,`CHFMAIL`) VALUES ('3030','Thierry','Noémie ','0689214927 ','Noémie.Thierry@gmail.com');
INSERT INTO COMMUNE(`VILID`,`VILNOM`) VALUES ('12030','Saint-Cyr-sur-le-Rhône ');
INSERT INTO LIEU(`LIEUID`,`VILID`,`LIEUNOM`) VALUES ('7030','12030','qorrovoc');
INSERT INTO VEHICULE(`VEHIMMAT`,`VEHNOM`) VALUES ('OH492TE','Ford ');

INSERT INTO CHAUFFEUR(`CHFID`,`CHFNOM`,`CHFPRENOM`,`CHFTEL`,`CHFMAIL`) VALUES ('3040','Marechal ','Jordan ','0603032301 ','Jordan.Marechal@gmail.com');
INSERT INTO COMMUNE(`VILID`,`VILNOM`) VALUES ('12040','Saint-Martin-l\'Aiguillon ');
INSERT INTO LIEU(`LIEUID`,`VILID`,`LIEUNOM`) VALUES ('7040','12040','qawesimmam');
INSERT INTO VEHICULE(`VEHIMMAT`,`VEHNOM`) VALUES ('ZA789YN','Citroen ');

INSERT INTO CHAUFFEUR(`CHFID`,`CHFNOM`,`CHFPRENOM`,`CHFTEL`,`CHFMAIL`) VALUES ('3050','Jacquot ','Lucas ','0607836589 ','Lucas.Jacquot@gmail.com');
INSERT INTO COMMUNE(`VILID`,`VILNOM`) VALUES ('12050','Dampierre ');
INSERT INTO LIEU(`LIEUID`,`VILID`,`LIEUNOM`) VALUES ('7050','12050','jyppy');
INSERT INTO VEHICULE(`VEHIMMAT`,`VEHNOM`) VALUES ('PU923CB','Volkswagen ');

INSERT INTO CHAUFFEUR(`CHFID`,`CHFNOM`,`CHFPRENOM`,`CHFTEL`,`CHFMAIL`) VALUES ('3060','Robert ','Lilian ','0625698581 ','Lilian.Robert@gmail.com');
INSERT INTO COMMUNE(`VILID`,`VILNOM`) VALUES ('12060','Viterbe ');
INSERT INTO LIEU(`LIEUID`,`VILID`,`LIEUNOM`) VALUES ('7060','12060','navuroq');
INSERT INTO VEHICULE(`VEHIMMAT`,`VEHNOM`) VALUES ('WR694BC','Renault ');

INSERT INTO CHAUFFEUR(`CHFID`,`CHFNOM`,`CHFPRENOM`,`CHFTEL`,`CHFMAIL`) VALUES ('3070','David ','Pierre ','0685054149 ','Pierre.David@gmail.com');
INSERT INTO COMMUNE(`VILID`,`VILNOM`) VALUES ('12070','Saint-André-de-Cruzières ');
INSERT INTO LIEU(`LIEUID`,`VILID`,`LIEUNOM`) VALUES ('7070','12070','gikage');
INSERT INTO VEHICULE(`VEHIMMAT`,`VEHNOM`) VALUES ('GN878TM','Opel');

INSERT INTO CHAUFFEUR(`CHFID`,`CHFNOM`,`CHFPRENOM`,`CHFTEL`,`CHFMAIL`) VALUES ('3080','Valentin ','Agathe ','0621454123 ','Agathe.Valentin@gmail.com');
INSERT INTO COMMUNE(`VILID`,`VILNOM`) VALUES ('12080','Saint-Hostien ');
INSERT INTO LIEU(`LIEUID`,`VILID`,`LIEUNOM`) VALUES ('7080','12080','gudaxu');
INSERT INTO VEHICULE(`VEHIMMAT`,`VEHNOM`) VALUES ('QF030TE','Citroen ');

INSERT INTO CHAUFFEUR(`CHFID`,`CHFNOM`,`CHFPRENOM`,`CHFTEL`,`CHFMAIL`) VALUES ('3090','Bernard ','Gabriel ','0681832383 ','Gabriel.Bernard@gmail.com');
INSERT INTO COMMUNE(`VILID`,`VILNOM`) VALUES ('12090','Fécocourt ');
INSERT INTO LIEU(`LIEUID`,`VILID`,`LIEUNOM`) VALUES ('7090','12090','weqifaq');
INSERT INTO VEHICULE(`VEHIMMAT`,`VEHNOM`) VALUES ('HO909UD','Volkswagen ');

INSERT INTO CHAUFFEUR(`CHFID`,`CHFNOM`,`CHFPRENOM`,`CHFTEL`,`CHFMAIL`) VALUES ('3100','Lecomte ','Candice ','0601894503 ','Candice.Lecomte@gmail.com');
INSERT INTO COMMUNE(`VILID`,`VILNOM`) VALUES ('12100','Villeneuve-sur-Fère ');
INSERT INTO LIEU(`LIEUID`,`VILID`,`LIEUNOM`) VALUES ('7100','12100','mmanammi');
INSERT INTO VEHICULE(`VEHIMMAT`,`VEHNOM`) VALUES ('NW309CP','BMW ');

INSERT INTO CHAUFFEUR(`CHFID`,`CHFNOM`,`CHFPRENOM`,`CHFTEL`,`CHFMAIL`) VALUES ('3110','Rolland ','Maelys ','0665236169 ','Maelys.Rolland@gmail.com');
INSERT INTO COMMUNE(`VILID`,`VILNOM`) VALUES ('12110','Ardilleux ');
INSERT INTO LIEU(`LIEUID`,`VILID`,`LIEUNOM`) VALUES ('7110','12110','lazif');
INSERT INTO VEHICULE(`VEHIMMAT`,`VEHNOM`) VALUES ('QD270PS','BMW ');

INSERT INTO CHAUFFEUR(`CHFID`,`CHFNOM`,`CHFPRENOM`,`CHFTEL`,`CHFMAIL`) VALUES ('3120','Leger ','Alexis ','0601892505 ','Alexis.Leger@gmail.com');
INSERT INTO COMMUNE(`VILID`,`VILNOM`) VALUES ('12120','Anthy-sur-Léman ');
INSERT INTO LIEU(`LIEUID`,`VILID`,`LIEUNOM`) VALUES ('7120','12120','mmesu');
INSERT INTO VEHICULE(`VEHIMMAT`,`VEHNOM`) VALUES ('UF492NU','Renault ');

INSERT INTO CHAUFFEUR(`CHFID`,`CHFNOM`,`CHFPRENOM`,`CHFTEL`,`CHFMAIL`) VALUES ('3130','Cousin ','Noë ','0689272581 ','Noë.Cousin@gmail.com');
INSERT INTO COMMUNE(`VILID`,`VILNOM`) VALUES ('12130','Agenville ');
INSERT INTO LIEU(`LIEUID`,`VILID`,`LIEUNOM`) VALUES ('7130','12130','ssuffakin');
INSERT INTO VEHICULE(`VEHIMMAT`,`VEHNOM`) VALUES ('XK749MX','BMW ');

INSERT INTO CHAUFFEUR(`CHFID`,`CHFNOM`,`CHFPRENOM`,`CHFTEL`,`CHFMAIL`) VALUES ('3140','Rodrigues ','Renaud ','0623278767 ','Renaud.Rodrigues@gmail.com');
INSERT INTO COMMUNE(`VILID`,`VILNOM`) VALUES ('12140','Connantre ');
INSERT INTO LIEU(`LIEUID`,`VILID`,`LIEUNOM`) VALUES ('7140','12140','gykahapper');
INSERT INTO VEHICULE(`VEHIMMAT`,`VEHNOM`) VALUES ('YZ414DW','Renault ');

INSERT INTO CHAUFFEUR(`CHFID`,`CHFNOM`,`CHFPRENOM`,`CHFTEL`,`CHFMAIL`) VALUES ('3150','Gonzalez ','Julien ','0601298507 ','Julien.Gonzalez@gmail.com');
INSERT INTO COMMUNE(`VILID`,`VILNOM`) VALUES ('12150','Havernas ');
INSERT INTO LIEU(`LIEUID`,`VILID`,`LIEUNOM`) VALUES ('7150','12150','qogarresso');
INSERT INTO VEHICULE(`VEHIMMAT`,`VEHNOM`) VALUES ('AX494TM','Renault ');

INSERT INTO CHAUFFEUR(`CHFID`,`CHFNOM`,`CHFPRENOM`,`CHFTEL`,`CHFMAIL`) VALUES ('3160','Marty ','Gabriel ','0623416301 ','Gabriel.Marty@gmail.com');
INSERT INTO COMMUNE(`VILID`,`VILNOM`) VALUES ('12160','Bergholtzzell ');
INSERT INTO LIEU(`LIEUID`,`VILID`,`LIEUNOM`) VALUES ('7160','12160','bepiffe');
INSERT INTO VEHICULE(`VEHIMMAT`,`VEHNOM`) VALUES ('CB250LI','Peugeot ');

INSERT INTO CHAUFFEUR(`CHFID`,`CHFNOM`,`CHFPRENOM`,`CHFTEL`,`CHFMAIL`) VALUES ('3170','Lebrun ','Lilian ','0623278767 ','Lilian.Lebrun@gmail.com');
INSERT INTO COMMUNE(`VILID`,`VILNOM`) VALUES ('12170','Chaînée-des-Coupis ');
INSERT INTO LIEU(`LIEUID`,`VILID`,`LIEUNOM`) VALUES ('7170','12170','ddosa');
INSERT INTO VEHICULE(`VEHIMMAT`,`VEHNOM`) VALUES ('CB872TK','Fiat ');

INSERT INTO CHAUFFEUR(`CHFID`,`CHFNOM`,`CHFPRENOM`,`CHFTEL`,`CHFMAIL`) VALUES ('3180','Jacob ','Élouan ','0607832509 ','Élouan.Jacob@gmail.com');
INSERT INTO COMMUNE(`VILID`,`VILNOM`) VALUES ('12180','Pied-de-Borne ');
INSERT INTO LIEU(`LIEUID`,`VILID`,`LIEUNOM`) VALUES ('7180','12180','daxosussenn');
INSERT INTO VEHICULE(`VEHIMMAT`,`VEHNOM`) VALUES ('LK729IX','Citroen ');

INSERT INTO CHAUFFEUR(`CHFID`,`CHFNOM`,`CHFPRENOM`,`CHFTEL`,`CHFMAIL`) VALUES ('3190','Thibault ','Dimitri ','0687654907 ','Dimitri.Thibault@gmail.com');
INSERT INTO COMMUNE(`VILID`,`VILNOM`) VALUES ('12190','Eyrein ');
INSERT INTO LIEU(`LIEUID`,`VILID`,`LIEUNOM`) VALUES ('7190','12190','kanukasso');
INSERT INTO VEHICULE(`VEHIMMAT`,`VEHNOM`) VALUES ('FQ967EV','Fiat ');

INSERT INTO CHAUFFEUR(`CHFID`,`CHFNOM`,`CHFPRENOM`,`CHFTEL`,`CHFMAIL`) VALUES ('3200','Duhamel ','Noë ','0601812327 ','Noë.Duhamel@gmail.com');
INSERT INTO COMMUNE(`VILID`,`VILNOM`) VALUES ('12200','Lunel-Viel ');
INSERT INTO LIEU(`LIEUID`,`VILID`,`LIEUNOM`) VALUES ('7200','12200','nyteme');
INSERT INTO VEHICULE(`VEHIMMAT`,`VEHNOM`) VALUES ('HC569WR','BMW ');

INSERT INTO CHAUFFEUR(`CHFID`,`CHFNOM`,`CHFPRENOM`,`CHFTEL`,`CHFMAIL`) VALUES ('3210','Rossignol ','Sarah ','0607614965 ','Sarah.Rossignol@gmail.com');
INSERT INTO COMMUNE(`VILID`,`VILNOM`) VALUES ('12210','Aunou-sur-Orne ');
INSERT INTO LIEU(`LIEUID`,`VILID`,`LIEUNOM`) VALUES ('7210','12210','huhas');
INSERT INTO VEHICULE(`VEHIMMAT`,`VEHNOM`) VALUES ('CT658LE','BMW ');

INSERT INTO CHAUFFEUR(`CHFID`,`CHFNOM`,`CHFPRENOM`,`CHFTEL`,`CHFMAIL`) VALUES ('3220','Bourdon ','Léon ','0623874789 ','Léon.Bourdon@gmail.com');
INSERT INTO COMMUNE(`VILID`,`VILNOM`) VALUES ('12220','Baltzenheim ');
INSERT INTO LIEU(`LIEUID`,`VILID`,`LIEUNOM`) VALUES ('7220','12220','ssorupp');
INSERT INTO VEHICULE(`VEHIMMAT`,`VEHNOM`) VALUES ('XS385IP','Renault ');

INSERT INTO CHAUFFEUR(`CHFID`,`CHFNOM`,`CHFPRENOM`,`CHFTEL`,`CHFMAIL`) VALUES ('3230','Perret ','Zacharis ','0623278767 ','Zacharis.Perret@gmail.com');
INSERT INTO COMMUNE(`VILID`,`VILNOM`) VALUES ('12230','Vieux-Fumé ');
INSERT INTO LIEU(`LIEUID`,`VILID`,`LIEUNOM`) VALUES ('7230','12230','xaketyh');
INSERT INTO VEHICULE(`VEHIMMAT`,`VEHNOM`) VALUES ('IZ454RI','BMW ');

INSERT INTO CHAUFFEUR(`CHFID`,`CHFNOM`,`CHFPRENOM`,`CHFTEL`,`CHFMAIL`) VALUES ('3240','Leduc ','Tristan ','0621052761 ','Tristan.Leduc@gmail.com');
INSERT INTO COMMUNE(`VILID`,`VILNOM`) VALUES ('12240','Saint-Ambreuil ');
INSERT INTO LIEU(`LIEUID`,`VILID`,`LIEUNOM`) VALUES ('7240','12240','mmoky');
INSERT INTO VEHICULE(`VEHIMMAT`,`VEHNOM`) VALUES ('YV036RE','Peugeot ');

INSERT INTO CHAUFFEUR(`CHFID`,`CHFNOM`,`CHFPRENOM`,`CHFTEL`,`CHFMAIL`) VALUES ('3250','Leger ','Zacharis ','0647694167 ','Zacharis.Leger@gmail.com');
INSERT INTO COMMUNE(`VILID`,`VILNOM`) VALUES ('12250','Auvet-et-la-Chapelotte ');
INSERT INTO LIEU(`LIEUID`,`VILID`,`LIEUNOM`) VALUES ('7250','12250','xutteppa');
INSERT INTO VEHICULE(`VEHIMMAT`,`VEHNOM`) VALUES ('WJ814LS','Citroen ');

INSERT INTO CHAUFFEUR(`CHFID`,`CHFNOM`,`CHFPRENOM`,`CHFTEL`,`CHFMAIL`) VALUES ('3260','Gaudin ','Edwige ','0685874383 ','Edwige.Gaudin@gmail.com');
INSERT INTO COMMUNE(`VILID`,`VILNOM`) VALUES ('12260','Courchamps ');
INSERT INTO LIEU(`LIEUID`,`VILID`,`LIEUNOM`) VALUES ('7260','12260','silladiff');
INSERT INTO VEHICULE(`VEHIMMAT`,`VEHNOM`) VALUES ('RI363UR','Ford ');

INSERT INTO CHAUFFEUR(`CHFID`,`CHFNOM`,`CHFPRENOM`,`CHFTEL`,`CHFMAIL`) VALUES ('3270','Colin ','Baptiste ','0645012307 ','Baptiste.Colin@gmail.com');
INSERT INTO COMMUNE(`VILID`,`VILNOM`) VALUES ('12270','Gondrecourt-Aix ');
INSERT INTO LIEU(`LIEUID`,`VILID`,`LIEUNOM`) VALUES ('7270','12270','kuget');
INSERT INTO VEHICULE(`VEHIMMAT`,`VEHNOM`) VALUES ('AL410JE','Volkswagen ');

INSERT INTO CHAUFFEUR(`CHFID`,`CHFNOM`,`CHFPRENOM`,`CHFTEL`,`CHFMAIL`) VALUES ('3280','Boulanger ','Marwane ','0689614309 ','Marwane.Boulanger@gmail.com');
INSERT INTO COMMUNE(`VILID`,`VILNOM`) VALUES ('12280','Ferrière-la-Grande ');
INSERT INTO LIEU(`LIEUID`,`VILID`,`LIEUNOM`) VALUES ('7280','12280','weviziwer');
INSERT INTO VEHICULE(`VEHIMMAT`,`VEHNOM`) VALUES ('JE503YV','Peugeot ');

INSERT INTO CHAUFFEUR(`CHFID`,`CHFNOM`,`CHFPRENOM`,`CHFTEL`,`CHFMAIL`) VALUES ('3290','Pierre ','Ethan ','0645610725 ','Ethan.Pierre@gmail.com');
INSERT INTO COMMUNE(`VILID`,`VILNOM`) VALUES ('12290','Chalais ');
INSERT INTO LIEU(`LIEUID`,`VILID`,`LIEUNOM`) VALUES ('7290','12290','riddara');
INSERT INTO VEHICULE(`VEHIMMAT`,`VEHNOM`) VALUES ('XC361CF','Volkswagen ');

INSERT INTO CHAUFFEUR(`CHFID`,`CHFNOM`,`CHFPRENOM`,`CHFTEL`,`CHFMAIL`) VALUES ('3300','Lacroix ','Félix ','0647212943 ','Félix.Lacroix@gmail.com');
INSERT INTO COMMUNE(`VILID`,`VILNOM`) VALUES ('12300','Villette-lès-Dole ');
INSERT INTO LIEU(`LIEUID`,`VILID`,`LIEUNOM`) VALUES ('7300','12300','nnovepewax');
INSERT INTO VEHICULE(`VEHIMMAT`,`VEHNOM`) VALUES ('UL816TW','Fiat ');

INSERT INTO CHAUFFEUR(`CHFID`,`CHFNOM`,`CHFPRENOM`,`CHFTEL`,`CHFMAIL`) VALUES ('3310','Perrot ','Lucas ','0621454123 ','Lucas.Perrot@gmail.com');
INSERT INTO COMMUNE(`VILID`,`VILNOM`) VALUES ('12310','Anglefort ');
INSERT INTO LIEU(`LIEUID`,`VILID`,`LIEUNOM`) VALUES ('7310','12310','mmagodd');
INSERT INTO VEHICULE(`VEHIMMAT`,`VEHNOM`) VALUES ('LE905EZ','Citroen ');

INSERT INTO CHAUFFEUR(`CHFID`,`CHFNOM`,`CHFPRENOM`,`CHFTEL`,`CHFMAIL`) VALUES ('3320','Herve ','Noë ','0661850585 ','Noë.Herve@gmail.com');
INSERT INTO COMMUNE(`VILID`,`VILNOM`) VALUES ('12320','Chevagny-sur-Guye ');
INSERT INTO LIEU(`LIEUID`,`VILID`,`LIEUNOM`) VALUES ('7320','12320','pyrry');
INSERT INTO VEHICULE(`VEHIMMAT`,`VEHNOM`) VALUES ('JO147YV','Citroen ');

INSERT INTO CHAUFFEUR(`CHFID`,`CHFNOM`,`CHFPRENOM`,`CHFTEL`,`CHFMAIL`) VALUES ('3330','Antoine ','Jordan ','0625090787 ','Jordan.Antoine@gmail.com');
INSERT INTO COMMUNE(`VILID`,`VILNOM`) VALUES ('12330','Saint-Pierremont ');
INSERT INTO LIEU(`LIEUID`,`VILID`,`LIEUNOM`) VALUES ('7330','12330','vocaxopig');
INSERT INTO VEHICULE(`VEHIMMAT`,`VEHNOM`) VALUES ('WR456PC','Opel');

INSERT INTO CHAUFFEUR(`CHFID`,`CHFNOM`,`CHFPRENOM`,`CHFTEL`,`CHFMAIL`) VALUES ('3340','Boulanger ','Alexandre ','0603298747 ','Alexandre.Boulanger@gmail.com');
INSERT INTO COMMUNE(`VILID`,`VILNOM`) VALUES ('12340','Saint-Blin ');
INSERT INTO LIEU(`LIEUID`,`VILID`,`LIEUNOM`) VALUES ('7340','12340','ttorrowage');
INSERT INTO VEHICULE(`VEHIMMAT`,`VEHNOM`) VALUES ('CL416DS','Peugeot ');

INSERT INTO CHAUFFEUR(`CHFID`,`CHFNOM`,`CHFPRENOM`,`CHFTEL`,`CHFMAIL`) VALUES ('3350','Perez ','Amine ','0605018987 ','Amine.Perez@gmail.com');
INSERT INTO COMMUNE(`VILID`,`VILNOM`) VALUES ('12350','Le Breuil ');
INSERT INTO LIEU(`LIEUID`,`VILID`,`LIEUNOM`) VALUES ('7350','12350','tutturroko');
INSERT INTO VEHICULE(`VEHIMMAT`,`VEHNOM`) VALUES ('CZ474FC','Ford ');

INSERT INTO CHAUFFEUR(`CHFID`,`CHFNOM`,`CHFPRENOM`,`CHFTEL`,`CHFMAIL`) VALUES ('3360','Renaud ','Nicolas ','0669496721 ','Nicolas.Renaud@gmail.com');
INSERT INTO COMMUNE(`VILID`,`VILNOM`) VALUES ('12360','Mont-Saint-Père ');
INSERT INTO LIEU(`LIEUID`,`VILID`,`LIEUNOM`) VALUES ('7360','12360','nnugo');
INSERT INTO VEHICULE(`VEHIMMAT`,`VEHNOM`) VALUES ('AL052VU','Opel');

INSERT INTO CHAUFFEUR(`CHFID`,`CHFNOM`,`CHFPRENOM`,`CHFTEL`,`CHFMAIL`) VALUES ('3370','Pereira ','Thomas ','0645454569 ','Thomas.Pereira@gmail.com');
INSERT INTO COMMUNE(`VILID`,`VILNOM`) VALUES ('12370','Chemellier ');
INSERT INTO LIEU(`LIEUID`,`VILID`,`LIEUNOM`) VALUES ('7370','12370','nyrrom');
INSERT INTO VEHICULE(`VEHIMMAT`,`VEHNOM`) VALUES ('DQ383IX','Citroen ');

INSERT INTO CHAUFFEUR(`CHFID`,`CHFNOM`,`CHFPRENOM`,`CHFTEL`,`CHFMAIL`) VALUES ('3380','Delaunay ','Lorenzo ','0683878723 ','Lorenzo.Delaunay@gmail.com');
INSERT INTO COMMUNE(`VILID`,`VILNOM`) VALUES ('12380','Saint-Bernard ');
INSERT INTO LIEU(`LIEUID`,`VILID`,`LIEUNOM`) VALUES ('7380','12380','nnateje');
INSERT INTO VEHICULE(`VEHIMMAT`,`VEHNOM`) VALUES ('TY181YH','Citroen ');

INSERT INTO CHAUFFEUR(`CHFID`,`CHFNOM`,`CHFPRENOM`,`CHFTEL`,`CHFMAIL`) VALUES ('3390','Jacques ','Thomas ','0667214707 ','Thomas.Jacques@gmail.com');
INSERT INTO COMMUNE(`VILID`,`VILNOM`) VALUES ('12390','Beaucourt-sur-l\'Hallue ');
INSERT INTO LIEU(`LIEUID`,`VILID`,`LIEUNOM`) VALUES ('7390','12390','rryna');
INSERT INTO VEHICULE(`VEHIMMAT`,`VEHNOM`) VALUES ('VU325WR','Renault ');

INSERT INTO CHAUFFEUR(`CHFID`,`CHFNOM`,`CHFPRENOM`,`CHFTEL`,`CHFMAIL`) VALUES ('3400','Martins ','Bruno ','0645298725 ','Bruno.Martins@gmail.com');
INSERT INTO COMMUNE(`VILID`,`VILNOM`) VALUES ('12400','Saint-Jean-d\'Ardières ');
INSERT INTO LIEU(`LIEUID`,`VILID`,`LIEUNOM`) VALUES ('7400','12400','ffemmova');
INSERT INTO VEHICULE(`VEHIMMAT`,`VEHNOM`) VALUES ('VA323EB','Volkswagen ');

INSERT INTO CHAUFFEUR(`CHFID`,`CHFNOM`,`CHFPRENOM`,`CHFTEL`,`CHFMAIL`) VALUES ('3410','Lopez ','Marie ','0603276343 ','Marie.Lopez@gmail.com');
INSERT INTO COMMUNE(`VILID`,`VILNOM`) VALUES ('12410','Spycker ');
INSERT INTO LIEU(`LIEUID`,`VILID`,`LIEUNOM`) VALUES ('7410','12410','ppapallamemm');
INSERT INTO VEHICULE(`VEHIMMAT`,`VEHNOM`) VALUES ('YF274FI','Volkswagen ');

INSERT INTO CHAUFFEUR(`CHFID`,`CHFNOM`,`CHFPRENOM`,`CHFTEL`,`CHFMAIL`) VALUES ('3420','Bailly ','Yohan ','0685054149 ','Yohan.Bailly@gmail.com');
INSERT INTO COMMUNE(`VILID`,`VILNOM`) VALUES ('12420','Chevroches ');
INSERT INTO LIEU(`LIEUID`,`VILID`,`LIEUNOM`) VALUES ('7420','12420','ffawo');
INSERT INTO VEHICULE(`VEHIMMAT`,`VEHNOM`) VALUES ('QH290VM','Opel');

INSERT INTO CHAUFFEUR(`CHFID`,`CHFNOM`,`CHFPRENOM`,`CHFTEL`,`CHFMAIL`) VALUES ('3430','Guichard ','Mathieu ','0681832383 ','Mathieu.Guichard@gmail.com');
INSERT INTO COMMUNE(`VILID`,`VILNOM`) VALUES ('12430','Champguyon ');
INSERT INTO LIEU(`LIEUID`,`VILID`,`LIEUNOM`) VALUES ('7430','12430','dditabiqi');
INSERT INTO VEHICULE(`VEHIMMAT`,`VEHNOM`) VALUES ('YZ854TO','Opel');

INSERT INTO CHAUFFEUR(`CHFID`,`CHFNOM`,`CHFPRENOM`,`CHFTEL`,`CHFMAIL`) VALUES ('3440','Francois ','Lisa ','0645012307 ','Lisa.Francois@gmail.com');
INSERT INTO COMMUNE(`VILID`,`VILNOM`) VALUES ('12440','Brignac-la-Plaine ');
INSERT INTO LIEU(`LIEUID`,`VILID`,`LIEUNOM`) VALUES ('7440','12440','ssozem');
INSERT INTO VEHICULE(`VEHIMMAT`,`VEHNOM`) VALUES ('ZA705KN','Volkswagen ');

INSERT INTO CHAUFFEUR(`CHFID`,`CHFNOM`,`CHFPRENOM`,`CHFTEL`,`CHFMAIL`) VALUES ('3450','Dos santos ','Yohan ','0621218301 ','Yohan.Dos santos@gmail.com');
INSERT INTO COMMUNE(`VILID`,`VILNOM`) VALUES ('12450','Puybarban ');
INSERT INTO LIEU(`LIEUID`,`VILID`,`LIEUNOM`) VALUES ('7450','12450','ttymmepp');
INSERT INTO VEHICULE(`VEHIMMAT`,`VEHNOM`) VALUES ('AR630ZA','BMW ');

INSERT INTO CHAUFFEUR(`CHFID`,`CHFNOM`,`CHFPRENOM`,`CHFTEL`,`CHFMAIL`) VALUES ('3460','Laporte ','Léonard ','0669496721 ','Léonard.Laporte@gmail.com');
INSERT INTO COMMUNE(`VILID`,`VILNOM`) VALUES ('12460','Lacave ');
INSERT INTO LIEU(`LIEUID`,`VILID`,`LIEUNOM`) VALUES ('7460','12460','ddacedohu');
INSERT INTO VEHICULE(`VEHIMMAT`,`VEHNOM`) VALUES ('WH810PI','Ford ');

INSERT INTO CHAUFFEUR(`CHFID`,`CHFNOM`,`CHFPRENOM`,`CHFTEL`,`CHFMAIL`) VALUES ('3470','Perrot ','Nolan ','0689852943 ','Nolan.Perrot@gmail.com');
INSERT INTO COMMUNE(`VILID`,`VILNOM`) VALUES ('12470','La Calotterie ');
INSERT INTO LIEU(`LIEUID`,`VILID`,`LIEUNOM`) VALUES ('7470','12470','hummevax');
INSERT INTO VEHICULE(`VEHIMMAT`,`VEHNOM`) VALUES ('VE587WJ','Citroen ');

INSERT INTO CHAUFFEUR(`CHFID`,`CHFNOM`,`CHFPRENOM`,`CHFTEL`,`CHFMAIL`) VALUES ('3480','Laporte ','Zacharis ','0629216167 ','Zacharis.Laporte@gmail.com');
INSERT INTO COMMUNE(`VILID`,`VILNOM`) VALUES ('12480','Tanconville ');
INSERT INTO LIEU(`LIEUID`,`VILID`,`LIEUNOM`) VALUES ('7480','12480','winakiki');
INSERT INTO VEHICULE(`VEHIMMAT`,`VEHNOM`) VALUES ('VK787IR','Fiat ');

INSERT INTO CHAUFFEUR(`CHFID`,`CHFNOM`,`CHFPRENOM`,`CHFTEL`,`CHFMAIL`) VALUES ('3490','Rousseau ','Cédric ','0603276343 ','Cédric.Rousseau@gmail.com');
INSERT INTO COMMUNE(`VILID`,`VILNOM`) VALUES ('12490','La Ville-aux-Bois-lès-Pontavert ');
INSERT INTO LIEU(`LIEUID`,`VILID`,`LIEUNOM`) VALUES ('7490','12490','panyq');
INSERT INTO VEHICULE(`VEHIMMAT`,`VEHNOM`) VALUES ('EN694RU','Opel');

INSERT INTO CHAUFFEUR(`CHFID`,`CHFNOM`,`CHFPRENOM`,`CHFTEL`,`CHFMAIL`) VALUES ('3500','Perrier ','Mathis ','0605214141 ','Mathis.Perrier@gmail.com');
INSERT INTO COMMUNE(`VILID`,`VILNOM`) VALUES ('12500','Jussy ');
INSERT INTO LIEU(`LIEUID`,`VILID`,`LIEUNOM`) VALUES ('7500','12500','ssaddarr');
INSERT INTO VEHICULE(`VEHIMMAT`,`VEHNOM`) VALUES ('DG929WV','Ford ');

INSERT INTO CHAUFFEUR(`CHFID`,`CHFNOM`,`CHFPRENOM`,`CHFTEL`,`CHFMAIL`) VALUES ('3510','Guillon ','Anaël ','0685636581 ','Anaël.Guillon@gmail.com');
INSERT INTO COMMUNE(`VILID`,`VILNOM`) VALUES ('12510','Cahuzac ');
INSERT INTO LIEU(`LIEUID`,`VILID`,`LIEUNOM`) VALUES ('7510','12510','ttebemeloh');
INSERT INTO VEHICULE(`VEHIMMAT`,`VEHNOM`) VALUES ('MZ690VO','Opel');

INSERT INTO CHAUFFEUR(`CHFID`,`CHFNOM`,`CHFPRENOM`,`CHFTEL`,`CHFMAIL`) VALUES ('3520','Marie ','Clément ','0647212585 ','Clément.Marie@gmail.com');
INSERT INTO COMMUNE(`VILID`,`VILNOM`) VALUES ('12520','Saint-Jean-de-Thouars ');
INSERT INTO LIEU(`LIEUID`,`VILID`,`LIEUNOM`) VALUES ('7520','12520','ppulaxupo');
INSERT INTO VEHICULE(`VEHIMMAT`,`VEHNOM`) VALUES ('GZ094RM','Ford ');

INSERT INTO CHAUFFEUR(`CHFID`,`CHFNOM`,`CHFPRENOM`,`CHFTEL`,`CHFMAIL`) VALUES ('3530','Leroy ','Edwige ','0687816783 ','Edwige.Leroy@gmail.com');
INSERT INTO COMMUNE(`VILID`,`VILNOM`) VALUES ('12530','Montravers ');
INSERT INTO LIEU(`LIEUID`,`VILID`,`LIEUNOM`) VALUES ('7530','12530','ffeddotuke');
INSERT INTO VEHICULE(`VEHIMMAT`,`VEHNOM`) VALUES ('QN034DK','Opel');

INSERT INTO CHAUFFEUR(`CHFID`,`CHFNOM`,`CHFPRENOM`,`CHFTEL`,`CHFMAIL`) VALUES ('3540','Leroux ','Esteban ','0685054149 ','Esteban.Leroux@gmail.com');
INSERT INTO COMMUNE(`VILID`,`VILNOM`) VALUES ('12540','Bellecombe ');
INSERT INTO LIEU(`LIEUID`,`VILID`,`LIEUNOM`) VALUES ('7540','12540','killozomip');
INSERT INTO VEHICULE(`VEHIMMAT`,`VEHNOM`) VALUES ('ZS525UH','Ford ');

INSERT INTO CHAUFFEUR(`CHFID`,`CHFNOM`,`CHFPRENOM`,`CHFTEL`,`CHFMAIL`) VALUES ('3550','Lefebvre ','Julien ','0625616389 ','Julien.Lefebvre@gmail.com');
INSERT INTO COMMUNE(`VILID`,`VILNOM`) VALUES ('12550','Monestier-Merlines ');
INSERT INTO LIEU(`LIEUID`,`VILID`,`LIEUNOM`) VALUES ('7550','12550','possenacyj');
INSERT INTO VEHICULE(`VEHIMMAT`,`VEHNOM`) VALUES ('CN278XK','Opel');

INSERT INTO CHAUFFEUR(`CHFID`,`CHFNOM`,`CHFPRENOM`,`CHFTEL`,`CHFMAIL`) VALUES ('3560','Thierry','Yohan ','0601298507 ','Yohan.Thierry@gmail.com');
INSERT INTO COMMUNE(`VILID`,`VILNOM`) VALUES ('12560','Binic ');
INSERT INTO LIEU(`LIEUID`,`VILID`,`LIEUNOM`) VALUES ('7560','12560','xenasida');
INSERT INTO VEHICULE(`VEHIMMAT`,`VEHNOM`) VALUES ('WR430DC','Ford ');

INSERT INTO CHAUFFEUR(`CHFID`,`CHFNOM`,`CHFPRENOM`,`CHFTEL`,`CHFMAIL`) VALUES ('3570','Blanchet ','Clémence ','0629872569 ','Clémence.Blanchet@gmail.com');
INSERT INTO COMMUNE(`VILID`,`VILNOM`) VALUES ('12570','Mécleuves ');
INSERT INTO LIEU(`LIEUID`,`VILID`,`LIEUNOM`) VALUES ('7570','12570','kibevedd');
INSERT INTO VEHICULE(`VEHIMMAT`,`VEHNOM`) VALUES ('FI703SP','BMW ');

INSERT INTO CHAUFFEUR(`CHFID`,`CHFNOM`,`CHFPRENOM`,`CHFTEL`,`CHFMAIL`) VALUES ('3580','Garnier ','Yüna ','0683878723 ','Yüna.Garnier@gmail.com');
INSERT INTO COMMUNE(`VILID`,`VILNOM`) VALUES ('12580','Repentigny ');
INSERT INTO LIEU(`LIEUID`,`VILID`,`LIEUNOM`) VALUES ('7580','12580','sovonn');
INSERT INTO VEHICULE(`VEHIMMAT`,`VEHNOM`) VALUES ('QJ050DQ','Fiat ');

INSERT INTO CHAUFFEUR(`CHFID`,`CHFNOM`,`CHFPRENOM`,`CHFTEL`,`CHFMAIL`) VALUES ('3590','Roy ','Louis ','0687410981 ','Louis.Roy@gmail.com');
INSERT INTO COMMUNE(`VILID`,`VILNOM`) VALUES ('12590','Michelbach-le-Haut ');
INSERT INTO LIEU(`LIEUID`,`VILID`,`LIEUNOM`) VALUES ('7590','12590','jekissirall');
INSERT INTO VEHICULE(`VEHIMMAT`,`VEHNOM`) VALUES ('VG129MH','Ford ');

INSERT INTO CHAUFFEUR(`CHFID`,`CHFNOM`,`CHFPRENOM`,`CHFTEL`,`CHFMAIL`) VALUES ('3600','Le gall ','Martin ','0607058927 ','Martin.Le gall@gmail.com');
INSERT INTO COMMUNE(`VILID`,`VILNOM`) VALUES ('12600','Saint-Martin-de-Landelles ');
INSERT INTO LIEU(`LIEUID`,`VILID`,`LIEUNOM`) VALUES ('7600','12600','ttecaffaval');
INSERT INTO VEHICULE(`VEHIMMAT`,`VEHNOM`) VALUES ('YP034RI','Peugeot ');

INSERT INTO CHAUFFEUR(`CHFID`,`CHFNOM`,`CHFPRENOM`,`CHFTEL`,`CHFMAIL`) VALUES ('3610','Prevost ','Timéo ','0623032949 ','Timéo.Prevost@gmail.com');
INSERT INTO COMMUNE(`VILID`,`VILNOM`) VALUES ('12610','Pouilley-les-Vignes ');
INSERT INTO LIEU(`LIEUID`,`VILID`,`LIEUNOM`) VALUES ('7610','12610','vennassak');
INSERT INTO VEHICULE(`VEHIMMAT`,`VEHNOM`) VALUES ('JW585CB','Ford ');

INSERT INTO CHAUFFEUR(`CHFID`,`CHFNOM`,`CHFPRENOM`,`CHFTEL`,`CHFMAIL`) VALUES ('3620','Ferreira ','Capucine ','0687412529 ','Capucine.Ferreira@gmail.com');
INSERT INTO COMMUNE(`VILID`,`VILNOM`) VALUES ('12620','Brandeville ');
INSERT INTO LIEU(`LIEUID`,`VILID`,`LIEUNOM`) VALUES ('7620','12620','canydy');
INSERT INTO VEHICULE(`VEHIMMAT`,`VEHNOM`) VALUES ('VU767YP','Fiat ');

INSERT INTO CHAUFFEUR(`CHFID`,`CHFNOM`,`CHFPRENOM`,`CHFTEL`,`CHFMAIL`) VALUES ('3630','Devaux ','Florentin ','0629872569 ','Florentin.Devaux@gmail.com');
INSERT INTO COMMUNE(`VILID`,`VILNOM`) VALUES ('12630','Vennans ');
INSERT INTO LIEU(`LIEUID`,`VILID`,`LIEUNOM`) VALUES ('7630','12630','rrubuweke');
INSERT INTO VEHICULE(`VEHIMMAT`,`VEHNOM`) VALUES ('PC521UF','Volkswagen ');

INSERT INTO CHAUFFEUR(`CHFID`,`CHFNOM`,`CHFPRENOM`,`CHFTEL`,`CHFMAIL`) VALUES ('3640','Boyer ','Léonie ','0661698701 ','Léonie.Boyer@gmail.com');
INSERT INTO COMMUNE(`VILID`,`VILNOM`) VALUES ('12640','Longraye ');
INSERT INTO LIEU(`LIEUID`,`VILID`,`LIEUNOM`) VALUES ('7640','12640','dysennali');
INSERT INTO VEHICULE(`VEHIMMAT`,`VEHNOM`) VALUES ('BW723EZ','Ford ');

INSERT INTO CHAUFFEUR(`CHFID`,`CHFNOM`,`CHFPRENOM`,`CHFTEL`,`CHFMAIL`) VALUES ('3650','Alexandre ','Amine ','0623238167 ','Amine.Alexandre@gmail.com');
INSERT INTO COMMUNE(`VILID`,`VILNOM`) VALUES ('12650','Bussière-Saint-Georges ');
INSERT INTO LIEU(`LIEUID`,`VILID`,`LIEUNOM`) VALUES ('7650','12650','foffuxopim');
INSERT INTO VEHICULE(`VEHIMMAT`,`VEHNOM`) VALUES ('MT678RE','Volkswagen ');

INSERT INTO CHAUFFEUR(`CHFID`,`CHFNOM`,`CHFPRENOM`,`CHFTEL`,`CHFMAIL`) VALUES ('3660','Roux ','Valentin ','0687816783 ','Valentin.Roux@gmail.com');
INSERT INTO COMMUNE(`VILID`,`VILNOM`) VALUES ('12660','Gigney ');
INSERT INTO LIEU(`LIEUID`,`VILID`,`LIEUNOM`) VALUES ('7660','12660','cycelli');
INSERT INTO VEHICULE(`VEHIMMAT`,`VEHNOM`) VALUES ('SD214PY','Peugeot ');

INSERT INTO CHAUFFEUR(`CHFID`,`CHFNOM`,`CHFPRENOM`,`CHFTEL`,`CHFMAIL`) VALUES ('3670','Perrin ','Timéo ','0687816783 ','Timéo.Perrin@gmail.com');
INSERT INTO COMMUNE(`VILID`,`VILNOM`) VALUES ('12670','Montagny ');
INSERT INTO LIEU(`LIEUID`,`VILID`,`LIEUNOM`) VALUES ('7670','12670','ppewa');
INSERT INTO VEHICULE(`VEHIMMAT`,`VEHNOM`) VALUES ('YX230JA','Fiat ');

INSERT INTO CHAUFFEUR(`CHFID`,`CHFNOM`,`CHFPRENOM`,`CHFTEL`,`CHFMAIL`) VALUES ('3680','Lebreton ','Julien ','0687816783 ','Julien.Lebreton@gmail.com');
INSERT INTO COMMUNE(`VILID`,`VILNOM`) VALUES ('12680','Montaut ');
INSERT INTO LIEU(`LIEUID`,`VILID`,`LIEUNOM`) VALUES ('7680','12680','jefoll');
INSERT INTO VEHICULE(`VEHIMMAT`,`VEHNOM`) VALUES ('ZI523SV','Fiat ');

INSERT INTO CHAUFFEUR(`CHFID`,`CHFNOM`,`CHFPRENOM`,`CHFTEL`,`CHFMAIL`) VALUES ('3690','Benoit ','Léane ','0629872569 ','Léane.Benoit@gmail.com');
INSERT INTO COMMUNE(`VILID`,`VILNOM`) VALUES ('12690','Beuvezin ');
INSERT INTO LIEU(`LIEUID`,`VILID`,`LIEUNOM`) VALUES ('7690','12690','fojyhipopp');
INSERT INTO VEHICULE(`VEHIMMAT`,`VEHNOM`) VALUES ('WH876VO','Citroen ');

INSERT INTO CHAUFFEUR(`CHFID`,`CHFNOM`,`CHFPRENOM`,`CHFTEL`,`CHFMAIL`) VALUES ('3700','Dos santos ','Hélène ','0683234945 ','Hélène.Dos santos@gmail.com');
INSERT INTO COMMUNE(`VILID`,`VILNOM`) VALUES ('12700','Ribemont ');
INSERT INTO LIEU(`LIEUID`,`VILID`,`LIEUNOM`) VALUES ('7700','12700','fanok');
INSERT INTO VEHICULE(`VEHIMMAT`,`VEHNOM`) VALUES ('PI307EX','Fiat ');

INSERT INTO CHAUFFEUR(`CHFID`,`CHFNOM`,`CHFPRENOM`,`CHFTEL`,`CHFMAIL`) VALUES ('3710','Roger ','Sarah ','0605256709 ','Sarah.Roger@gmail.com');
INSERT INTO COMMUNE(`VILID`,`VILNOM`) VALUES ('12710','Brasc ');
INSERT INTO LIEU(`LIEUID`,`VILID`,`LIEUNOM`) VALUES ('7710','12710','ffulettoffess');
INSERT INTO VEHICULE(`VEHIMMAT`,`VEHNOM`) VALUES ('QX452NA','Citroen ');

INSERT INTO CHAUFFEUR(`CHFID`,`CHFNOM`,`CHFPRENOM`,`CHFTEL`,`CHFMAIL`) VALUES ('3720','Gauthier ','Maxime ','0685874383 ','Maxime.Gauthier@gmail.com');
INSERT INTO COMMUNE(`VILID`,`VILNOM`) VALUES ('12720','Sotteville-sur-Mer ');
INSERT INTO LIEU(`LIEUID`,`VILID`,`LIEUNOM`) VALUES ('7720','12720','weli');
INSERT INTO VEHICULE(`VEHIMMAT`,`VEHNOM`) VALUES ('QV652LA','Volkswagen ');

INSERT INTO CHAUFFEUR(`CHFID`,`CHFNOM`,`CHFPRENOM`,`CHFTEL`,`CHFMAIL`) VALUES ('3730','Cousin ','Clara ','0689852943 ','Clara.Cousin@gmail.com');
INSERT INTO COMMUNE(`VILID`,`VILNOM`) VALUES ('12730','Faux-la-Montagne ');
INSERT INTO LIEU(`LIEUID`,`VILID`,`LIEUNOM`) VALUES ('7730','12730','neroze');
INSERT INTO VEHICULE(`VEHIMMAT`,`VEHNOM`) VALUES ('OR694JI','BMW ');

INSERT INTO CHAUFFEUR(`CHFID`,`CHFNOM`,`CHFPRENOM`,`CHFTEL`,`CHFMAIL`) VALUES ('3740','Leveque ','Théo ','0681832383 ','Théo.Leveque@gmail.com');
INSERT INTO COMMUNE(`VILID`,`VILNOM`) VALUES ('12740','Buffon ');
INSERT INTO LIEU(`LIEUID`,`VILID`,`LIEUNOM`) VALUES ('7740','12740','cekofu');
INSERT INTO VEHICULE(`VEHIMMAT`,`VEHNOM`) VALUES ('KZ678TC','Peugeot ');

INSERT INTO CHAUFFEUR(`CHFID`,`CHFNOM`,`CHFPRENOM`,`CHFTEL`,`CHFMAIL`) VALUES ('3750','Faure ','Timothée ','0603298747 ','Timothée.Faure@gmail.com');
INSERT INTO COMMUNE(`VILID`,`VILNOM`) VALUES ('12750','Larroque-Toirac ');
INSERT INTO LIEU(`LIEUID`,`VILID`,`LIEUNOM`) VALUES ('7750','12750','hutta');
INSERT INTO VEHICULE(`VEHIMMAT`,`VEHNOM`) VALUES ('GZ490FQ','BMW ');

INSERT INTO CHAUFFEUR(`CHFID`,`CHFNOM`,`CHFPRENOM`,`CHFTEL`,`CHFMAIL`) VALUES ('3760','Guerin ','Cédric ','0685034341 ','Cédric.Guerin@gmail.com');
INSERT INTO COMMUNE(`VILID`,`VILNOM`) VALUES ('12760','Benque-Dessous-et-Dessus ');
INSERT INTO LIEU(`LIEUID`,`VILID`,`LIEUNOM`) VALUES ('7760','12760','caredavaq');
INSERT INTO VEHICULE(`VEHIMMAT`,`VEHNOM`) VALUES ('JA147GX','Opel');

INSERT INTO CHAUFFEUR(`CHFID`,`CHFNOM`,`CHFPRENOM`,`CHFTEL`,`CHFMAIL`) VALUES ('3770','Robert ','Charlotte ','0623416301 ','Charlotte.Robert@gmail.com');
INSERT INTO COMMUNE(`VILID`,`VILNOM`) VALUES ('12770','Saint-Paul ');
INSERT INTO LIEU(`LIEUID`,`VILID`,`LIEUNOM`) VALUES ('7770','12770','llidi');
INSERT INTO VEHICULE(`VEHIMMAT`,`VEHNOM`) VALUES ('HG969UX','Fiat ');

INSERT INTO CHAUFFEUR(`CHFID`,`CHFNOM`,`CHFPRENOM`,`CHFTEL`,`CHFMAIL`) VALUES ('3780','Nguyen ','Amine ','0629216167 ','Amine.Nguyen@gmail.com');
INSERT INTO COMMUNE(`VILID`,`VILNOM`) VALUES ('12780','Paréac ');
INSERT INTO LIEU(`LIEUID`,`VILID`,`LIEUNOM`) VALUES ('7780','12780','ddumune');
INSERT INTO VEHICULE(`VEHIMMAT`,`VEHNOM`) VALUES ('JI343ID','Fiat ');

INSERT INTO CHAUFFEUR(`CHFID`,`CHFNOM`,`CHFPRENOM`,`CHFTEL`,`CHFMAIL`) VALUES ('3790','Dupuis ','Amélie ','0687832121 ','Amélie.Dupuis@gmail.com');
INSERT INTO COMMUNE(`VILID`,`VILNOM`) VALUES ('12790','Loupiac ');
INSERT INTO LIEU(`LIEUID`,`VILID`,`LIEUNOM`) VALUES ('7790','12790','dunnupuje');
INSERT INTO VEHICULE(`VEHIMMAT`,`VEHNOM`) VALUES ('VE907IZ','Opel');

INSERT INTO CHAUFFEUR(`CHFID`,`CHFNOM`,`CHFPRENOM`,`CHFTEL`,`CHFMAIL`) VALUES ('3800','Gauthier ','Alexandre ','0669496721 ','Alexandre.Gauthier@gmail.com');
INSERT INTO COMMUNE(`VILID`,`VILNOM`) VALUES ('12800','Chéry ');
INSERT INTO LIEU(`LIEUID`,`VILID`,`LIEUNOM`) VALUES ('7800','12800','ddanasselett');
INSERT INTO VEHICULE(`VEHIMMAT`,`VEHNOM`) VALUES ('QR432RC','Opel');

INSERT INTO CHAUFFEUR(`CHFID`,`CHFNOM`,`CHFPRENOM`,`CHFTEL`,`CHFMAIL`) VALUES ('3810','Francois ','Élouan ','0665092307 ','Élouan.Francois@gmail.com');
INSERT INTO COMMUNE(`VILID`,`VILNOM`) VALUES ('12810','Salomé ');
INSERT INTO LIEU(`LIEUID`,`VILID`,`LIEUNOM`) VALUES ('7810','12810','fevattejo');
INSERT INTO VEHICULE(`VEHIMMAT`,`VEHNOM`) VALUES ('UR474DC','Peugeot ');

INSERT INTO CHAUFFEUR(`CHFID`,`CHFNOM`,`CHFPRENOM`,`CHFTEL`,`CHFMAIL`) VALUES ('3820','Bigot ','Élouan ','0681670345 ','Élouan.Bigot@gmail.com');
INSERT INTO COMMUNE(`VILID`,`VILNOM`) VALUES ('12820','Chauconin-Neufmontiers ');
INSERT INTO LIEU(`LIEUID`,`VILID`,`LIEUNOM`) VALUES ('7820','12820','dezik');
INSERT INTO VEHICULE(`VEHIMMAT`,`VEHNOM`) VALUES ('JO741UL','Ford ');

INSERT INTO CHAUFFEUR(`CHFID`,`CHFNOM`,`CHFPRENOM`,`CHFTEL`,`CHFMAIL`) VALUES ('3830','Leroux ','Angelina ','0641896583 ','Angelina.Leroux@gmail.com');
INSERT INTO COMMUNE(`VILID`,`VILNOM`) VALUES ('12830','Saint-Martin-des-Noyers ');
INSERT INTO LIEU(`LIEUID`,`VILID`,`LIEUNOM`) VALUES ('7830','12830','rrenno');
INSERT INTO VEHICULE(`VEHIMMAT`,`VEHNOM`) VALUES ('NW129WP','Opel');

INSERT INTO CHAUFFEUR(`CHFID`,`CHFNOM`,`CHFPRENOM`,`CHFTEL`,`CHFMAIL`) VALUES ('3840','Millet ','Clément ','0647694167 ','Clément.Millet@gmail.com');
INSERT INTO COMMUNE(`VILID`,`VILNOM`) VALUES ('12840','Villeneuve-le-Roi ');
INSERT INTO LIEU(`LIEUID`,`VILID`,`LIEUNOM`) VALUES ('7840','12840','nalenymmu');
INSERT INTO VEHICULE(`VEHIMMAT`,`VEHNOM`) VALUES ('LU585ML','Ford ');

INSERT INTO CHAUFFEUR(`CHFID`,`CHFNOM`,`CHFPRENOM`,`CHFTEL`,`CHFMAIL`) VALUES ('3850','Lucas ','Colin ','0645454569 ','Colin.Lucas@gmail.com');
INSERT INTO COMMUNE(`VILID`,`VILNOM`) VALUES ('12850','Saint-Thibault ');
INSERT INTO LIEU(`LIEUID`,`VILID`,`LIEUNOM`) VALUES ('7850','12850','ffissebuz');
INSERT INTO VEHICULE(`VEHIMMAT`,`VEHNOM`) VALUES ('MB818VK','Opel');

INSERT INTO CHAUFFEUR(`CHFID`,`CHFNOM`,`CHFPRENOM`,`CHFTEL`,`CHFMAIL`) VALUES ('3860','Remy ','Françoise ','0685874383 ','Françoise.Remy@gmail.com');
INSERT INTO COMMUNE(`VILID`,`VILNOM`) VALUES ('12860','Hegeney ');
INSERT INTO LIEU(`LIEUID`,`VILID`,`LIEUNOM`) VALUES ('7860','12860','ppappi');
INSERT INTO VEHICULE(`VEHIMMAT`,`VEHNOM`) VALUES ('CD850NU','Volkswagen ');

INSERT INTO CHAUFFEUR(`CHFID`,`CHFNOM`,`CHFPRENOM`,`CHFTEL`,`CHFMAIL`) VALUES ('3870','Lemoine ','Louise ','0623032949 ','Louise.Lemoine@gmail.com');
INSERT INTO COMMUNE(`VILID`,`VILNOM`) VALUES ('12870','Gundolsheim ');
INSERT INTO LIEU(`LIEUID`,`VILID`,`LIEUNOM`) VALUES ('7870','12870','linnawete');
INSERT INTO VEHICULE(`VEHIMMAT`,`VEHNOM`) VALUES ('EF458VA','Peugeot ');

INSERT INTO CHAUFFEUR(`CHFID`,`CHFNOM`,`CHFPRENOM`,`CHFTEL`,`CHFMAIL`) VALUES ('3880','Brunel ','Alexandre ','0687832121 ','Alexandre.Brunel@gmail.com');
INSERT INTO COMMUNE(`VILID`,`VILNOM`) VALUES ('12880','La Ricamarie ');
INSERT INTO LIEU(`LIEUID`,`VILID`,`LIEUNOM`) VALUES ('7880','12880','qili');
INSERT INTO VEHICULE(`VEHIMMAT`,`VEHNOM`) VALUES ('OB878DY','Volkswagen ');

INSERT INTO CHAUFFEUR(`CHFID`,`CHFNOM`,`CHFPRENOM`,`CHFTEL`,`CHFMAIL`) VALUES ('3890','Julien ','Nathan ','0645012307 ','Nathan.Julien@gmail.com');
INSERT INTO COMMUNE(`VILID`,`VILNOM`) VALUES ('12890','Valiergues ');
INSERT INTO LIEU(`LIEUID`,`VILID`,`LIEUNOM`) VALUES ('7890','12890','ssadegesy');
INSERT INTO VEHICULE(`VEHIMMAT`,`VEHNOM`) VALUES ('OJ016HE','Opel');

INSERT INTO CHAUFFEUR(`CHFID`,`CHFNOM`,`CHFPRENOM`,`CHFTEL`,`CHFMAIL`) VALUES ('3900','Guillet ','Malo ','0681670345 ','Malo.Guillet@gmail.com');
INSERT INTO COMMUNE(`VILID`,`VILNOM`) VALUES ('12900','Estouches ');
INSERT INTO LIEU(`LIEUID`,`VILID`,`LIEUNOM`) VALUES ('7900','12900','llerriri');
INSERT INTO VEHICULE(`VEHIMMAT`,`VEHNOM`) VALUES ('QP852PQ','Ford ');

INSERT INTO CHAUFFEUR(`CHFID`,`CHFNOM`,`CHFPRENOM`,`CHFTEL`,`CHFMAIL`) VALUES ('3910','Gaudin ','Julia ','0601892305 ','Julia.Gaudin@gmail.com');
INSERT INTO COMMUNE(`VILID`,`VILNOM`) VALUES ('12910','Kerlouan ');
INSERT INTO LIEU(`LIEUID`,`VILID`,`LIEUNOM`) VALUES ('7910','12910','ssellis');
INSERT INTO VEHICULE(`VEHIMMAT`,`VEHNOM`) VALUES ('LW727QL','BMW ');

INSERT INTO CHAUFFEUR(`CHFID`,`CHFNOM`,`CHFPRENOM`,`CHFTEL`,`CHFMAIL`) VALUES ('3920','Jacquet ','Lauriane ','0629078325 ','Lauriane.Jacquet@gmail.com');
INSERT INTO COMMUNE(`VILID`,`VILNOM`) VALUES ('12920','Vaxainville ');
INSERT INTO LIEU(`LIEUID`,`VILID`,`LIEUNOM`) VALUES ('7920','12920','qodi');
INSERT INTO VEHICULE(`VEHIMMAT`,`VEHNOM`) VALUES ('DA789QT','BMW ');

INSERT INTO CHAUFFEUR(`CHFID`,`CHFNOM`,`CHFPRENOM`,`CHFTEL`,`CHFMAIL`) VALUES ('3930','Marie ','Diego ','0665092307 ','Diego.Marie@gmail.com');
INSERT INTO COMMUNE(`VILID`,`VILNOM`) VALUES ('12930','Montot-sur-Rognon ');
INSERT INTO LIEU(`LIEUID`,`VILID`,`LIEUNOM`) VALUES ('7930','12930','darezess');
INSERT INTO VEHICULE(`VEHIMMAT`,`VEHNOM`) VALUES ('OL078TU','Opel');

INSERT INTO CHAUFFEUR(`CHFID`,`CHFNOM`,`CHFPRENOM`,`CHFTEL`,`CHFMAIL`) VALUES ('3940','Adam ','Valentin ','0621454123 ','Valentin.Adam@gmail.com');
INSERT INTO COMMUNE(`VILID`,`VILNOM`) VALUES ('12940','Le Cendre ');
INSERT INTO LIEU(`LIEUID`,`VILID`,`LIEUNOM`) VALUES ('7940','12940','valloll');
INSERT INTO VEHICULE(`VEHIMMAT`,`VEHNOM`) VALUES ('TM327KX','Peugeot ');

INSERT INTO CHAUFFEUR(`CHFID`,`CHFNOM`,`CHFPRENOM`,`CHFTEL`,`CHFMAIL`) VALUES ('3950','Renault ','Nathalie ','0603412989 ','Nathalie.Renault@gmail.com');
INSERT INTO COMMUNE(`VILID`,`VILNOM`) VALUES ('12950','Lavilleneuve-au-Roi ');
INSERT INTO LIEU(`LIEUID`,`VILID`,`LIEUNOM`) VALUES ('7950','12950','nnallo');
INSERT INTO VEHICULE(`VEHIMMAT`,`VEHNOM`) VALUES ('PU705QP','Volkswagen ');

INSERT INTO CHAUFFEUR(`CHFID`,`CHFNOM`,`CHFPRENOM`,`CHFTEL`,`CHFMAIL`) VALUES ('3960','Duval ','Ethan ','0667214707 ','Ethan.Duval@gmail.com');
INSERT INTO COMMUNE(`VILID`,`VILNOM`) VALUES ('12960','Génicourt ');
INSERT INTO LIEU(`LIEUID`,`VILID`,`LIEUNOM`) VALUES ('7960','12960','xella');
INSERT INTO VEHICULE(`VEHIMMAT`,`VEHNOM`) VALUES ('BM109UX','Renault ');

INSERT INTO CHAUFFEUR(`CHFID`,`CHFNOM`,`CHFPRENOM`,`CHFTEL`,`CHFMAIL`) VALUES ('3970','Dumont ','Simon ','0629078325 ','Simon.Dumont@gmail.com');
INSERT INTO COMMUNE(`VILID`,`VILNOM`) VALUES ('12970','Nailhac ');
INSERT INTO LIEU(`LIEUID`,`VILID`,`LIEUNOM`) VALUES ('7970','12970','mmyqa');
INSERT INTO VEHICULE(`VEHIMMAT`,`VEHNOM`) VALUES ('NM343GD','Peugeot ');

INSERT INTO CHAUFFEUR(`CHFID`,`CHFNOM`,`CHFPRENOM`,`CHFTEL`,`CHFMAIL`) VALUES ('3980','Klein ','Anthony ','0623874789 ','Anthony.Klein@gmail.com');
INSERT INTO COMMUNE(`VILID`,`VILNOM`) VALUES ('12980','Saint-Florent ');
INSERT INTO LIEU(`LIEUID`,`VILID`,`LIEUNOM`) VALUES ('7980','12980','nnarejawip');
INSERT INTO VEHICULE(`VEHIMMAT`,`VEHNOM`) VALUES ('OF436ZA','Fiat ');

INSERT INTO CHAUFFEUR(`CHFID`,`CHFNOM`,`CHFPRENOM`,`CHFTEL`,`CHFMAIL`) VALUES ('3990','Gauthier ','Nicolas ','0683878723 ','Nicolas.Gauthier@gmail.com');
INSERT INTO COMMUNE(`VILID`,`VILNOM`) VALUES ('12990','Ruitz ');
INSERT INTO LIEU(`LIEUID`,`VILID`,`LIEUNOM`) VALUES ('7990','12990','mupe');
INSERT INTO VEHICULE(`VEHIMMAT`,`VEHNOM`) VALUES ('WP078NO','Renault ');

INSERT INTO CHAUFFEUR(`CHFID`,`CHFNOM`,`CHFPRENOM`,`CHFTEL`,`CHFMAIL`) VALUES ('4000','Gomez ','Lucas ','0601878309 ','Lucas.Gomez@gmail.com');
INSERT INTO COMMUNE(`VILID`,`VILNOM`) VALUES ('13000','Lampaul-Plouarzel ');
INSERT INTO LIEU(`LIEUID`,`VILID`,`LIEUNOM`) VALUES ('8000','13000','lleffukoq');
INSERT INTO VEHICULE(`VEHIMMAT`,`VEHNOM`) VALUES ('FA989WL','Citroen ');

INSERT INTO CHAUFFEUR(`CHFID`,`CHFNOM`,`CHFPRENOM`,`CHFTEL`,`CHFMAIL`) VALUES ('4010','Roche ','Ethan ','0623278767 ','Ethan.Roche@gmail.com');
INSERT INTO COMMUNE(`VILID`,`VILNOM`) VALUES ('13010','Faverois ');
INSERT INTO LIEU(`LIEUID`,`VILID`,`LIEUNOM`) VALUES ('8010','13010','cuffoqydel');
INSERT INTO VEHICULE(`VEHIMMAT`,`VEHNOM`) VALUES ('SP678RY','Opel');

INSERT INTO CHAUFFEUR(`CHFID`,`CHFNOM`,`CHFPRENOM`,`CHFTEL`,`CHFMAIL`) VALUES ('4020','Rolland ','Maxime ','0603032301 ','Maxime.Rolland@gmail.com');
INSERT INTO COMMUNE(`VILID`,`VILNOM`) VALUES ('13020','Criteuil-la-Magdeleine ');
INSERT INTO LIEU(`LIEUID`,`VILID`,`LIEUNOM`) VALUES ('8020','13020','joffa');
INSERT INTO VEHICULE(`VEHIMMAT`,`VEHNOM`) VALUES ('CJ052FS','Renault ');

INSERT INTO CHAUFFEUR(`CHFID`,`CHFNOM`,`CHFPRENOM`,`CHFTEL`,`CHFMAIL`) VALUES ('4030','Dupre ','Yohan ','0663690789 ','Yohan.Dupre@gmail.com');
INSERT INTO COMMUNE(`VILID`,`VILNOM`) VALUES ('13030','Boissières ');
INSERT INTO LIEU(`LIEUID`,`VILID`,`LIEUNOM`) VALUES ('8030','13030','dommunu');
INSERT INTO VEHICULE(`VEHIMMAT`,`VEHNOM`) VALUES ('YR252JK','Citroen ');

INSERT INTO CHAUFFEUR(`CHFID`,`CHFNOM`,`CHFPRENOM`,`CHFTEL`,`CHFMAIL`) VALUES ('4040','Gillet ','Samuel ','0645616129 ','Samuel.Gillet@gmail.com');
INSERT INTO COMMUNE(`VILID`,`VILNOM`) VALUES ('13040','Serre-Nerpol ');
INSERT INTO LIEU(`LIEUID`,`VILID`,`LIEUNOM`) VALUES ('8040','13040','kuppefallu');
INSERT INTO VEHICULE(`VEHIMMAT`,`VEHNOM`) VALUES ('OT014FI','Ford ');

INSERT INTO CHAUFFEUR(`CHFID`,`CHFNOM`,`CHFPRENOM`,`CHFTEL`,`CHFMAIL`) VALUES ('4050','Picard ','Dimitri ','0663476341 ','Dimitri.Picard@gmail.com');
INSERT INTO COMMUNE(`VILID`,`VILNOM`) VALUES ('13050','Saint-Sigismond ');
INSERT INTO LIEU(`LIEUID`,`VILID`,`LIEUNOM`) VALUES ('8050','13050','peddekox');
INSERT INTO VEHICULE(`VEHIMMAT`,`VEHNOM`) VALUES ('NA561KB','BMW ');

INSERT INTO CHAUFFEUR(`CHFID`,`CHFNOM`,`CHFPRENOM`,`CHFTEL`,`CHFMAIL`) VALUES ('4060','Bruneau ','Félix ','0601812327 ','Félix.Bruneau@gmail.com');
INSERT INTO COMMUNE(`VILID`,`VILNOM`) VALUES ('13060','Urville ');
INSERT INTO LIEU(`LIEUID`,`VILID`,`LIEUNOM`) VALUES ('8060','13060','nelebiqypp');
INSERT INTO VEHICULE(`VEHIMMAT`,`VEHNOM`) VALUES ('IX074HK','Ford ');

INSERT INTO CHAUFFEUR(`CHFID`,`CHFNOM`,`CHFPRENOM`,`CHFTEL`,`CHFMAIL`) VALUES ('4070','Brun ','Amine ','0683872161 ','Amine.Brun@gmail.com');
INSERT INTO COMMUNE(`VILID`,`VILNOM`) VALUES ('13070','Artolsheim ');
INSERT INTO LIEU(`LIEUID`,`VILID`,`LIEUNOM`) VALUES ('8070','13070','massanu');
INSERT INTO VEHICULE(`VEHIMMAT`,`VEHNOM`) VALUES ('ST458ZM','Fiat ');

INSERT INTO CHAUFFEUR(`CHFID`,`CHFNOM`,`CHFPRENOM`,`CHFTEL`,`CHFMAIL`) VALUES ('4080','Nicolas ','Mehdi ','0683872161 ','Mehdi.Nicolas@gmail.com');
INSERT INTO COMMUNE(`VILID`,`VILNOM`) VALUES ('13080','Ségur-les-Villas ');
INSERT INTO LIEU(`LIEUID`,`VILID`,`LIEUNOM`) VALUES ('8080','13080','naffamm');
INSERT INTO VEHICULE(`VEHIMMAT`,`VEHNOM`) VALUES ('DU341SZ','Peugeot ');

INSERT INTO CHAUFFEUR(`CHFID`,`CHFNOM`,`CHFPRENOM`,`CHFTEL`,`CHFMAIL`) VALUES ('4090','Maurice ','Florentin ','0625874945 ','Florentin.Maurice@gmail.com');
INSERT INTO COMMUNE(`VILID`,`VILNOM`) VALUES ('13090','Holling ');
INSERT INTO LIEU(`LIEUID`,`VILID`,`LIEUNOM`) VALUES ('8090','13090','wullap');
INSERT INTO VEHICULE(`VEHIMMAT`,`VEHNOM`) VALUES ('MD674LQ','Ford ');

INSERT INTO CHAUFFEUR(`CHFID`,`CHFNOM`,`CHFPRENOM`,`CHFTEL`,`CHFMAIL`) VALUES ('4100','Arnaud ','Jasmine ','0601894503 ','Jasmine.Arnaud@gmail.com');
INSERT INTO COMMUNE(`VILID`,`VILNOM`) VALUES ('13100','Le Theil-Bocage ');
INSERT INTO LIEU(`LIEUID`,`VILID`,`LIEUNOM`) VALUES ('8100','13100','lyzeffeme');
INSERT INTO VEHICULE(`VEHIMMAT`,`VEHNOM`) VALUES ('WT810XK','Citroen ');

INSERT INTO CHAUFFEUR(`CHFID`,`CHFNOM`,`CHFPRENOM`,`CHFTEL`,`CHFMAIL`) VALUES ('4110','Bourdon ','Renaud ','0627458943 ','Renaud.Bourdon@gmail.com');
INSERT INTO COMMUNE(`VILID`,`VILNOM`) VALUES ('13110','Germigny ');
INSERT INTO LIEU(`LIEUID`,`VILID`,`LIEUNOM`) VALUES ('8110','13110','qonnillime');
INSERT INTO VEHICULE(`VEHIMMAT`,`VEHNOM`) VALUES ('UT812DQ','Renault ');

INSERT INTO CHAUFFEUR(`CHFID`,`CHFNOM`,`CHFPRENOM`,`CHFTEL`,`CHFMAIL`) VALUES ('4120','Albert ','Hélène ','0603276343 ','Hélène.Albert@gmail.com');
INSERT INTO COMMUNE(`VILID`,`VILNOM`) VALUES ('13120','Azy-sur-Marne ');
INSERT INTO LIEU(`LIEUID`,`VILID`,`LIEUNOM`) VALUES ('8120','13120','hojopymmu');
INSERT INTO VEHICULE(`VEHIMMAT`,`VEHNOM`) VALUES ('YR850XM','Renault ');

INSERT INTO CHAUFFEUR(`CHFID`,`CHFNOM`,`CHFPRENOM`,`CHFTEL`,`CHFMAIL`) VALUES ('4130','Lacombe ','Eric ','0605214141 ','Eric.Lacombe@gmail.com');
INSERT INTO COMMUNE(`VILID`,`VILNOM`) VALUES ('13130','Le Poiré-sur-Velluire ');
INSERT INTO LIEU(`LIEUID`,`VILID`,`LIEUNOM`) VALUES ('8130','13130','tejolly');
INSERT INTO VEHICULE(`VEHIMMAT`,`VEHNOM`) VALUES ('QD218XS','Opel');

INSERT INTO CHAUFFEUR(`CHFID`,`CHFNOM`,`CHFPRENOM`,`CHFTEL`,`CHFMAIL`) VALUES ('4140','Fournier ','Kilian ','0685034341 ','Kilian.Fournier@gmail.com');
INSERT INTO COMMUNE(`VILID`,`VILNOM`) VALUES ('13140','Saint-Pierre-en-Faucigny ');
INSERT INTO LIEU(`LIEUID`,`VILID`,`LIEUNOM`) VALUES ('8140','13140','kece');
INSERT INTO VEHICULE(`VEHIMMAT`,`VEHNOM`) VALUES ('GB438NA','Opel');

INSERT INTO CHAUFFEUR(`CHFID`,`CHFNOM`,`CHFPRENOM`,`CHFTEL`,`CHFMAIL`) VALUES ('4150','Guerin ','Mathis ','0621454123 ','Mathis.Guerin@gmail.com');
INSERT INTO COMMUNE(`VILID`,`VILNOM`) VALUES ('13150','Urs ');
INSERT INTO LIEU(`LIEUID`,`VILID`,`LIEUNOM`) VALUES ('8150','13150','domi');
INSERT INTO VEHICULE(`VEHIMMAT`,`VEHNOM`) VALUES ('GP896DK','Fiat ');

INSERT INTO CHAUFFEUR(`CHFID`,`CHFNOM`,`CHFPRENOM`,`CHFTEL`,`CHFMAIL`) VALUES ('4160','Fabre ','Mélissa ','0649812967 ','Mélissa.Fabre@gmail.com');
INSERT INTO COMMUNE(`VILID`,`VILNOM`) VALUES ('13160','Mouleydier ');
INSERT INTO LIEU(`LIEUID`,`VILID`,`LIEUNOM`) VALUES ('8160','13160','llire');
INSERT INTO VEHICULE(`VEHIMMAT`,`VEHNOM`) VALUES ('MP290JG','Volkswagen ');

INSERT INTO CHAUFFEUR(`CHFID`,`CHFNOM`,`CHFPRENOM`,`CHFTEL`,`CHFMAIL`) VALUES ('4170','Lebrun ','Davy ','0625638901 ','Davy.Lebrun@gmail.com');
INSERT INTO COMMUNE(`VILID`,`VILNOM`) VALUES ('13170','Amirat ');
INSERT INTO LIEU(`LIEUID`,`VILID`,`LIEUNOM`) VALUES ('8170','13170','ppyxafyppa');
INSERT INTO VEHICULE(`VEHIMMAT`,`VEHNOM`) VALUES ('MD096BS','Volkswagen ');

INSERT INTO CHAUFFEUR(`CHFID`,`CHFNOM`,`CHFPRENOM`,`CHFTEL`,`CHFMAIL`) VALUES ('4180','Marchal ','Catherine ','0667096187 ','Catherine.Marchal@gmail.com');
INSERT INTO COMMUNE(`VILID`,`VILNOM`) VALUES ('13180','Bourganeuf ');
INSERT INTO LIEU(`LIEUID`,`VILID`,`LIEUNOM`) VALUES ('8180','13180','zellymmahu');
INSERT INTO VEHICULE(`VEHIMMAT`,`VEHNOM`) VALUES ('EL892PI','Volkswagen ');

INSERT INTO CHAUFFEUR(`CHFID`,`CHFNOM`,`CHFPRENOM`,`CHFTEL`,`CHFMAIL`) VALUES ('4190','Loiseau ','Titouan ','0641818385 ','Titouan.Loiseau@gmail.com');
INSERT INTO COMMUNE(`VILID`,`VILNOM`) VALUES ('13190','Arbanats ');
INSERT INTO LIEU(`LIEUID`,`VILID`,`LIEUNOM`) VALUES ('8190','13190','ddassoff');
INSERT INTO VEHICULE(`VEHIMMAT`,`VEHNOM`) VALUES ('LE565YP','Volkswagen ');

INSERT INTO CHAUFFEUR(`CHFID`,`CHFNOM`,`CHFPRENOM`,`CHFTEL`,`CHFMAIL`) VALUES ('4200','Buisson ','Pierre ','0687832121 ','Pierre.Buisson@gmail.com');
INSERT INTO COMMUNE(`VILID`,`VILNOM`) VALUES ('13200','Saint-Fulgent-des-Ormes ');
INSERT INTO LIEU(`LIEUID`,`VILID`,`LIEUNOM`) VALUES ('8200','13200','xinnummal');
INSERT INTO VEHICULE(`VEHIMMAT`,`VEHNOM`) VALUES ('AN652JO','Fiat ');

INSERT INTO CHAUFFEUR(`CHFID`,`CHFNOM`,`CHFPRENOM`,`CHFTEL`,`CHFMAIL`) VALUES ('4210','Laporte ','Thomas ','0683856121 ','Thomas.Laporte@gmail.com');
INSERT INTO COMMUNE(`VILID`,`VILNOM`) VALUES ('13210','Entre-deux-Eaux ');
INSERT INTO LIEU(`LIEUID`,`VILID`,`LIEUNOM`) VALUES ('8210','13210','wumaba');
INSERT INTO VEHICULE(`VEHIMMAT`,`VEHNOM`) VALUES ('EL254VG','Renault ');

INSERT INTO CHAUFFEUR(`CHFID`,`CHFNOM`,`CHFPRENOM`,`CHFTEL`,`CHFMAIL`) VALUES ('4220','Bourgeois ','Élouan ','0667834147 ','Élouan.Bourgeois@gmail.com');
INSERT INTO COMMUNE(`VILID`,`VILNOM`) VALUES ('13220','Lez ');
INSERT INTO LIEU(`LIEUID`,`VILID`,`LIEUNOM`) VALUES ('8220','13220','vossox');
INSERT INTO VEHICULE(`VEHIMMAT`,`VEHNOM`) VALUES ('RO321AV','Opel');

INSERT INTO CHAUFFEUR(`CHFID`,`CHFNOM`,`CHFPRENOM`,`CHFTEL`,`CHFMAIL`) VALUES ('4230','Charles ','Carla ','0681838701 ','Carla.Charles@gmail.com');
INSERT INTO COMMUNE(`VILID`,`VILNOM`) VALUES ('13230','Saint-Rémy-Blanzy ');
INSERT INTO LIEU(`LIEUID`,`VILID`,`LIEUNOM`) VALUES ('8230','13230','godod');
INSERT INTO VEHICULE(`VEHIMMAT`,`VEHNOM`) VALUES ('KX052BQ','Citroen ');

INSERT INTO CHAUFFEUR(`CHFID`,`CHFNOM`,`CHFPRENOM`,`CHFTEL`,`CHFMAIL`) VALUES ('4240','Guillou ','Nathan ','0685054149 ','Nathan.Guillou@gmail.com');
INSERT INTO COMMUNE(`VILID`,`VILNOM`) VALUES ('13240','Marenla ');
INSERT INTO LIEU(`LIEUID`,`VILID`,`LIEUNOM`) VALUES ('8240','13240','vutetteso');
INSERT INTO VEHICULE(`VEHIMMAT`,`VEHNOM`) VALUES ('KB674HM','Ford ');

INSERT INTO CHAUFFEUR(`CHFID`,`CHFNOM`,`CHFPRENOM`,`CHFTEL`,`CHFMAIL`) VALUES ('4250','Duhamel ','Jules ','0645454569 ','Jules.Duhamel@gmail.com');
INSERT INTO COMMUNE(`VILID`,`VILNOM`) VALUES ('13250','Dammartin-en-Goële ');
INSERT INTO LIEU(`LIEUID`,`VILID`,`LIEUNOM`) VALUES ('8250','13250','renneze');
INSERT INTO VEHICULE(`VEHIMMAT`,`VEHNOM`) VALUES ('GH412FS','BMW ');

INSERT INTO CHAUFFEUR(`CHFID`,`CHFNOM`,`CHFPRENOM`,`CHFTEL`,`CHFMAIL`) VALUES ('4260','Paul ','Valentin ','0623874789 ','Valentin.Paul@gmail.com');
INSERT INTO COMMUNE(`VILID`,`VILNOM`) VALUES ('13260','Messincourt ');
INSERT INTO LIEU(`LIEUID`,`VILID`,`LIEUNOM`) VALUES ('8260','13260','hizur');
INSERT INTO VEHICULE(`VEHIMMAT`,`VEHNOM`) VALUES ('ZU161QH','Volkswagen ');

INSERT INTO CHAUFFEUR(`CHFID`,`CHFNOM`,`CHFPRENOM`,`CHFTEL`,`CHFMAIL`) VALUES ('4270','Meunier ','Pierre ','0623416301 ','Pierre.Meunier@gmail.com');
INSERT INTO COMMUNE(`VILID`,`VILNOM`) VALUES ('13270','Maraussan ');
INSERT INTO LIEU(`LIEUID`,`VILID`,`LIEUNOM`) VALUES ('8270','13270','llusizid');
INSERT INTO VEHICULE(`VEHIMMAT`,`VEHNOM`) VALUES ('MZ230FE','Opel');

INSERT INTO CHAUFFEUR(`CHFID`,`CHFNOM`,`CHFPRENOM`,`CHFTEL`,`CHFMAIL`) VALUES ('4280','Evrard ','Lisa ','0627434707 ','Lisa.Evrard@gmail.com');
INSERT INTO COMMUNE(`VILID`,`VILNOM`) VALUES ('13280','Danne-et-Quatre-Vents ');
INSERT INTO LIEU(`LIEUID`,`VILID`,`LIEUNOM`) VALUES ('8280','13280','mulluk');
INSERT INTO VEHICULE(`VEHIMMAT`,`VEHNOM`) VALUES ('XY187YT','Renault ');

INSERT INTO CHAUFFEUR(`CHFID`,`CHFNOM`,`CHFPRENOM`,`CHFTEL`,`CHFMAIL`) VALUES ('4290','Masse ','Robin ','0647676529 ','Robin.Masse@gmail.com');
INSERT INTO COMMUNE(`VILID`,`VILNOM`) VALUES ('13290','La Roquette ');
INSERT INTO LIEU(`LIEUID`,`VILID`,`LIEUNOM`) VALUES ('8290','13290','dokemma');
INSERT INTO VEHICULE(`VEHIMMAT`,`VEHNOM`) VALUES ('JQ989YH','Ford ');

INSERT INTO CHAUFFEUR(`CHFID`,`CHFNOM`,`CHFPRENOM`,`CHFTEL`,`CHFMAIL`) VALUES ('4300','Lefort ','Florentin ','0689214927 ','Florentin.Lefort@gmail.com');
INSERT INTO COMMUNE(`VILID`,`VILNOM`) VALUES ('13300','Lavatoggio ');
INSERT INTO LIEU(`LIEUID`,`VILID`,`LIEUNOM`) VALUES ('8300','13300','xohappillyb');
INSERT INTO VEHICULE(`VEHIMMAT`,`VEHNOM`) VALUES ('KP830TC','Fiat ');

INSERT INTO CHAUFFEUR(`CHFID`,`CHFNOM`,`CHFPRENOM`,`CHFTEL`,`CHFMAIL`) VALUES ('4310','Verdier ','Tom ','0665236169 ','Tom.Verdier@gmail.com');
INSERT INTO COMMUNE(`VILID`,`VILNOM`) VALUES ('13310','Saint-Hilaire-du-Harcouët ');
INSERT INTO LIEU(`LIEUID`,`VILID`,`LIEUNOM`) VALUES ('8310','13310','qikyho');
INSERT INTO VEHICULE(`VEHIMMAT`,`VEHNOM`) VALUES ('QL474RM','Volkswagen ');

INSERT INTO CHAUFFEUR(`CHFID`,`CHFNOM`,`CHFPRENOM`,`CHFTEL`,`CHFMAIL`) VALUES ('4320','Ferrand ','Rayane ','0687832121 ','Rayane.Ferrand@gmail.com');
INSERT INTO COMMUNE(`VILID`,`VILNOM`) VALUES ('13320','Uriménil ');
INSERT INTO LIEU(`LIEUID`,`VILID`,`LIEUNOM`) VALUES ('8320','13320','gumom');
INSERT INTO VEHICULE(`VEHIMMAT`,`VEHNOM`) VALUES ('NW129SP','Opel');

INSERT INTO CHAUFFEUR(`CHFID`,`CHFNOM`,`CHFPRENOM`,`CHFTEL`,`CHFMAIL`) VALUES ('4330','Guillaume ','Jérémy ','0603032301 ','Jérémy.Guillaume@gmail.com');
INSERT INTO COMMUNE(`VILID`,`VILNOM`) VALUES ('13330','Brugnac ');
INSERT INTO LIEU(`LIEUID`,`VILID`,`LIEUNOM`) VALUES ('8330','13330','xasis');
INSERT INTO VEHICULE(`VEHIMMAT`,`VEHNOM`) VALUES ('AX876BW','Renault ');

INSERT INTO CHAUFFEUR(`CHFID`,`CHFNOM`,`CHFPRENOM`,`CHFTEL`,`CHFMAIL`) VALUES ('4340','Roche ','Léon ','0641818385 ','Léon.Roche@gmail.com');
INSERT INTO COMMUNE(`VILID`,`VILNOM`) VALUES ('13340','Seytroux ');
INSERT INTO LIEU(`LIEUID`,`VILID`,`LIEUNOM`) VALUES ('8340','13340','ttussi');
INSERT INTO VEHICULE(`VEHIMMAT`,`VEHNOM`) VALUES ('SZ412XW','Peugeot ');

INSERT INTO CHAUFFEUR(`CHFID`,`CHFNOM`,`CHFPRENOM`,`CHFTEL`,`CHFMAIL`) VALUES ('4350','Rolland ','Davy ','0601892505 ','Davy.Rolland@gmail.com');
INSERT INTO COMMUNE(`VILID`,`VILNOM`) VALUES ('13350','Mayot ');
INSERT INTO LIEU(`LIEUID`,`VILID`,`LIEUNOM`) VALUES ('8350','13350','nasoqilluq');
INSERT INTO VEHICULE(`VEHIMMAT`,`VEHNOM`) VALUES ('ZA503OB','Renault ');

INSERT INTO CHAUFFEUR(`CHFID`,`CHFNOM`,`CHFPRENOM`,`CHFTEL`,`CHFMAIL`) VALUES ('4360','Guillon ','David ','0661850585 ','David.Guillon@gmail.com');
INSERT INTO COMMUNE(`VILID`,`VILNOM`) VALUES ('13360','Argenton-l\'Église ');
INSERT INTO LIEU(`LIEUID`,`VILID`,`LIEUNOM`) VALUES ('8360','13360','ddazosu');
INSERT INTO VEHICULE(`VEHIMMAT`,`VEHNOM`) VALUES ('DW365AP','Citroen ');

INSERT INTO CHAUFFEUR(`CHFID`,`CHFNOM`,`CHFPRENOM`,`CHFTEL`,`CHFMAIL`) VALUES ('4370','Rey ','Enzo ','0683072141 ','Enzo.Rey@gmail.com');
INSERT INTO COMMUNE(`VILID`,`VILNOM`) VALUES ('13370','Dommartin ');
INSERT INTO LIEU(`LIEUID`,`VILID`,`LIEUNOM`) VALUES ('8370','13370','syqo');
INSERT INTO VEHICULE(`VEHIMMAT`,`VEHNOM`) VALUES ('DK547CF','Ford ');

INSERT INTO CHAUFFEUR(`CHFID`,`CHFNOM`,`CHFPRENOM`,`CHFTEL`,`CHFMAIL`) VALUES ('4380','Leroy ','Thibault ','0603412989 ','Thibault.Leroy@gmail.com');
INSERT INTO COMMUNE(`VILID`,`VILNOM`) VALUES ('13380','Navailles-Angos ');
INSERT INTO LIEU(`LIEUID`,`VILID`,`LIEUNOM`) VALUES ('8380','13380','rratessymmox');
INSERT INTO VEHICULE(`VEHIMMAT`,`VEHNOM`) VALUES ('GV274HE','Citroen ');

INSERT INTO CHAUFFEUR(`CHFID`,`CHFNOM`,`CHFPRENOM`,`CHFTEL`,`CHFMAIL`) VALUES ('4390','Chevallier ','Roméo ','0625638901 ','Roméo.Chevallier@gmail.com');
INSERT INTO COMMUNE(`VILID`,`VILNOM`) VALUES ('13390','Valay ');
INSERT INTO LIEU(`LIEUID`,`VILID`,`LIEUNOM`) VALUES ('8390','13390','tufileff');
INSERT INTO VEHICULE(`VEHIMMAT`,`VEHNOM`) VALUES ('PI729UN','Volkswagen ');

INSERT INTO CHAUFFEUR(`CHFID`,`CHFNOM`,`CHFPRENOM`,`CHFTEL`,`CHFMAIL`) VALUES ('4400','Brunel ','Léon ','0629078325 ','Léon.Brunel@gmail.com');
INSERT INTO COMMUNE(`VILID`,`VILNOM`) VALUES ('13400','Saint-Félix-de-Tournegat ');
INSERT INTO LIEU(`LIEUID`,`VILID`,`LIEUNOM`) VALUES ('8400','13400','giddihyffu');
INSERT INTO VEHICULE(`VEHIMMAT`,`VEHNOM`) VALUES ('JO741QX','Fiat ');

INSERT INTO CHAUFFEUR(`CHFID`,`CHFNOM`,`CHFPRENOM`,`CHFTEL`,`CHFMAIL`) VALUES ('4410','Lefort ','Colin ','0683234945 ','Colin.Lefort@gmail.com');
INSERT INTO COMMUNE(`VILID`,`VILNOM`) VALUES ('13410','Doncourt-sur-Meuse ');
INSERT INTO LIEU(`LIEUID`,`VILID`,`LIEUNOM`) VALUES ('8410','13410','valumeju');
INSERT INTO VEHICULE(`VEHIMMAT`,`VEHNOM`) VALUES ('FQ345EF','Peugeot ');

INSERT INTO CHAUFFEUR(`CHFID`,`CHFNOM`,`CHFPRENOM`,`CHFTEL`,`CHFMAIL`) VALUES ('4420','Simon ','Théo ','0689438129 ','Théo.Simon@gmail.com');
INSERT INTO COMMUNE(`VILID`,`VILNOM`) VALUES ('13420','Leyment ');
INSERT INTO LIEU(`LIEUID`,`VILID`,`LIEUNOM`) VALUES ('8420','13420','lessysez');
INSERT INTO VEHICULE(`VEHIMMAT`,`VEHNOM`) VALUES ('YJ214XQ','Opel');

INSERT INTO CHAUFFEUR(`CHFID`,`CHFNOM`,`CHFPRENOM`,`CHFTEL`,`CHFMAIL`) VALUES ('4430','Rey ','Adam ','0689614309 ','Adam.Rey@gmail.com');
INSERT INTO COMMUNE(`VILID`,`VILNOM`) VALUES ('13430','Assat ');
INSERT INTO LIEU(`LIEUID`,`VILID`,`LIEUNOM`) VALUES ('8430','13430','peffedd');
INSERT INTO VEHICULE(`VEHIMMAT`,`VEHNOM`) VALUES ('RK725KD','Opel');

INSERT INTO CHAUFFEUR(`CHFID`,`CHFNOM`,`CHFPRENOM`,`CHFTEL`,`CHFMAIL`) VALUES ('4440','Julien ','Eric ','0605018987 ','Eric.Julien@gmail.com');
INSERT INTO COMMUNE(`VILID`,`VILNOM`) VALUES ('13440','Saint-Georges-d\'Espéranche ');
INSERT INTO LIEU(`LIEUID`,`VILID`,`LIEUNOM`) VALUES ('8440','13440','zugage');
INSERT INTO VEHICULE(`VEHIMMAT`,`VEHNOM`) VALUES ('ZY129IT','Opel');

INSERT INTO CHAUFFEUR(`CHFID`,`CHFNOM`,`CHFPRENOM`,`CHFTEL`,`CHFMAIL`) VALUES ('4450','Allard ','Rémi ','0641896583 ','Rémi.Allard@gmail.com');
INSERT INTO COMMUNE(`VILID`,`VILNOM`) VALUES ('13450','Villey-Saint-Étienne ');
INSERT INTO LIEU(`LIEUID`,`VILID`,`LIEUNOM`) VALUES ('8450','13450','mmyrra');
INSERT INTO VEHICULE(`VEHIMMAT`,`VEHNOM`) VALUES ('PC325QR','Peugeot ');

INSERT INTO CHAUFFEUR(`CHFID`,`CHFNOM`,`CHFPRENOM`,`CHFTEL`,`CHFMAIL`) VALUES ('4460','Perret ','Ethan ','0645610725 ','Ethan.Perret@gmail.com');
INSERT INTO COMMUNE(`VILID`,`VILNOM`) VALUES ('13460','Neuilly-l\'Hôpital ');
INSERT INTO LIEU(`LIEUID`,`VILID`,`LIEUNOM`) VALUES ('8460','13460','zogedeff');
INSERT INTO VEHICULE(`VEHIMMAT`,`VEHNOM`) VALUES ('WP478NM','Fiat ');

INSERT INTO CHAUFFEUR(`CHFID`,`CHFNOM`,`CHFPRENOM`,`CHFTEL`,`CHFMAIL`) VALUES ('4470','Dubois ','Mattéo ','0603276343 ','Mattéo.Dubois@gmail.com');
INSERT INTO COMMUNE(`VILID`,`VILNOM`) VALUES ('13470','Issoudun ');
INSERT INTO LIEU(`LIEUID`,`VILID`,`LIEUNOM`) VALUES ('8470','13470','ffuni');
INSERT INTO VEHICULE(`VEHIMMAT`,`VEHNOM`) VALUES ('CT074TI','Opel');

INSERT INTO CHAUFFEUR(`CHFID`,`CHFNOM`,`CHFPRENOM`,`CHFTEL`,`CHFMAIL`) VALUES ('4480','Rossignol ','Élouan ','0681694949 ','Élouan.Rossignol@gmail.com');
INSERT INTO COMMUNE(`VILID`,`VILNOM`) VALUES ('13480','Latour-en-Woëvre ');
INSERT INTO LIEU(`LIEUID`,`VILID`,`LIEUNOM`) VALUES ('8480','13480','cijexi');
INSERT INTO VEHICULE(`VEHIMMAT`,`VEHNOM`) VALUES ('MT270FU','Peugeot ');

INSERT INTO CHAUFFEUR(`CHFID`,`CHFNOM`,`CHFPRENOM`,`CHFTEL`,`CHFMAIL`) VALUES ('4490','Lefort ','Colin ','0623032949 ','Colin.Lefort@gmail.com');
INSERT INTO COMMUNE(`VILID`,`VILNOM`) VALUES ('13490','Lizant ');
INSERT INTO LIEU(`LIEUID`,`VILID`,`LIEUNOM`) VALUES ('8490','13490','niwany');
INSERT INTO VEHICULE(`VEHIMMAT`,`VEHNOM`) VALUES ('AV210DK','Citroen ');

INSERT INTO CHAUFFEUR(`CHFID`,`CHFNOM`,`CHFPRENOM`,`CHFTEL`,`CHFMAIL`) VALUES ('4500','Marin ','Pierre ','0645012307 ','Pierre.Marin@gmail.com');
INSERT INTO COMMUNE(`VILID`,`VILNOM`) VALUES ('13500','Cuillé ');
INSERT INTO LIEU(`LIEUID`,`VILID`,`LIEUNOM`) VALUES ('8500','13500','tunnama');
INSERT INTO VEHICULE(`VEHIMMAT`,`VEHNOM`) VALUES ('EV290NK','BMW ');

INSERT INTO CHAUFFEUR(`CHFID`,`CHFNOM`,`CHFPRENOM`,`CHFTEL`,`CHFMAIL`) VALUES ('4510','Chauvin ','Yüna ','0605256709 ','Yüna.Chauvin@gmail.com');
INSERT INTO COMMUNE(`VILID`,`VILNOM`) VALUES ('13510','Marcilly-sur-Vienne ');
INSERT INTO LIEU(`LIEUID`,`VILID`,`LIEUNOM`) VALUES ('8510','13510','lonaddafef');
INSERT INTO VEHICULE(`VEHIMMAT`,`VEHNOM`) VALUES ('BQ321AR','BMW ');

INSERT INTO CHAUFFEUR(`CHFID`,`CHFNOM`,`CHFPRENOM`,`CHFTEL`,`CHFMAIL`) VALUES ('4520','Bernard ','Yohan ','0607614965 ','Yohan.Bernard@gmail.com');
INSERT INTO COMMUNE(`VILID`,`VILNOM`) VALUES ('13520','Poiseul-la-Ville-et-Laperrière ');
INSERT INTO LIEU(`LIEUID`,`VILID`,`LIEUNOM`) VALUES ('8520','13520','nannew');
INSERT INTO VEHICULE(`VEHIMMAT`,`VEHNOM`) VALUES ('QD670HQ','Citroen ');

INSERT INTO CHAUFFEUR(`CHFID`,`CHFNOM`,`CHFPRENOM`,`CHFTEL`,`CHFMAIL`) VALUES ('4530','Vincent ','Alexis ','0683490385 ','Alexis.Vincent@gmail.com');
INSERT INTO COMMUNE(`VILID`,`VILNOM`) VALUES ('13530','Glatens ');
INSERT INTO LIEU(`LIEUID`,`VILID`,`LIEUNOM`) VALUES ('8530','13530','llyfigy');
INSERT INTO VEHICULE(`VEHIMMAT`,`VEHNOM`) VALUES ('QF694DA','Renault ');

INSERT INTO CHAUFFEUR(`CHFID`,`CHFNOM`,`CHFPRENOM`,`CHFTEL`,`CHFMAIL`) VALUES ('4540','Renault ','Guillaume ','0663252121 ','Guillaume.Renault@gmail.com');
INSERT INTO COMMUNE(`VILID`,`VILNOM`) VALUES ('13540','Sainte-Marie ');
INSERT INTO LIEU(`LIEUID`,`VILID`,`LIEUNOM`) VALUES ('8540','13540','dideze');
INSERT INTO VEHICULE(`VEHIMMAT`,`VEHNOM`) VALUES ('OB054VQ','Opel');

INSERT INTO CHAUFFEUR(`CHFID`,`CHFNOM`,`CHFPRENOM`,`CHFTEL`,`CHFMAIL`) VALUES ('4550','Bodin ','Arthur ','0687410981 ','Arthur.Bodin@gmail.com');
INSERT INTO COMMUNE(`VILID`,`VILNOM`) VALUES ('13550','Fressancourt ');
INSERT INTO LIEU(`LIEUID`,`VILID`,`LIEUNOM`) VALUES ('8550','13550','wanasso');
INSERT INTO VEHICULE(`VEHIMMAT`,`VEHNOM`) VALUES ('YN018VK','Ford ');

INSERT INTO CHAUFFEUR(`CHFID`,`CHFNOM`,`CHFPRENOM`,`CHFTEL`,`CHFMAIL`) VALUES ('4560','Thibault ','Mathieu ','0683234945 ','Mathieu.Thibault@gmail.com');
INSERT INTO COMMUNE(`VILID`,`VILNOM`) VALUES ('13560','Savigny-sur-Clairis ');
INSERT INTO LIEU(`LIEUID`,`VILID`,`LIEUNOM`) VALUES ('8560','13560','kizas');
INSERT INTO VEHICULE(`VEHIMMAT`,`VEHNOM`) VALUES ('XM923OH','Fiat ');

INSERT INTO CHAUFFEUR(`CHFID`,`CHFNOM`,`CHFPRENOM`,`CHFTEL`,`CHFMAIL`) VALUES ('4570','Marques ','Mathieu ','0665236169 ','Mathieu.Marques@gmail.com');
INSERT INTO COMMUNE(`VILID`,`VILNOM`) VALUES ('13570','Aibre ');
INSERT INTO LIEU(`LIEUID`,`VILID`,`LIEUNOM`) VALUES ('8570','13570','piwar');
INSERT INTO VEHICULE(`VEHIMMAT`,`VEHNOM`) VALUES ('KB438FA','Fiat ');

INSERT INTO CHAUFFEUR(`CHFID`,`CHFNOM`,`CHFPRENOM`,`CHFTEL`,`CHFMAIL`) VALUES ('4580','Lesage ','Romain ','0621218301 ','Romain.Lesage@gmail.com');
INSERT INTO COMMUNE(`VILID`,`VILNOM`) VALUES ('13580','Taillades ');
INSERT INTO LIEU(`LIEUID`,`VILID`,`LIEUNOM`) VALUES ('8580','13580','liqaddeffu');
INSERT INTO VEHICULE(`VEHIMMAT`,`VEHNOM`) VALUES ('YL230XA','Citroen ');

INSERT INTO CHAUFFEUR(`CHFID`,`CHFNOM`,`CHFPRENOM`,`CHFTEL`,`CHFMAIL`) VALUES ('4590','Le roux ','Gabin ','0665496505 ','Gabin.Le roux@gmail.com');
INSERT INTO COMMUNE(`VILID`,`VILNOM`) VALUES ('13590','Bettelainville ');
INSERT INTO LIEU(`LIEUID`,`VILID`,`LIEUNOM`) VALUES ('8590','13590','pyni');
INSERT INTO VEHICULE(`VEHIMMAT`,`VEHNOM`) VALUES ('GN874PM','Citroen ');

INSERT INTO CHAUFFEUR(`CHFID`,`CHFNOM`,`CHFPRENOM`,`CHFTEL`,`CHFMAIL`) VALUES ('4600','Gauthier ','Thibault ','0663252121 ','Thibault.Gauthier@gmail.com');
INSERT INTO COMMUNE(`VILID`,`VILNOM`) VALUES ('13600','Manthelan ');
INSERT INTO LIEU(`LIEUID`,`VILID`,`LIEUNOM`) VALUES ('8600','13600','rupusse');
INSERT INTO VEHICULE(`VEHIMMAT`,`VEHNOM`) VALUES ('WH432XK','BMW ');

INSERT INTO CHAUFFEUR(`CHFID`,`CHFNOM`,`CHFPRENOM`,`CHFTEL`,`CHFMAIL`) VALUES ('4610','Hamon ','Lorenzo ','0625090787 ','Lorenzo.Hamon@gmail.com');
INSERT INTO COMMUNE(`VILID`,`VILNOM`) VALUES ('13610','Voellerdingen ');
INSERT INTO LIEU(`LIEUID`,`VILID`,`LIEUNOM`) VALUES ('8610','13610','verryxy');
INSERT INTO VEHICULE(`VEHIMMAT`,`VEHNOM`) VALUES ('IB878FE','Peugeot ');

INSERT INTO CHAUFFEUR(`CHFID`,`CHFNOM`,`CHFPRENOM`,`CHFTEL`,`CHFMAIL`) VALUES ('4620','Guillou ','Sara ','0665092307 ','Sara.Guillou@gmail.com');
INSERT INTO COMMUNE(`VILID`,`VILNOM`) VALUES ('13620','Salavre ');
INSERT INTO LIEU(`LIEUID`,`VILID`,`LIEUNOM`) VALUES ('8620','13620','happuge');
INSERT INTO VEHICULE(`VEHIMMAT`,`VEHNOM`) VALUES ('UP436VS','Renault ');

INSERT INTO CHAUFFEUR(`CHFID`,`CHFNOM`,`CHFPRENOM`,`CHFTEL`,`CHFMAIL`) VALUES ('4630','Bigot ','Gabin ','0629872569 ','Gabin.Bigot@gmail.com');
INSERT INTO COMMUNE(`VILID`,`VILNOM`) VALUES ('13630','Montclar ');
INSERT INTO LIEU(`LIEUID`,`VILID`,`LIEUNOM`) VALUES ('8630','13630','bomme');
INSERT INTO VEHICULE(`VEHIMMAT`,`VEHNOM`) VALUES ('KF852HK','BMW ');

INSERT INTO CHAUFFEUR(`CHFID`,`CHFNOM`,`CHFPRENOM`,`CHFTEL`,`CHFMAIL`) VALUES ('4640','Lambert ','Mathis ','0689094347 ','Mathis.Lambert@gmail.com');
INSERT INTO COMMUNE(`VILID`,`VILNOM`) VALUES ('13640','Saint-Colomb-de-Lauzun ');
INSERT INTO LIEU(`LIEUID`,`VILID`,`LIEUNOM`) VALUES ('8640','13640','teluxido');
INSERT INTO VEHICULE(`VEHIMMAT`,`VEHNOM`) VALUES ('QF056NQ','Ford ');

INSERT INTO CHAUFFEUR(`CHFID`,`CHFNOM`,`CHFPRENOM`,`CHFTEL`,`CHFMAIL`) VALUES ('4650','Lacombe ','Adrien ','0665236169 ','Adrien.Lacombe@gmail.com');
INSERT INTO COMMUNE(`VILID`,`VILNOM`) VALUES ('13650','La Souterraine ');
INSERT INTO LIEU(`LIEUID`,`VILID`,`LIEUNOM`) VALUES ('8650','13650','zannapunnij');
INSERT INTO VEHICULE(`VEHIMMAT`,`VEHNOM`) VALUES ('LS567YZ','Opel');

INSERT INTO CHAUFFEUR(`CHFID`,`CHFNOM`,`CHFPRENOM`,`CHFTEL`,`CHFMAIL`) VALUES ('4660','Bodin ','Gabin ','0665236169 ','Gabin.Bodin@gmail.com');
INSERT INTO COMMUNE(`VILID`,`VILNOM`) VALUES ('13660','Argeliers ');
INSERT INTO LIEU(`LIEUID`,`VILID`,`LIEUNOM`) VALUES ('8660','13660','ffelonni');
INSERT INTO VEHICULE(`VEHIMMAT`,`VEHNOM`) VALUES ('XO327CT','Ford ');

INSERT INTO CHAUFFEUR(`CHFID`,`CHFNOM`,`CHFPRENOM`,`CHFTEL`,`CHFMAIL`) VALUES ('4670','Navarro ','Pierre ','0681694949 ','Pierre.Navarro@gmail.com');
INSERT INTO COMMUNE(`VILID`,`VILNOM`) VALUES ('13670','Villeneuve-d\'Amont ');
INSERT INTO LIEU(`LIEUID`,`VILID`,`LIEUNOM`) VALUES ('8670','13670','weppattaxe');
INSERT INTO VEHICULE(`VEHIMMAT`,`VEHNOM`) VALUES ('DU563QR','Peugeot ');

INSERT INTO CHAUFFEUR(`CHFID`,`CHFNOM`,`CHFPRENOM`,`CHFTEL`,`CHFMAIL`) VALUES ('4680','Bailly ','Hélène ','0667214707 ','Hélène.Bailly@gmail.com');
INSERT INTO COMMUNE(`VILID`,`VILNOM`) VALUES ('13680','Douy ');
INSERT INTO LIEU(`LIEUID`,`VILID`,`LIEUNOM`) VALUES ('8680','13680','rraga');
INSERT INTO VEHICULE(`VEHIMMAT`,`VEHNOM`) VALUES ('NW967ER','Ford ');

INSERT INTO CHAUFFEUR(`CHFID`,`CHFNOM`,`CHFPRENOM`,`CHFTEL`,`CHFMAIL`) VALUES ('4690','Weber ','Noë ','0623874789 ','Noë.Weber@gmail.com');
INSERT INTO COMMUNE(`VILID`,`VILNOM`) VALUES ('13690','Sourdon ');
INSERT INTO LIEU(`LIEUID`,`VILID`,`LIEUNOM`) VALUES ('8690','13690','nnikerre');
INSERT INTO VEHICULE(`VEHIMMAT`,`VEHNOM`) VALUES ('HS763UZ','BMW ');

INSERT INTO CHAUFFEUR(`CHFID`,`CHFNOM`,`CHFPRENOM`,`CHFTEL`,`CHFMAIL`) VALUES ('4700','Thomas ','Léo ','0621218301 ','Léo.Thomas@gmail.com');
INSERT INTO COMMUNE(`VILID`,`VILNOM`) VALUES ('13700','Saint-Germain-sur-Meuse ');
INSERT INTO LIEU(`LIEUID`,`VILID`,`LIEUNOM`) VALUES ('8700','13700','rriki');
INSERT INTO VEHICULE(`VEHIMMAT`,`VEHNOM`) VALUES ('RE787EN','BMW ');

INSERT INTO CHAUFFEUR(`CHFID`,`CHFNOM`,`CHFPRENOM`,`CHFTEL`,`CHFMAIL`) VALUES ('4710','Sanchez ','Martin ','0601298507 ','Martin.Sanchez@gmail.com');
INSERT INTO COMMUNE(`VILID`,`VILNOM`) VALUES ('13710','Claville-Motteville ');
INSERT INTO LIEU(`LIEUID`,`VILID`,`LIEUNOM`) VALUES ('8710','13710','mmetiffe');
INSERT INTO VEHICULE(`VEHIMMAT`,`VEHNOM`) VALUES ('XA107MR','Peugeot ');

INSERT INTO CHAUFFEUR(`CHFID`,`CHFNOM`,`CHFPRENOM`,`CHFTEL`,`CHFMAIL`) VALUES ('4720','Nicolas ','Thibault ','0623238167 ','Thibault.Nicolas@gmail.com');
INSERT INTO COMMUNE(`VILID`,`VILNOM`) VALUES ('13720','Pousthomy ');
INSERT INTO LIEU(`LIEUID`,`VILID`,`LIEUNOM`) VALUES ('8720','13720','pemudomarr');
INSERT INTO VEHICULE(`VEHIMMAT`,`VEHNOM`) VALUES ('ON430JO','Peugeot ');

INSERT INTO CHAUFFEUR(`CHFID`,`CHFNOM`,`CHFPRENOM`,`CHFTEL`,`CHFMAIL`) VALUES ('4730','Paris ','Kilian ','0625874945 ','Kilian.Paris@gmail.com');
INSERT INTO COMMUNE(`VILID`,`VILNOM`) VALUES ('13730','Cerisières ');
INSERT INTO LIEU(`LIEUID`,`VILID`,`LIEUNOM`) VALUES ('8730','13730','ttaffipo');
INSERT INTO VEHICULE(`VEHIMMAT`,`VEHNOM`) VALUES ('IJ290JW','Opel');

INSERT INTO CHAUFFEUR(`CHFID`,`CHFNOM`,`CHFPRENOM`,`CHFTEL`,`CHFMAIL`) VALUES ('4740','Laporte ','Margot ','0607058927 ','Margot.Laporte@gmail.com');
INSERT INTO COMMUNE(`VILID`,`VILNOM`) VALUES ('13740','Arsans ');
INSERT INTO LIEU(`LIEUID`,`VILID`,`LIEUNOM`) VALUES ('8740','13740','wacott');
INSERT INTO VEHICULE(`VEHIMMAT`,`VEHNOM`) VALUES ('VU743MP','Renault ');

INSERT INTO CHAUFFEUR(`CHFID`,`CHFNOM`,`CHFPRENOM`,`CHFTEL`,`CHFMAIL`) VALUES ('4750','Morin ','Nicolas ','0689272581 ','Nicolas.Morin@gmail.com');
INSERT INTO COMMUNE(`VILID`,`VILNOM`) VALUES ('13750','Anduze ');
INSERT INTO LIEU(`LIEUID`,`VILID`,`LIEUNOM`) VALUES ('8750','13750','gudivill');
INSERT INTO VEHICULE(`VEHIMMAT`,`VEHNOM`) VALUES ('KV034BG','Peugeot ');

INSERT INTO CHAUFFEUR(`CHFID`,`CHFNOM`,`CHFPRENOM`,`CHFTEL`,`CHFMAIL`) VALUES ('4760','Guillou ','Félix ','0649812967 ','Félix.Guillou@gmail.com');
INSERT INTO COMMUNE(`VILID`,`VILNOM`) VALUES ('13760','La Roque-Alric ');
INSERT INTO LIEU(`LIEUID`,`VILID`,`LIEUNOM`) VALUES ('8760','13760','texerass');
INSERT INTO VEHICULE(`VEHIMMAT`,`VEHNOM`) VALUES ('XU343OL','Peugeot ');

INSERT INTO CHAUFFEUR(`CHFID`,`CHFNOM`,`CHFPRENOM`,`CHFTEL`,`CHFMAIL`) VALUES ('4770','Vasseur ','Quentin ','0689094347 ','Quentin.Vasseur@gmail.com');
INSERT INTO COMMUNE(`VILID`,`VILNOM`) VALUES ('13770','Gimouille ');
INSERT INTO LIEU(`LIEUID`,`VILID`,`LIEUNOM`) VALUES ('8770','13770','rekecana');
INSERT INTO VEHICULE(`VEHIMMAT`,`VEHNOM`) VALUES ('PY989YV','Peugeot ');

INSERT INTO CHAUFFEUR(`CHFID`,`CHFNOM`,`CHFPRENOM`,`CHFTEL`,`CHFMAIL`) VALUES ('4780','Chauvet ','Lou ','0627432101 ','Lou.Chauvet@gmail.com');
INSERT INTO COMMUNE(`VILID`,`VILNOM`) VALUES ('13780','Sagnes-et-Goudoulet ');
INSERT INTO LIEU(`LIEUID`,`VILID`,`LIEUNOM`) VALUES ('8780','13780','ddema');
INSERT INTO VEHICULE(`VEHIMMAT`,`VEHNOM`) VALUES ('XG321KZ','Volkswagen ');

INSERT INTO CHAUFFEUR(`CHFID`,`CHFNOM`,`CHFPRENOM`,`CHFTEL`,`CHFMAIL`) VALUES ('4790','Barthelemy ','Nicolas ','0687654907 ','Nicolas.Barthelemy@gmail.com');
INSERT INTO COMMUNE(`VILID`,`VILNOM`) VALUES ('13790','Le Dézert ');
INSERT INTO LIEU(`LIEUID`,`VILID`,`LIEUNOM`) VALUES ('8790','13790','rryjalew');
INSERT INTO VEHICULE(`VEHIMMAT`,`VEHNOM`) VALUES ('OD698RW','BMW ');

INSERT INTO CHAUFFEUR(`CHFID`,`CHFNOM`,`CHFPRENOM`,`CHFTEL`,`CHFMAIL`) VALUES ('4800','Remy ','Evan ','0683072141 ','Evan.Remy@gmail.com');
INSERT INTO COMMUNE(`VILID`,`VILNOM`) VALUES ('13800','Morsain ');
INSERT INTO LIEU(`LIEUID`,`VILID`,`LIEUNOM`) VALUES ('8800','13800','kufuqo');
INSERT INTO VEHICULE(`VEHIMMAT`,`VEHNOM`) VALUES ('IR610FG','BMW ');

INSERT INTO CHAUFFEUR(`CHFID`,`CHFNOM`,`CHFPRENOM`,`CHFTEL`,`CHFMAIL`) VALUES ('4810','Leblanc ','Corentin ','0623416301 ','Corentin.Leblanc@gmail.com');
INSERT INTO COMMUNE(`VILID`,`VILNOM`) VALUES ('13810','Le Beulay ');
INSERT INTO LIEU(`LIEUID`,`VILID`,`LIEUNOM`) VALUES ('8810','13810','cetteg');
INSERT INTO VEHICULE(`VEHIMMAT`,`VEHNOM`) VALUES ('DY507WF','Citroen ');

INSERT INTO CHAUFFEUR(`CHFID`,`CHFNOM`,`CHFPRENOM`,`CHFTEL`,`CHFMAIL`) VALUES ('4820','Bodin ','Diego ','0681694949 ','Diego.Bodin@gmail.com');
INSERT INTO COMMUNE(`VILID`,`VILNOM`) VALUES ('13820','Fréchet-Aure ');
INSERT INTO LIEU(`LIEUID`,`VILID`,`LIEUNOM`) VALUES ('8820','13820','rruqu');
INSERT INTO VEHICULE(`VEHIMMAT`,`VEHNOM`) VALUES ('FI541MP','BMW ');

INSERT INTO CHAUFFEUR(`CHFID`,`CHFNOM`,`CHFPRENOM`,`CHFTEL`,`CHFMAIL`) VALUES ('4830','Roy ','Bruno ','0605018987 ','Bruno.Roy@gmail.com');
INSERT INTO COMMUNE(`VILID`,`VILNOM`) VALUES ('13830','Flagey ');
INSERT INTO LIEU(`LIEUID`,`VILID`,`LIEUNOM`) VALUES ('8830','13830','wohecimmo');
INSERT INTO VEHICULE(`VEHIMMAT`,`VEHNOM`) VALUES ('HY303ER','Renault ');

INSERT INTO CHAUFFEUR(`CHFID`,`CHFNOM`,`CHFPRENOM`,`CHFTEL`,`CHFMAIL`) VALUES ('4840','Vincent ','Mathis ','0689438129 ','Mathis.Vincent@gmail.com');
INSERT INTO COMMUNE(`VILID`,`VILNOM`) VALUES ('13840','Barbazan-Debat ');
INSERT INTO LIEU(`LIEUID`,`VILID`,`LIEUNOM`) VALUES ('8840','13840','rehaby');
INSERT INTO VEHICULE(`VEHIMMAT`,`VEHNOM`) VALUES ('LY563QL','Opel');

INSERT INTO CHAUFFEUR(`CHFID`,`CHFNOM`,`CHFPRENOM`,`CHFTEL`,`CHFMAIL`) VALUES ('4850','Leduc ','Kyllian ','0663252121 ','Kyllian.Leduc@gmail.com');
INSERT INTO COMMUNE(`VILID`,`VILNOM`) VALUES ('13850','Vesc ');
INSERT INTO LIEU(`LIEUID`,`VILID`,`LIEUNOM`) VALUES ('8850','13850','tuqito');
INSERT INTO VEHICULE(`VEHIMMAT`,`VEHNOM`) VALUES ('ZW383QP','Opel');

INSERT INTO CHAUFFEUR(`CHFID`,`CHFNOM`,`CHFPRENOM`,`CHFTEL`,`CHFMAIL`) VALUES ('4860','Meunier ','Mélanie ','0605018987 ','Mélanie.Meunier@gmail.com');
INSERT INTO COMMUNE(`VILID`,`VILNOM`) VALUES ('13860','Beaumotte-lès-Pin ');
INSERT INTO LIEU(`LIEUID`,`VILID`,`LIEUNOM`) VALUES ('8860','13860','ffappuhuv');
INSERT INTO VEHICULE(`VEHIMMAT`,`VEHNOM`) VALUES ('QR698PG','Renault ');

INSERT INTO CHAUFFEUR(`CHFID`,`CHFNOM`,`CHFPRENOM`,`CHFTEL`,`CHFMAIL`) VALUES ('4870','Verdier ','Nolan ','0601892305 ','Nolan.Verdier@gmail.com');
INSERT INTO COMMUNE(`VILID`,`VILNOM`) VALUES ('13870','Terron-sur-Aisne ');
INSERT INTO LIEU(`LIEUID`,`VILID`,`LIEUNOM`) VALUES ('8870','13870','baffemmeppeq');
INSERT INTO VEHICULE(`VEHIMMAT`,`VEHNOM`) VALUES ('NO325EV','Renault ');

INSERT INTO CHAUFFEUR(`CHFID`,`CHFNOM`,`CHFPRENOM`,`CHFTEL`,`CHFMAIL`) VALUES ('4880','Paul ','Mathis ','0601470529 ','Mathis.Paul@gmail.com');
INSERT INTO COMMUNE(`VILID`,`VILNOM`) VALUES ('13880','Laviron ');
INSERT INTO LIEU(`LIEUID`,`VILID`,`LIEUNOM`) VALUES ('8880','13880','zoxezall');
INSERT INTO VEHICULE(`VEHIMMAT`,`VEHNOM`) VALUES ('AL490TK','Volkswagen ');

INSERT INTO CHAUFFEUR(`CHFID`,`CHFNOM`,`CHFPRENOM`,`CHFTEL`,`CHFMAIL`) VALUES ('4890','Sauvage ','Colin ','0647694167 ','Colin.Sauvage@gmail.com');
INSERT INTO COMMUNE(`VILID`,`VILNOM`) VALUES ('13890','Mouzens ');
INSERT INTO LIEU(`LIEUID`,`VILID`,`LIEUNOM`) VALUES ('8890','13890','mmorodditta');
INSERT INTO VEHICULE(`VEHIMMAT`,`VEHNOM`) VALUES ('QZ876FI','Ford ');

INSERT INTO CHAUFFEUR(`CHFID`,`CHFNOM`,`CHFPRENOM`,`CHFTEL`,`CHFMAIL`) VALUES ('4900','Gauthier ','Émilie ','0687412529 ','Émilie.Gauthier@gmail.com');
INSERT INTO COMMUNE(`VILID`,`VILNOM`) VALUES ('13900','Breux-sur-Avre ');
INSERT INTO LIEU(`LIEUID`,`VILID`,`LIEUNOM`) VALUES ('8900','13900','wizu');
INSERT INTO VEHICULE(`VEHIMMAT`,`VEHNOM`) VALUES ('IX218TO','Opel');

INSERT INTO CHAUFFEUR(`CHFID`,`CHFNOM`,`CHFPRENOM`,`CHFTEL`,`CHFMAIL`) VALUES ('4910','Reynaud ','Laura ','0685636581 ','Laura.Reynaud@gmail.com');
INSERT INTO COMMUNE(`VILID`,`VILNOM`) VALUES ('13910','Laizé ');
INSERT INTO LIEU(`LIEUID`,`VILID`,`LIEUNOM`) VALUES ('8910','13910','rofetteppe');
INSERT INTO VEHICULE(`VEHIMMAT`,`VEHNOM`) VALUES ('MZ256BY','Ford ');

INSERT INTO CHAUFFEUR(`CHFID`,`CHFNOM`,`CHFPRENOM`,`CHFTEL`,`CHFMAIL`) VALUES ('4920','Perez ','Renaud ','0623278767 ','Renaud.Perez@gmail.com');
INSERT INTO COMMUNE(`VILID`,`VILNOM`) VALUES ('13920','Saint-Hilaire-du-Rosier ');
INSERT INTO LIEU(`LIEUID`,`VILID`,`LIEUNOM`) VALUES ('8920','13920','ddefywi');
INSERT INTO VEHICULE(`VEHIMMAT`,`VEHNOM`) VALUES ('AP278XG','Fiat ');

INSERT INTO CHAUFFEUR(`CHFID`,`CHFNOM`,`CHFPRENOM`,`CHFTEL`,`CHFMAIL`) VALUES ('4930','Gerard ','Grégory ','0629454701 ','Grégory.Gerard@gmail.com');
INSERT INTO COMMUNE(`VILID`,`VILNOM`) VALUES ('13930','Merfy ');
INSERT INTO LIEU(`LIEUID`,`VILID`,`LIEUNOM`) VALUES ('8930','13930','wabett');
INSERT INTO VEHICULE(`VEHIMMAT`,`VEHNOM`) VALUES ('XK581CN','Peugeot ');

INSERT INTO CHAUFFEUR(`CHFID`,`CHFNOM`,`CHFPRENOM`,`CHFTEL`,`CHFMAIL`) VALUES ('4940','Barbe ','Guillaume ','0689614309 ','Guillaume.Barbe@gmail.com');
INSERT INTO COMMUNE(`VILID`,`VILNOM`) VALUES ('13940','Miraumont ');
INSERT INTO LIEU(`LIEUID`,`VILID`,`LIEUNOM`) VALUES ('8940','13940','zipaddasu');
INSERT INTO VEHICULE(`VEHIMMAT`,`VEHNOM`) VALUES ('VY385EZ','Fiat ');

INSERT INTO CHAUFFEUR(`CHFID`,`CHFNOM`,`CHFPRENOM`,`CHFTEL`,`CHFMAIL`) VALUES ('4950','Lopez ','Angelina ','0645616129 ','Angelina.Lopez@gmail.com');
INSERT INTO COMMUNE(`VILID`,`VILNOM`) VALUES ('13950','Bouillé-Loretz ');
INSERT INTO LIEU(`LIEUID`,`VILID`,`LIEUNOM`) VALUES ('8950','13950','mmisajulle');
INSERT INTO VEHICULE(`VEHIMMAT`,`VEHNOM`) VALUES ('FE189UR','Citroen ');

INSERT INTO CHAUFFEUR(`CHFID`,`CHFNOM`,`CHFPRENOM`,`CHFTEL`,`CHFMAIL`) VALUES ('4960','Etienne ','Roméo ','0647694167 ','Roméo.Etienne@gmail.com');
INSERT INTO COMMUNE(`VILID`,`VILNOM`) VALUES ('13960','Champvans ');
INSERT INTO LIEU(`LIEUID`,`VILID`,`LIEUNOM`) VALUES ('8960','13960','pposeluddu');
INSERT INTO VEHICULE(`VEHIMMAT`,`VEHNOM`) VALUES ('ZG943UV','BMW ');

INSERT INTO CHAUFFEUR(`CHFID`,`CHFNOM`,`CHFPRENOM`,`CHFTEL`,`CHFMAIL`) VALUES ('4970','Fontaine ','Jérémy ','0601892505 ','Jérémy.Fontaine@gmail.com');
INSERT INTO COMMUNE(`VILID`,`VILNOM`) VALUES ('13970','Bordères-et-Lamensans ');
INSERT INTO LIEU(`LIEUID`,`VILID`,`LIEUNOM`) VALUES ('8970','13970','vehugaje');
INSERT INTO VEHICULE(`VEHIMMAT`,`VEHNOM`) VALUES ('NC505GL','Citroen ');

INSERT INTO CHAUFFEUR(`CHFID`,`CHFNOM`,`CHFPRENOM`,`CHFTEL`,`CHFMAIL`) VALUES ('4980','Leclercq ','Robin ','0667096187 ','Robin.Leclercq@gmail.com');
INSERT INTO COMMUNE(`VILID`,`VILNOM`) VALUES ('13980','Bellebat ');
INSERT INTO LIEU(`LIEUID`,`VILID`,`LIEUNOM`) VALUES ('8980','13980','duffac');
INSERT INTO VEHICULE(`VEHIMMAT`,`VEHNOM`) VALUES ('KJ638TU','BMW ');

INSERT INTO CHAUFFEUR(`CHFID`,`CHFNOM`,`CHFPRENOM`,`CHFTEL`,`CHFMAIL`) VALUES ('4990','Fernandez ','Émile ','0605214141 ','Émile.Fernandez@gmail.com');
INSERT INTO COMMUNE(`VILID`,`VILNOM`) VALUES ('13990','Saint-Didier-sur-Chalaronne ');
INSERT INTO LIEU(`LIEUID`,`VILID`,`LIEUNOM`) VALUES ('8990','13990','nage');
INSERT INTO VEHICULE(`VEHIMMAT`,`VEHNOM`) VALUES ('OP450JM','Fiat ');

INSERT INTO CHAUFFEUR(`CHFID`,`CHFNOM`,`CHFPRENOM`,`CHFTEL`,`CHFMAIL`) VALUES ('5000','Ollivier ','Pierre ','0665236169 ','Pierre.Ollivier@gmail.com');
INSERT INTO COMMUNE(`VILID`,`VILNOM`) VALUES ('14000','Pers ');
INSERT INTO LIEU(`LIEUID`,`VILID`,`LIEUNOM`) VALUES ('9000','14000','buvoteg');
INSERT INTO VEHICULE(`VEHIMMAT`,`VEHNOM`) VALUES ('PE341QP','BMW ');

INSERT INTO CHAUFFEUR(`CHFID`,`CHFNOM`,`CHFPRENOM`,`CHFTEL`,`CHFMAIL`) VALUES ('5010','Perrot ','Jordan ','0645610725 ','Jordan.Perrot@gmail.com');
INSERT INTO COMMUNE(`VILID`,`VILNOM`) VALUES ('14010','Boisjean ');
INSERT INTO LIEU(`LIEUID`,`VILID`,`LIEUNOM`) VALUES ('9010','14010','ffedapi');
INSERT INTO VEHICULE(`VEHIMMAT`,`VEHNOM`) VALUES ('PE129WR','Peugeot ');

INSERT INTO CHAUFFEUR(`CHFID`,`CHFNOM`,`CHFPRENOM`,`CHFTEL`,`CHFMAIL`) VALUES ('5020','Tran ','Maxime ','0601894503 ','Maxime.Tran@gmail.com');
INSERT INTO COMMUNE(`VILID`,`VILNOM`) VALUES ('14020','Livernon ');
INSERT INTO LIEU(`LIEUID`,`VILID`,`LIEUNOM`) VALUES ('9020','14020','zunnobi');
INSERT INTO VEHICULE(`VEHIMMAT`,`VEHNOM`) VALUES ('TW103SX','Renault ');

INSERT INTO CHAUFFEUR(`CHFID`,`CHFNOM`,`CHFPRENOM`,`CHFTEL`,`CHFMAIL`) VALUES ('5030','Roy ','Enzo ','0647212585 ','Enzo.Roy@gmail.com');
INSERT INTO COMMUNE(`VILID`,`VILNOM`) VALUES ('14030','Fierville-les-Mines ');
INSERT INTO LIEU(`LIEUID`,`VILID`,`LIEUNOM`) VALUES ('9030','14030','cececaror');
INSERT INTO VEHICULE(`VEHIMMAT`,`VEHNOM`) VALUES ('MP438DS','BMW ');

INSERT INTO CHAUFFEUR(`CHFID`,`CHFNOM`,`CHFPRENOM`,`CHFTEL`,`CHFMAIL`) VALUES ('5040','Bousquet ','Titouan ','0601812327 ','Titouan.Bousquet@gmail.com');
INSERT INTO COMMUNE(`VILID`,`VILNOM`) VALUES ('14040','Chauffour-lès-Étréchy ');
INSERT INTO LIEU(`LIEUID`,`VILID`,`LIEUNOM`) VALUES ('9040','14040','cuced');
INSERT INTO VEHICULE(`VEHIMMAT`,`VEHNOM`) VALUES ('NW723SF','Peugeot ');

INSERT INTO CHAUFFEUR(`CHFID`,`CHFNOM`,`CHFPRENOM`,`CHFTEL`,`CHFMAIL`) VALUES ('5050','Gerard ','Amaury ','0625616389 ','Amaury.Gerard@gmail.com');
INSERT INTO COMMUNE(`VILID`,`VILNOM`) VALUES ('14050','Saint-André-sur-Cailly ');
INSERT INTO LIEU(`LIEUID`,`VILID`,`LIEUNOM`) VALUES ('9050','14050','ddudy');
INSERT INTO VEHICULE(`VEHIMMAT`,`VEHNOM`) VALUES ('RA967CL','Renault ');

INSERT INTO CHAUFFEUR(`CHFID`,`CHFNOM`,`CHFPRENOM`,`CHFTEL`,`CHFMAIL`) VALUES ('5060','Hamon ','Laura ','0621052761 ','Laura.Hamon@gmail.com');
INSERT INTO COMMUNE(`VILID`,`VILNOM`) VALUES ('14060','Sassay ');
INSERT INTO LIEU(`LIEUID`,`VILID`,`LIEUNOM`) VALUES ('9060','14060','sinnelef');
INSERT INTO VEHICULE(`VEHIMMAT`,`VEHNOM`) VALUES ('OT616JK','Volkswagen ');

INSERT INTO CHAUFFEUR(`CHFID`,`CHFNOM`,`CHFPRENOM`,`CHFTEL`,`CHFMAIL`) VALUES ('5070','Nicolas ','Victor ','0685034341 ','Victor.Nicolas@gmail.com');
INSERT INTO COMMUNE(`VILID`,`VILNOM`) VALUES ('14070','Fontenay ');
INSERT INTO LIEU(`LIEUID`,`VILID`,`LIEUNOM`) VALUES ('9070','14070','dubeseheg');
INSERT INTO VEHICULE(`VEHIMMAT`,`VEHNOM`) VALUES ('JM743CN','Renault ');

INSERT INTO CHAUFFEUR(`CHFID`,`CHFNOM`,`CHFPRENOM`,`CHFTEL`,`CHFMAIL`) VALUES ('5080','Launay ','Lena ','0605018987 ','Lena.Launay@gmail.com');
INSERT INTO COMMUNE(`VILID`,`VILNOM`) VALUES ('14080','Marsais ');
INSERT INTO LIEU(`LIEUID`,`VILID`,`LIEUNOM`) VALUES ('9080','14080','liqotti');
INSERT INTO VEHICULE(`VEHIMMAT`,`VEHNOM`) VALUES ('DW981EF','Citroen ');

INSERT INTO CHAUFFEUR(`CHFID`,`CHFNOM`,`CHFPRENOM`,`CHFTEL`,`CHFMAIL`) VALUES ('5090','Lebreton ','Louise ','0689214927 ','Louise.Lebreton@gmail.com');
INSERT INTO COMMUNE(`VILID`,`VILNOM`) VALUES ('14090','Villar-Saint-Pancrace ');
INSERT INTO LIEU(`LIEUID`,`VILID`,`LIEUNOM`) VALUES ('9090','14090','kizecyzott');
INSERT INTO VEHICULE(`VEHIMMAT`,`VEHNOM`) VALUES ('KF832DK','BMW ');

INSERT INTO CHAUFFEUR(`CHFID`,`CHFNOM`,`CHFPRENOM`,`CHFTEL`,`CHFMAIL`) VALUES ('5100','Launay ','Kyllian ','0687412529 ','Kyllian.Launay@gmail.com');
INSERT INTO COMMUNE(`VILID`,`VILNOM`) VALUES ('14100','Choisy-le-Roi ');
INSERT INTO LIEU(`LIEUID`,`VILID`,`LIEUNOM`) VALUES ('9100','14100','mmesall');
INSERT INTO VEHICULE(`VEHIMMAT`,`VEHNOM`) VALUES ('TE383CP','Renault ');

INSERT INTO CHAUFFEUR(`CHFID`,`CHFNOM`,`CHFPRENOM`,`CHFTEL`,`CHFMAIL`) VALUES ('5110','Jean ','Jordan ','0683234945 ','Jordan.Jean@gmail.com');
INSERT INTO COMMUNE(`VILID`,`VILNOM`) VALUES ('14110','Tailly ');
INSERT INTO LIEU(`LIEUID`,`VILID`,`LIEUNOM`) VALUES ('9110','14110','zejizypidd');
INSERT INTO VEHICULE(`VEHIMMAT`,`VEHNOM`) VALUES ('WD696VC','Peugeot ');

INSERT INTO CHAUFFEUR(`CHFID`,`CHFNOM`,`CHFPRENOM`,`CHFTEL`,`CHFMAIL`) VALUES ('5120','Marion ','Nathan ','0627458943 ','Nathan.Marion@gmail.com');
INSERT INTO COMMUNE(`VILID`,`VILNOM`) VALUES ('14120','Baudrecourt ');
INSERT INTO LIEU(`LIEUID`,`VILID`,`LIEUNOM`) VALUES ('9120','14120','ttyttebow');
INSERT INTO VEHICULE(`VEHIMMAT`,`VEHNOM`) VALUES ('BA769KZ','Peugeot ');

INSERT INTO CHAUFFEUR(`CHFID`,`CHFNOM`,`CHFPRENOM`,`CHFTEL`,`CHFMAIL`) VALUES ('5130','Perez ','Edwige ','0625638901 ','Edwige.Perez@gmail.com');
INSERT INTO COMMUNE(`VILID`,`VILNOM`) VALUES ('14130','Catigny ');
INSERT INTO LIEU(`LIEUID`,`VILID`,`LIEUNOM`) VALUES ('9130','14130','farraju');
INSERT INTO VEHICULE(`VEHIMMAT`,`VEHNOM`) VALUES ('FS183UP','Citroen ');

INSERT INTO CHAUFFEUR(`CHFID`,`CHFNOM`,`CHFPRENOM`,`CHFTEL`,`CHFMAIL`) VALUES ('5140','Richard ','Noë ','0603298747 ','Noë.Richard@gmail.com');
INSERT INTO COMMUNE(`VILID`,`VILNOM`) VALUES ('14140','Saint-Nazaire-de-Ladarez ');
INSERT INTO LIEU(`LIEUID`,`VILID`,`LIEUNOM`) VALUES ('9140','14140','dduzypula');
INSERT INTO VEHICULE(`VEHIMMAT`,`VEHNOM`) VALUES ('FS383EH','Citroen ');

INSERT INTO CHAUFFEUR(`CHFID`,`CHFNOM`,`CHFPRENOM`,`CHFTEL`,`CHFMAIL`) VALUES ('5150','Nicolas ','Jérémy ','0625090787 ','Jérémy.Nicolas@gmail.com');
INSERT INTO COMMUNE(`VILID`,`VILNOM`) VALUES ('14150','Hartmannswiller ');
INSERT INTO LIEU(`LIEUID`,`VILID`,`LIEUNOM`) VALUES ('9150','14150','mymmacika');
INSERT INTO VEHICULE(`VEHIMMAT`,`VEHNOM`) VALUES ('HC389MZ','BMW ');

INSERT INTO CHAUFFEUR(`CHFID`,`CHFNOM`,`CHFPRENOM`,`CHFTEL`,`CHFMAIL`) VALUES ('5160','Loiseau ','Pierre ','0603412989 ','Pierre.Loiseau@gmail.com');
INSERT INTO COMMUNE(`VILID`,`VILNOM`) VALUES ('14160','Ecquetot ');
INSERT INTO LIEU(`LIEUID`,`VILID`,`LIEUNOM`) VALUES ('9160','14160','vubapp');
INSERT INTO VEHICULE(`VEHIMMAT`,`VEHNOM`) VALUES ('MF234XQ','Renault ');

INSERT INTO CHAUFFEUR(`CHFID`,`CHFNOM`,`CHFPRENOM`,`CHFTEL`,`CHFMAIL`) VALUES ('5170','Benoit ','Adam ','0601878309 ','Adam.Benoit@gmail.com');
INSERT INTO COMMUNE(`VILID`,`VILNOM`) VALUES ('14170','Ranspach-le-Bas ');
INSERT INTO LIEU(`LIEUID`,`VILID`,`LIEUNOM`) VALUES ('9170','14170','farrisso');
INSERT INTO VEHICULE(`VEHIMMAT`,`VEHNOM`) VALUES ('SX832HE','Ford ');

INSERT INTO CHAUFFEUR(`CHFID`,`CHFNOM`,`CHFPRENOM`,`CHFTEL`,`CHFMAIL`) VALUES ('5180','Perrin ','Dorian ','0681832383 ','Dorian.Perrin@gmail.com');
INSERT INTO COMMUNE(`VILID`,`VILNOM`) VALUES ('14180','Ayencourt ');
INSERT INTO LIEU(`LIEUID`,`VILID`,`LIEUNOM`) VALUES ('9180','14180','mmurinawew');
INSERT INTO VEHICULE(`VEHIMMAT`,`VEHNOM`) VALUES ('FA783ET','Opel');

INSERT INTO CHAUFFEUR(`CHFID`,`CHFNOM`,`CHFPRENOM`,`CHFTEL`,`CHFMAIL`) VALUES ('5190','Camus ','Adam ','0601812327 ','Adam.Camus@gmail.com');
INSERT INTO COMMUNE(`VILID`,`VILNOM`) VALUES ('14190','Besse ');
INSERT INTO LIEU(`LIEUID`,`VILID`,`LIEUNOM`) VALUES ('9190','14190','poraw');
INSERT INTO VEHICULE(`VEHIMMAT`,`VEHNOM`) VALUES ('YJ816XS','Renault ');

INSERT INTO CHAUFFEUR(`CHFID`,`CHFNOM`,`CHFPRENOM`,`CHFTEL`,`CHFMAIL`) VALUES ('5200','Le roux ','Paul ','0689852943 ','Paul.Le roux@gmail.com');
INSERT INTO COMMUNE(`VILID`,`VILNOM`) VALUES ('14200','Agey ');
INSERT INTO LIEU(`LIEUID`,`VILID`,`LIEUNOM`) VALUES ('9200','14200','qutta');
INSERT INTO VEHICULE(`VEHIMMAT`,`VEHNOM`) VALUES ('GD418HY','Renault ');

INSERT INTO CHAUFFEUR(`CHFID`,`CHFNOM`,`CHFPRENOM`,`CHFTEL`,`CHFMAIL`) VALUES ('5210','Legendre ','Noah ','0667478583 ','Noah.Legendre@gmail.com');
INSERT INTO COMMUNE(`VILID`,`VILNOM`) VALUES ('14210','Béthon ');
INSERT INTO LIEU(`LIEUID`,`VILID`,`LIEUNOM`) VALUES ('9210','14210','meffax');
INSERT INTO VEHICULE(`VEHIMMAT`,`VEHNOM`) VALUES ('TS961MD','Peugeot ');

INSERT INTO CHAUFFEUR(`CHFID`,`CHFNOM`,`CHFPRENOM`,`CHFTEL`,`CHFMAIL`) VALUES ('5220','Bazin ','Anna ','0643692741 ','Anna.Bazin@gmail.com');
INSERT INTO COMMUNE(`VILID`,`VILNOM`) VALUES ('14220','Saron-sur-Aube ');
INSERT INTO LIEU(`LIEUID`,`VILID`,`LIEUNOM`) VALUES ('9220','14220','cacenonno');
INSERT INTO VEHICULE(`VEHIMMAT`,`VEHNOM`) VALUES ('VG121IH','Citroen ');

INSERT INTO CHAUFFEUR(`CHFID`,`CHFNOM`,`CHFPRENOM`,`CHFTEL`,`CHFMAIL`) VALUES ('5230','Gauthier ','Adam ','0601892505 ','Adam.Gauthier@gmail.com');
INSERT INTO COMMUNE(`VILID`,`VILNOM`) VALUES ('14230','Nançois-sur-Ornain ');
INSERT INTO LIEU(`LIEUID`,`VILID`,`LIEUNOM`) VALUES ('9230','14230','ddeddiqilleff');
INSERT INTO VEHICULE(`VEHIMMAT`,`VEHNOM`) VALUES ('YF274NC','Ford ');

INSERT INTO CHAUFFEUR(`CHFID`,`CHFNOM`,`CHFPRENOM`,`CHFTEL`,`CHFMAIL`) VALUES ('5240','Fernandes ','Anthony ','0625698581 ','Anthony.Fernandes@gmail.com');
INSERT INTO COMMUNE(`VILID`,`VILNOM`) VALUES ('14240','Le Plan ');
INSERT INTO LIEU(`LIEUID`,`VILID`,`LIEUNOM`) VALUES ('9240','14240','dufy');
INSERT INTO VEHICULE(`VEHIMMAT`,`VEHNOM`) VALUES ('MD814FU','Citroen ');

INSERT INTO CHAUFFEUR(`CHFID`,`CHFNOM`,`CHFPRENOM`,`CHFTEL`,`CHFMAIL`) VALUES ('5250','Bourgeois ','Benjamin ','0681832383 ','Benjamin.Bourgeois@gmail.com');
INSERT INTO COMMUNE(`VILID`,`VILNOM`) VALUES ('14250','Dechy ');
INSERT INTO LIEU(`LIEUID`,`VILID`,`LIEUNOM`) VALUES ('9250','14250','qossatira');
INSERT INTO VEHICULE(`VEHIMMAT`,`VEHNOM`) VALUES ('IX270LO','BMW ');

INSERT INTO CHAUFFEUR(`CHFID`,`CHFNOM`,`CHFPRENOM`,`CHFTEL`,`CHFMAIL`) VALUES ('5260','Leclercq ','Fabrice ','0607836589 ','Fabrice.Leclercq@gmail.com');
INSERT INTO COMMUNE(`VILID`,`VILNOM`) VALUES ('14260','Baugy ');
INSERT INTO LIEU(`LIEUID`,`VILID`,`LIEUNOM`) VALUES ('9260','14260','cutokaj');
INSERT INTO VEHICULE(`VEHIMMAT`,`VEHNOM`) VALUES ('XU523YD','Peugeot ');

INSERT INTO CHAUFFEUR(`CHFID`,`CHFNOM`,`CHFPRENOM`,`CHFTEL`,`CHFMAIL`) VALUES ('5270','Daniel ','Juliette ','0667214707 ','Juliette.Daniel@gmail.com');
INSERT INTO COMMUNE(`VILID`,`VILNOM`) VALUES ('14270','Châtillon-sur-Oise ');
INSERT INTO LIEU(`LIEUID`,`VILID`,`LIEUNOM`) VALUES ('9270','14270','depezylu');
INSERT INTO VEHICULE(`VEHIMMAT`,`VEHNOM`) VALUES ('JI985GF','Volkswagen ');

INSERT INTO CHAUFFEUR(`CHFID`,`CHFNOM`,`CHFPRENOM`,`CHFTEL`,`CHFMAIL`) VALUES ('5280','Ollivier ','Ethan ','0625616389 ','Ethan.Ollivier@gmail.com');
INSERT INTO COMMUNE(`VILID`,`VILNOM`) VALUES ('14280','Einvaux ');
INSERT INTO LIEU(`LIEUID`,`VILID`,`LIEUNOM`) VALUES ('9280','14280','ssatahuffa');
INSERT INTO VEHICULE(`VEHIMMAT`,`VEHNOM`) VALUES ('DW903YR','Opel');

INSERT INTO CHAUFFEUR(`CHFID`,`CHFNOM`,`CHFPRENOM`,`CHFTEL`,`CHFMAIL`) VALUES ('5290','Riviere ','Malo ','0605018987 ','Malo.Riviere@gmail.com');
INSERT INTO COMMUNE(`VILID`,`VILNOM`) VALUES ('14290','Peyrusse ');
INSERT INTO LIEU(`LIEUID`,`VILID`,`LIEUNOM`) VALUES ('9290','14290','nejisejo');
INSERT INTO VEHICULE(`VEHIMMAT`,`VEHNOM`) VALUES ('JM125CL','Ford ');

INSERT INTO CHAUFFEUR(`CHFID`,`CHFNOM`,`CHFPRENOM`,`CHFTEL`,`CHFMAIL`) VALUES ('5300','Vidal ','Solene ','0629078325 ','Solene.Vidal@gmail.com');
INSERT INTO COMMUNE(`VILID`,`VILNOM`) VALUES ('14300','Vaudrivillers ');
INSERT INTO LIEU(`LIEUID`,`VILID`,`LIEUNOM`) VALUES ('9300','14300','kacefaledd');
INSERT INTO VEHICULE(`VEHIMMAT`,`VEHNOM`) VALUES ('MF872RE','Ford ');

INSERT INTO CHAUFFEUR(`CHFID`,`CHFNOM`,`CHFPRENOM`,`CHFTEL`,`CHFMAIL`) VALUES ('5310','Aubry ','Mehdi ','0605018987 ','Mehdi.Aubry@gmail.com');
INSERT INTO COMMUNE(`VILID`,`VILNOM`) VALUES ('14310','Fransart ');
INSERT INTO LIEU(`LIEUID`,`VILID`,`LIEUNOM`) VALUES ('9310','14310','jewyssun');
INSERT INTO VEHICULE(`VEHIMMAT`,`VEHNOM`) VALUES ('HU583IX','Opel');

INSERT INTO CHAUFFEUR(`CHFID`,`CHFNOM`,`CHFPRENOM`,`CHFTEL`,`CHFMAIL`) VALUES ('5320','Lemaire ','Cédric ','0607836589 ','Cédric.Lemaire@gmail.com');
INSERT INTO COMMUNE(`VILID`,`VILNOM`) VALUES ('14320','Rans ');
INSERT INTO LIEU(`LIEUID`,`VILID`,`LIEUNOM`) VALUES ('9320','14320','jelazik');
INSERT INTO VEHICULE(`VEHIMMAT`,`VEHNOM`) VALUES ('AN678VG','BMW ');

INSERT INTO CHAUFFEUR(`CHFID`,`CHFNOM`,`CHFPRENOM`,`CHFTEL`,`CHFMAIL`) VALUES ('5330','Legros ','Lutécia ','0647694167 ','Lutécia.Legros@gmail.com');
INSERT INTO COMMUNE(`VILID`,`VILNOM`) VALUES ('14330','Hamelet ');
INSERT INTO LIEU(`LIEUID`,`VILID`,`LIEUNOM`) VALUES ('9330','14330','nyjecus');
INSERT INTO VEHICULE(`VEHIMMAT`,`VEHNOM`) VALUES ('VC761ED','Opel');

INSERT INTO CHAUFFEUR(`CHFID`,`CHFNOM`,`CHFPRENOM`,`CHFTEL`,`CHFMAIL`) VALUES ('5340','Lesage ','Robin ','0623278767 ','Robin.Lesage@gmail.com');
INSERT INTO COMMUNE(`VILID`,`VILNOM`) VALUES ('14340','Mâcon ');
INSERT INTO LIEU(`LIEUID`,`VILID`,`LIEUNOM`) VALUES ('9340','14340','ttutty');
INSERT INTO VEHICULE(`VEHIMMAT`,`VEHNOM`) VALUES ('BC765CJ','Ford ');

INSERT INTO CHAUFFEUR(`CHFID`,`CHFNOM`,`CHFPRENOM`,`CHFTEL`,`CHFMAIL`) VALUES ('5350','Mahe ','Samuel ','0645616129 ','Samuel.Mahe@gmail.com');
INSERT INTO COMMUNE(`VILID`,`VILNOM`) VALUES ('14350','Bazancourt ');
INSERT INTO LIEU(`LIEUID`,`VILID`,`LIEUNOM`) VALUES ('9350','14350','ddobedd');
INSERT INTO VEHICULE(`VEHIMMAT`,`VEHNOM`) VALUES ('KJ874ZS','Volkswagen ');

INSERT INTO CHAUFFEUR(`CHFID`,`CHFNOM`,`CHFPRENOM`,`CHFTEL`,`CHFMAIL`) VALUES ('5360','Rodrigues ','Rémi ','0683856121 ','Rémi.Rodrigues@gmail.com');
INSERT INTO COMMUNE(`VILID`,`VILNOM`) VALUES ('14360','Barbezieux-Saint-Hilaire ');
INSERT INTO LIEU(`LIEUID`,`VILID`,`LIEUNOM`) VALUES ('9360','14360','golaq');
INSERT INTO VEHICULE(`VEHIMMAT`,`VEHNOM`) VALUES ('BE385QJ','Peugeot ');

INSERT INTO CHAUFFEUR(`CHFID`,`CHFNOM`,`CHFPRENOM`,`CHFTEL`,`CHFMAIL`) VALUES ('5370','Bertin ','Antonin ','0625090787 ','Antonin.Bertin@gmail.com');
INSERT INTO COMMUNE(`VILID`,`VILNOM`) VALUES ('14370','Guichainville ');
INSERT INTO LIEU(`LIEUID`,`VILID`,`LIEUNOM`) VALUES ('9370','14370','cuqann');
INSERT INTO VEHICULE(`VEHIMMAT`,`VEHNOM`) VALUES ('IJ012RK','BMW ');

INSERT INTO CHAUFFEUR(`CHFID`,`CHFNOM`,`CHFPRENOM`,`CHFTEL`,`CHFMAIL`) VALUES ('5380','Guillon ','Esteban ','0601298507 ','Esteban.Guillon@gmail.com');
INSERT INTO COMMUNE(`VILID`,`VILNOM`) VALUES ('14380','Chaudefontaine ');
INSERT INTO LIEU(`LIEUID`,`VILID`,`LIEUNOM`) VALUES ('9380','14380','cemmexex');
INSERT INTO VEHICULE(`VEHIMMAT`,`VEHNOM`) VALUES ('NA143CX','BMW ');

INSERT INTO CHAUFFEUR(`CHFID`,`CHFNOM`,`CHFPRENOM`,`CHFTEL`,`CHFMAIL`) VALUES ('5390','Charrier ','Roméo ','0605214141 ','Roméo.Charrier@gmail.com');
INSERT INTO COMMUNE(`VILID`,`VILNOM`) VALUES ('14390','Laveissenet ');
INSERT INTO LIEU(`LIEUID`,`VILID`,`LIEUNOM`) VALUES ('9390','14390','kitokusi');
INSERT INTO VEHICULE(`VEHIMMAT`,`VEHNOM`) VALUES ('ZU945EH','Citroen ');

INSERT INTO CHAUFFEUR(`CHFID`,`CHFNOM`,`CHFPRENOM`,`CHFTEL`,`CHFMAIL`) VALUES ('5400','Perrot ','Kevin ','0621052761 ','Kevin.Perrot@gmail.com');
INSERT INTO COMMUNE(`VILID`,`VILNOM`) VALUES ('14400','Villers-Farlay ');
INSERT INTO LIEU(`LIEUID`,`VILID`,`LIEUNOM`) VALUES ('9400','14400','buwaxu');
INSERT INTO VEHICULE(`VEHIMMAT`,`VEHNOM`) VALUES ('NC121SH','Renault ');

INSERT INTO CHAUFFEUR(`CHFID`,`CHFNOM`,`CHFPRENOM`,`CHFTEL`,`CHFMAIL`) VALUES ('5410','Dupuis ','Mehdi ','0607250367 ','Mehdi.Dupuis@gmail.com');
INSERT INTO COMMUNE(`VILID`,`VILNOM`) VALUES ('14410','Itzac ');
INSERT INTO LIEU(`LIEUID`,`VILID`,`LIEUNOM`) VALUES ('9410','14410','ffatte');
INSERT INTO VEHICULE(`VEHIMMAT`,`VEHNOM`) VALUES ('RC529OL','Ford ');

INSERT INTO CHAUFFEUR(`CHFID`,`CHFNOM`,`CHFPRENOM`,`CHFTEL`,`CHFMAIL`) VALUES ('5420','Lemaitre ','Amaury ','0663476341 ','Amaury.Lemaitre@gmail.com');
INSERT INTO COMMUNE(`VILID`,`VILNOM`) VALUES ('14420','Saint-Marceau ');
INSERT INTO LIEU(`LIEUID`,`VILID`,`LIEUNOM`) VALUES ('9420','14420','mudo');
INSERT INTO VEHICULE(`VEHIMMAT`,`VEHNOM`) VALUES ('LM581KP','Peugeot ');

INSERT INTO CHAUFFEUR(`CHFID`,`CHFNOM`,`CHFPRENOM`,`CHFTEL`,`CHFMAIL`) VALUES ('5430','Alexandre ','Lucie ','0661850585 ','Lucie.Alexandre@gmail.com');
INSERT INTO COMMUNE(`VILID`,`VILNOM`) VALUES ('14430','Sorbey ');
INSERT INTO LIEU(`LIEUID`,`VILID`,`LIEUNOM`) VALUES ('9430','14430','niffannuffa');
INSERT INTO VEHICULE(`VEHIMMAT`,`VEHNOM`) VALUES ('ZQ723CV','Fiat ');

INSERT INTO CHAUFFEUR(`CHFID`,`CHFNOM`,`CHFPRENOM`,`CHFTEL`,`CHFMAIL`) VALUES ('5440','Herve ','Florian ','0665496505 ','Florian.Herve@gmail.com');
INSERT INTO COMMUNE(`VILID`,`VILNOM`) VALUES ('14440','Dommartin-lès-Vallois ');
INSERT INTO LIEU(`LIEUID`,`VILID`,`LIEUNOM`) VALUES ('9440','14440','llopannenif');
INSERT INTO VEHICULE(`VEHIMMAT`,`VEHNOM`) VALUES ('GV034FG','Volkswagen ');

INSERT INTO CHAUFFEUR(`CHFID`,`CHFNOM`,`CHFPRENOM`,`CHFTEL`,`CHFMAIL`) VALUES ('5450','Cordier ','Solene ','0625638901 ','Solene.Cordier@gmail.com');
INSERT INTO COMMUNE(`VILID`,`VILNOM`) VALUES ('14450','Rouvrois-sur-Meuse ');
INSERT INTO LIEU(`LIEUID`,`VILID`,`LIEUNOM`) VALUES ('9450','14450','cemijex');
INSERT INTO VEHICULE(`VEHIMMAT`,`VEHNOM`) VALUES ('RW165ID','Opel');

INSERT INTO CHAUFFEUR(`CHFID`,`CHFNOM`,`CHFPRENOM`,`CHFTEL`,`CHFMAIL`) VALUES ('5460','Bouvier ','Amandine ','0605256709 ','Amandine.Bouvier@gmail.com');
INSERT INTO COMMUNE(`VILID`,`VILNOM`) VALUES ('14460','Ménil-Froger ');
INSERT INTO LIEU(`LIEUID`,`VILID`,`LIEUNOM`) VALUES ('9460','14460','mewuva');
INSERT INTO VEHICULE(`VEHIMMAT`,`VEHNOM`) VALUES ('LG547WZ','Volkswagen ');

INSERT INTO CHAUFFEUR(`CHFID`,`CHFNOM`,`CHFPRENOM`,`CHFTEL`,`CHFMAIL`) VALUES ('5470','Besnard ','Hugo ','0623278767 ','Hugo.Besnard@gmail.com');
INSERT INTO COMMUNE(`VILID`,`VILNOM`) VALUES ('14470','Mégange ');
INSERT INTO LIEU(`LIEUID`,`VILID`,`LIEUNOM`) VALUES ('9470','14470','rabyk');
INSERT INTO VEHICULE(`VEHIMMAT`,`VEHNOM`) VALUES ('CD890DI','Opel');

INSERT INTO CHAUFFEUR(`CHFID`,`CHFNOM`,`CHFPRENOM`,`CHFTEL`,`CHFMAIL`) VALUES ('5480','Carpentier ','Valentin ','0663252121 ','Valentin.Carpentier@gmail.com');
INSERT INTO COMMUNE(`VILID`,`VILNOM`) VALUES ('14480','Le Champ-de-la-Pierre ');
INSERT INTO LIEU(`LIEUID`,`VILID`,`LIEUNOM`) VALUES ('9480','14480','lluffiqume');
INSERT INTO VEHICULE(`VEHIMMAT`,`VEHNOM`) VALUES ('UD094HG','Peugeot ');

INSERT INTO CHAUFFEUR(`CHFID`,`CHFNOM`,`CHFPRENOM`,`CHFTEL`,`CHFMAIL`) VALUES ('5490','Dupuy ','Jasmine ','0623874789 ','Jasmine.Dupuy@gmail.com');
INSERT INTO COMMUNE(`VILID`,`VILNOM`) VALUES ('14490','Heuland ');
INSERT INTO LIEU(`LIEUID`,`VILID`,`LIEUNOM`) VALUES ('9490','14490','cimmeculux');
INSERT INTO VEHICULE(`VEHIMMAT`,`VEHNOM`) VALUES ('BA727UH','Citroen ');

INSERT INTO CHAUFFEUR(`CHFID`,`CHFNOM`,`CHFPRENOM`,`CHFTEL`,`CHFMAIL`) VALUES ('5500','Mahe ','Baptiste ','0665850981 ','Baptiste.Mahe@gmail.com');
INSERT INTO COMMUNE(`VILID`,`VILNOM`) VALUES ('14500','Durmenach ');
INSERT INTO LIEU(`LIEUID`,`VILID`,`LIEUNOM`) VALUES ('9500','14500','zafe');
INSERT INTO VEHICULE(`VEHIMMAT`,`VEHNOM`) VALUES ('XG163OP','Renault ');

INSERT INTO CHAUFFEUR(`CHFID`,`CHFNOM`,`CHFPRENOM`,`CHFTEL`,`CHFMAIL`) VALUES ('5510','Delorme ','Marine ','0669496721 ','Marine.Delorme@gmail.com');
INSERT INTO COMMUNE(`VILID`,`VILNOM`) VALUES ('14510','Sainte-Colombe ');
INSERT INTO LIEU(`LIEUID`,`VILID`,`LIEUNOM`) VALUES ('9510','14510','ddivettennupp');
INSERT INTO VEHICULE(`VEHIMMAT`,`VEHNOM`) VALUES ('YX038TC','Renault ');

INSERT INTO CHAUFFEUR(`CHFID`,`CHFNOM`,`CHFPRENOM`,`CHFTEL`,`CHFMAIL`) VALUES ('5520','Laine ','Hugo ','0667214707 ','Hugo.Laine@gmail.com');
INSERT INTO COMMUNE(`VILID`,`VILNOM`) VALUES ('14520','Châtillon-sur-Indre ');
INSERT INTO LIEU(`LIEUID`,`VILID`,`LIEUNOM`) VALUES ('9520','14520','rruxakoko');
INSERT INTO VEHICULE(`VEHIMMAT`,`VEHNOM`) VALUES ('YN634DO','Volkswagen ');

INSERT INTO CHAUFFEUR(`CHFID`,`CHFNOM`,`CHFPRENOM`,`CHFTEL`,`CHFMAIL`) VALUES ('5530','Raymond ','Timéo ','0607832509 ','Timéo.Raymond@gmail.com');
INSERT INTO COMMUNE(`VILID`,`VILNOM`) VALUES ('14530','Bonnay ');
INSERT INTO LIEU(`LIEUID`,`VILID`,`LIEUNOM`) VALUES ('9530','14530','meqoki');
INSERT INTO VEHICULE(`VEHIMMAT`,`VEHNOM`) VALUES ('GJ836XG','Peugeot ');

INSERT INTO CHAUFFEUR(`CHFID`,`CHFNOM`,`CHFPRENOM`,`CHFTEL`,`CHFMAIL`) VALUES ('5540','Da silva ','Fabrice ','0629872569 ','Fabrice.Da silva@gmail.com');
INSERT INTO COMMUNE(`VILID`,`VILNOM`) VALUES ('14540','Steinbach ');
INSERT INTO LIEU(`LIEUID`,`VILID`,`LIEUNOM`) VALUES ('9540','14540','nnutyz');
INSERT INTO VEHICULE(`VEHIMMAT`,`VEHNOM`) VALUES ('FA367OV','Renault ');

INSERT INTO CHAUFFEUR(`CHFID`,`CHFNOM`,`CHFPRENOM`,`CHFTEL`,`CHFMAIL`) VALUES ('5550','Giraud ','Davy ','0663690789 ','Davy.Giraud@gmail.com');
INSERT INTO COMMUNE(`VILID`,`VILNOM`) VALUES ('14550','Rochonvillers ');
INSERT INTO LIEU(`LIEUID`,`VILID`,`LIEUNOM`) VALUES ('9550','14550','ttage');
INSERT INTO VEHICULE(`VEHIMMAT`,`VEHNOM`) VALUES ('TW961SX','Peugeot ');

INSERT INTO CHAUFFEUR(`CHFID`,`CHFNOM`,`CHFPRENOM`,`CHFTEL`,`CHFMAIL`) VALUES ('5560','Navarro ','Robin ','0629216167 ','Robin.Navarro@gmail.com');
INSERT INTO COMMUNE(`VILID`,`VILNOM`) VALUES ('14560','Saint-Vincent-sur-l\'Isle ');
INSERT INTO LIEU(`LIEUID`,`VILID`,`LIEUNOM`) VALUES ('9560','14560','ssedonu');
INSERT INTO VEHICULE(`VEHIMMAT`,`VEHNOM`) VALUES ('HA907CF','Citroen ');

INSERT INTO CHAUFFEUR(`CHFID`,`CHFNOM`,`CHFPRENOM`,`CHFTEL`,`CHFMAIL`) VALUES ('5570','Maury ','Lucas ','0683490385 ','Lucas.Maury@gmail.com');
INSERT INTO COMMUNE(`VILID`,`VILNOM`) VALUES ('14570','Saint-Julien-de-Peyrolas ');
INSERT INTO LIEU(`LIEUID`,`VILID`,`LIEUNOM`) VALUES ('9570','14570','bupicaho');
INSERT INTO VEHICULE(`VEHIMMAT`,`VEHNOM`) VALUES ('PE101OR','Renault ');

INSERT INTO CHAUFFEUR(`CHFID`,`CHFNOM`,`CHFPRENOM`,`CHFTEL`,`CHFMAIL`) VALUES ('5580','Daniel ','Noë ','0645610725 ','Noë.Daniel@gmail.com');
INSERT INTO COMMUNE(`VILID`,`VILNOM`) VALUES ('14580','Saran ');
INSERT INTO LIEU(`LIEUID`,`VILID`,`LIEUNOM`) VALUES ('9580','14580','kylame');
INSERT INTO VEHICULE(`VEHIMMAT`,`VEHNOM`) VALUES ('FG563KF','Volkswagen ');

INSERT INTO CHAUFFEUR(`CHFID`,`CHFNOM`,`CHFPRENOM`,`CHFTEL`,`CHFMAIL`) VALUES ('5590','Garnier ','Valentine ','0629078325 ','Valentine.Garnier@gmail.com');
INSERT INTO COMMUNE(`VILID`,`VILNOM`) VALUES ('14590','Saint-Julien ');
INSERT INTO LIEU(`LIEUID`,`VILID`,`LIEUNOM`) VALUES ('9590','14590','raddi');
INSERT INTO VEHICULE(`VEHIMMAT`,`VEHNOM`) VALUES ('VU983GT','BMW ');

INSERT INTO CHAUFFEUR(`CHFID`,`CHFNOM`,`CHFPRENOM`,`CHFTEL`,`CHFMAIL`) VALUES ('5600','Barbe ','Enzo ','0683490385 ','Enzo.Barbe@gmail.com');
INSERT INTO COMMUNE(`VILID`,`VILNOM`) VALUES ('14600','Rancy ');
INSERT INTO LIEU(`LIEUID`,`VILID`,`LIEUNOM`) VALUES ('9600','14600','mopepuss');
INSERT INTO VEHICULE(`VEHIMMAT`,`VEHNOM`) VALUES ('GH850HU','Fiat ');

INSERT INTO CHAUFFEUR(`CHFID`,`CHFNOM`,`CHFPRENOM`,`CHFTEL`,`CHFMAIL`) VALUES ('5610','Rodriguez ','Lilou ','0607058927 ','Lilou.Rodriguez@gmail.com');
INSERT INTO COMMUNE(`VILID`,`VILNOM`) VALUES ('14610','Mesnil-Lettre ');
INSERT INTO LIEU(`LIEUID`,`VILID`,`LIEUNOM`) VALUES ('9610','14610','muddyvo');
INSERT INTO VEHICULE(`VEHIMMAT`,`VEHNOM`) VALUES ('SP056BO','Volkswagen ');

INSERT INTO CHAUFFEUR(`CHFID`,`CHFNOM`,`CHFPRENOM`,`CHFTEL`,`CHFMAIL`) VALUES ('5620','Descamps ','Lucas ','0601812327 ','Lucas.Descamps@gmail.com');
INSERT INTO COMMUNE(`VILID`,`VILNOM`) VALUES ('14620','Montgon ');
INSERT INTO LIEU(`LIEUID`,`VILID`,`LIEUNOM`) VALUES ('9620','14620','nnexess');
INSERT INTO VEHICULE(`VEHIMMAT`,`VEHNOM`) VALUES ('NE563SV','Ford ');

INSERT INTO CHAUFFEUR(`CHFID`,`CHFNOM`,`CHFPRENOM`,`CHFTEL`,`CHFMAIL`) VALUES ('5630','Daniel ','Martin ','0689214927 ','Martin.Daniel@gmail.com');
INSERT INTO COMMUNE(`VILID`,`VILNOM`) VALUES ('14630','Vescheim ');
INSERT INTO LIEU(`LIEUID`,`VILID`,`LIEUNOM`) VALUES ('9630','14630','nneparossek');
INSERT INTO VEHICULE(`VEHIMMAT`,`VEHNOM`) VALUES ('EX490JG','BMW ');

INSERT INTO CHAUFFEUR(`CHFID`,`CHFNOM`,`CHFPRENOM`,`CHFTEL`,`CHFMAIL`) VALUES ('5640','Guillet ','Yüna ','0605474541 ','Yüna.Guillet@gmail.com');
INSERT INTO COMMUNE(`VILID`,`VILNOM`) VALUES ('14640','Solbach ');
INSERT INTO LIEU(`LIEUID`,`VILID`,`LIEUNOM`) VALUES ('9640','14640','vagukuj');
INSERT INTO VEHICULE(`VEHIMMAT`,`VEHNOM`) VALUES ('TA745ST','Citroen ');

INSERT INTO CHAUFFEUR(`CHFID`,`CHFNOM`,`CHFPRENOM`,`CHFTEL`,`CHFMAIL`) VALUES ('5650','Cordier ','Thomas ','0687412529 ','Thomas.Cordier@gmail.com');
INSERT INTO COMMUNE(`VILID`,`VILNOM`) VALUES ('14650','Vellefrey-et-Vellefrange ');
INSERT INTO LIEU(`LIEUID`,`VILID`,`LIEUNOM`) VALUES ('9650','14650','cuba');
INSERT INTO VEHICULE(`VEHIMMAT`,`VEHNOM`) VALUES ('LK921QJ','BMW ');

INSERT INTO CHAUFFEUR(`CHFID`,`CHFNOM`,`CHFPRENOM`,`CHFTEL`,`CHFMAIL`) VALUES ('5660','Guerin ','Mehdi ','0601892505 ','Mehdi.Guerin@gmail.com');
INSERT INTO COMMUNE(`VILID`,`VILNOM`) VALUES ('14660','Mortagne-sur-Gironde ');
INSERT INTO LIEU(`LIEUID`,`VILID`,`LIEUNOM`) VALUES ('9660','14660','kuka');
INSERT INTO VEHICULE(`VEHIMMAT`,`VEHNOM`) VALUES ('DO129CD','Citroen ');

INSERT INTO CHAUFFEUR(`CHFID`,`CHFNOM`,`CHFPRENOM`,`CHFTEL`,`CHFMAIL`) VALUES ('5670','Olivier ','Rayane ','0629216167 ','Rayane.Olivier@gmail.com');
INSERT INTO COMMUNE(`VILID`,`VILNOM`) VALUES ('14670','Comblanchien ');
INSERT INTO LIEU(`LIEUID`,`VILID`,`LIEUNOM`) VALUES ('9670','14670','cammaqovin');
INSERT INTO VEHICULE(`VEHIMMAT`,`VEHNOM`) VALUES ('YJ012XE','Citroen ');

INSERT INTO CHAUFFEUR(`CHFID`,`CHFNOM`,`CHFPRENOM`,`CHFTEL`,`CHFMAIL`) VALUES ('5680','Boyer ','Amine ','0667096187 ','Amine.Boyer@gmail.com');
INSERT INTO COMMUNE(`VILID`,`VILNOM`) VALUES ('14680','Camous ');
INSERT INTO LIEU(`LIEUID`,`VILID`,`LIEUNOM`) VALUES ('9680','14680','pimmareqeh');
INSERT INTO VEHICULE(`VEHIMMAT`,`VEHNOM`) VALUES ('TY901GJ','Ford ');

INSERT INTO CHAUFFEUR(`CHFID`,`CHFNOM`,`CHFPRENOM`,`CHFTEL`,`CHFMAIL`) VALUES ('5690','Martinez ','Lorenzo ','0607836589 ','Lorenzo.Martinez@gmail.com');
INSERT INTO COMMUNE(`VILID`,`VILNOM`) VALUES ('14690','Buzignargues ');
INSERT INTO LIEU(`LIEUID`,`VILID`,`LIEUNOM`) VALUES ('9690','14690','nehe');
INSERT INTO VEHICULE(`VEHIMMAT`,`VEHNOM`) VALUES ('RC587QL','Volkswagen ');

INSERT INTO CHAUFFEUR(`CHFID`,`CHFNOM`,`CHFPRENOM`,`CHFTEL`,`CHFMAIL`) VALUES ('5700','Renard ','Maxence ','0603216743 ','Maxence.Renard@gmail.com');
INSERT INTO COMMUNE(`VILID`,`VILNOM`) VALUES ('14700','Broindon ');
INSERT INTO LIEU(`LIEUID`,`VILID`,`LIEUNOM`) VALUES ('9700','14700','nnolaqeba');
INSERT INTO VEHICULE(`VEHIMMAT`,`VEHNOM`) VALUES ('ZS141QX','Ford ');

INSERT INTO CHAUFFEUR(`CHFID`,`CHFNOM`,`CHFPRENOM`,`CHFTEL`,`CHFMAIL`) VALUES ('5710','Hernandez ','Lina ','0623416301 ','Lina.Hernandez@gmail.com');
INSERT INTO COMMUNE(`VILID`,`VILNOM`) VALUES ('14710','Richeling ');
INSERT INTO LIEU(`LIEUID`,`VILID`,`LIEUNOM`) VALUES ('9710','14710','gehanneh');
INSERT INTO VEHICULE(`VEHIMMAT`,`VEHNOM`) VALUES ('OT616BY','BMW ');

INSERT INTO CHAUFFEUR(`CHFID`,`CHFNOM`,`CHFPRENOM`,`CHFTEL`,`CHFMAIL`) VALUES ('5720','Lefort ','Davy ','0689094347 ','Davy.Lefort@gmail.com');
INSERT INTO COMMUNE(`VILID`,`VILNOM`) VALUES ('14720','Épinac ');
INSERT INTO LIEU(`LIEUID`,`VILID`,`LIEUNOM`) VALUES ('9720','14720','ffasyjijaw');
INSERT INTO VEHICULE(`VEHIMMAT`,`VEHNOM`) VALUES ('ZW127GJ','Opel');

INSERT INTO CHAUFFEUR(`CHFID`,`CHFNOM`,`CHFPRENOM`,`CHFTEL`,`CHFMAIL`) VALUES ('5730','Hernandez ','Léa ','0627434707 ','Léa.Hernandez@gmail.com');
INSERT INTO COMMUNE(`VILID`,`VILNOM`) VALUES ('14730','Saint-Ouen-le-Houx ');
INSERT INTO LIEU(`LIEUID`,`VILID`,`LIEUNOM`) VALUES ('9730','14730','kissessymos');
INSERT INTO VEHICULE(`VEHIMMAT`,`VEHNOM`) VALUES ('GH692XQ','Ford ');

INSERT INTO CHAUFFEUR(`CHFID`,`CHFNOM`,`CHFPRENOM`,`CHFTEL`,`CHFMAIL`) VALUES ('5740','Jacquot ','David ','0683872161 ','David.Jacquot@gmail.com');
INSERT INTO COMMUNE(`VILID`,`VILNOM`) VALUES ('14740','Lanvénégen ');
INSERT INTO LIEU(`LIEUID`,`VILID`,`LIEUNOM`) VALUES ('9740','14740','ffannic');
INSERT INTO VEHICULE(`VEHIMMAT`,`VEHNOM`) VALUES ('JE343WV','Citroen ');

INSERT INTO CHAUFFEUR(`CHFID`,`CHFNOM`,`CHFPRENOM`,`CHFTEL`,`CHFMAIL`) VALUES ('5750','Bousquet ','Gaspard ','0647676529 ','Gaspard.Bousquet@gmail.com');
INSERT INTO COMMUNE(`VILID`,`VILNOM`) VALUES ('14750','Armix ');
INSERT INTO LIEU(`LIEUID`,`VILID`,`LIEUNOM`) VALUES ('9750','14750','kefotill');
INSERT INTO VEHICULE(`VEHIMMAT`,`VEHNOM`) VALUES ('SL616FK','Renault ');

INSERT INTO CHAUFFEUR(`CHFID`,`CHFNOM`,`CHFPRENOM`,`CHFTEL`,`CHFMAIL`) VALUES ('5760','Carpentier ','Kilian ','0625850541 ','Kilian.Carpentier@gmail.com');
INSERT INTO COMMUNE(`VILID`,`VILNOM`) VALUES ('14760','Serqueux ');
INSERT INTO LIEU(`LIEUID`,`VILID`,`LIEUNOM`) VALUES ('9760','14760','vonydderas');
INSERT INTO VEHICULE(`VEHIMMAT`,`VEHNOM`) VALUES ('RG547YF','Volkswagen ');

INSERT INTO CHAUFFEUR(`CHFID`,`CHFNOM`,`CHFPRENOM`,`CHFTEL`,`CHFMAIL`) VALUES ('5770','Allard ','Katell ','0625874945 ','Katell.Allard@gmail.com');
INSERT INTO COMMUNE(`VILID`,`VILNOM`) VALUES ('14770','Marcilly-sur-Eure ');
INSERT INTO LIEU(`LIEUID`,`VILID`,`LIEUNOM`) VALUES ('9770','14770','rryrruma');
INSERT INTO VEHICULE(`VEHIMMAT`,`VEHNOM`) VALUES ('DU167QH','Ford ');

INSERT INTO CHAUFFEUR(`CHFID`,`CHFNOM`,`CHFPRENOM`,`CHFTEL`,`CHFMAIL`) VALUES ('5780','Leclercq ','Lena ','0667478583 ','Lena.Leclercq@gmail.com');
INSERT INTO COMMUNE(`VILID`,`VILNOM`) VALUES ('14780','Hondainville ');
INSERT INTO LIEU(`LIEUID`,`VILID`,`LIEUNOM`) VALUES ('9780','14780','ttuffissennax');
INSERT INTO VEHICULE(`VEHIMMAT`,`VEHNOM`) VALUES ('MB694JG','Ford ');

INSERT INTO CHAUFFEUR(`CHFID`,`CHFNOM`,`CHFPRENOM`,`CHFTEL`,`CHFMAIL`) VALUES ('5790','Sanchez ','Paul ','0685636581 ','Paul.Sanchez@gmail.com');
INSERT INTO COMMUNE(`VILID`,`VILNOM`) VALUES ('14790','Tubersent ');
INSERT INTO LIEU(`LIEUID`,`VILID`,`LIEUNOM`) VALUES ('9790','14790','ffiddeqemmu');
INSERT INTO VEHICULE(`VEHIMMAT`,`VEHNOM`) VALUES ('KB032JQ','Volkswagen ');

INSERT INTO CHAUFFEUR(`CHFID`,`CHFNOM`,`CHFPRENOM`,`CHFTEL`,`CHFMAIL`) VALUES ('5800','Roger ','Arthur ','0629078325 ','Arthur.Roger@gmail.com');
INSERT INTO COMMUNE(`VILID`,`VILNOM`) VALUES ('14800','Ternuay-Melay-et-Saint-Hilaire ');
INSERT INTO LIEU(`LIEUID`,`VILID`,`LIEUNOM`) VALUES ('9800','14800','xajo');
INSERT INTO VEHICULE(`VEHIMMAT`,`VEHNOM`) VALUES ('YL034TO','Renault ');

INSERT INTO CHAUFFEUR(`CHFID`,`CHFNOM`,`CHFPRENOM`,`CHFTEL`,`CHFMAIL`) VALUES ('5810','Humbert ','Paul ','0683490385 ','Paul.Humbert@gmail.com');
INSERT INTO COMMUNE(`VILID`,`VILNOM`) VALUES ('14810','Serqueux ');
INSERT INTO LIEU(`LIEUID`,`VILID`,`LIEUNOM`) VALUES ('9810','14810','ddalluttute');
INSERT INTO VEHICULE(`VEHIMMAT`,`VEHNOM`) VALUES ('QD230ZE','Volkswagen ');

INSERT INTO CHAUFFEUR(`CHFID`,`CHFNOM`,`CHFPRENOM`,`CHFTEL`,`CHFMAIL`) VALUES ('5820','Gillet ','Clément ','0661698701 ','Clément.Gillet@gmail.com');
INSERT INTO COMMUNE(`VILID`,`VILNOM`) VALUES ('14820','Saignon ');
INSERT INTO LIEU(`LIEUID`,`VILID`,`LIEUNOM`) VALUES ('9820','14820','nawi');
INSERT INTO VEHICULE(`VEHIMMAT`,`VEHNOM`) VALUES ('CD212PK','Renault ');

INSERT INTO CHAUFFEUR(`CHFID`,`CHFNOM`,`CHFPRENOM`,`CHFTEL`,`CHFMAIL`) VALUES ('5830','Leclercq ','Éléna ','0687832121 ','Éléna.Leclercq@gmail.com');
INSERT INTO COMMUNE(`VILID`,`VILNOM`) VALUES ('14830','Bugny ');
INSERT INTO LIEU(`LIEUID`,`VILID`,`LIEUNOM`) VALUES ('9830','14830','qace');
INSERT INTO VEHICULE(`VEHIMMAT`,`VEHNOM`) VALUES ('IV294VK','Opel');

INSERT INTO CHAUFFEUR(`CHFID`,`CHFNOM`,`CHFPRENOM`,`CHFTEL`,`CHFMAIL`) VALUES ('5840','Philippe ','Lilou ','0683072141 ','Lilou.Philippe@gmail.com');
INSERT INTO COMMUNE(`VILID`,`VILNOM`) VALUES ('14840','Tayrac ');
INSERT INTO LIEU(`LIEUID`,`VILID`,`LIEUNOM`) VALUES ('9840','14840','suddogibu');
INSERT INTO VEHICULE(`VEHIMMAT`,`VEHNOM`) VALUES ('ET294DA','Fiat ');

INSERT INTO CHAUFFEUR(`CHFID`,`CHFNOM`,`CHFPRENOM`,`CHFTEL`,`CHFMAIL`) VALUES ('5850','Robin ','Noah ','0681694949 ','Noah.Robin@gmail.com');
INSERT INTO COMMUNE(`VILID`,`VILNOM`) VALUES ('14850','Le Mesnil-au-Val ');
INSERT INTO LIEU(`LIEUID`,`VILID`,`LIEUNOM`) VALUES ('9850','14850','ddaloj');
INSERT INTO VEHICULE(`VEHIMMAT`,`VEHNOM`) VALUES ('XK969UX','Opel');

INSERT INTO CHAUFFEUR(`CHFID`,`CHFNOM`,`CHFPRENOM`,`CHFTEL`,`CHFMAIL`) VALUES ('5860','David ','Noah ','0625850541 ','Noah.David@gmail.com');
INSERT INTO COMMUNE(`VILID`,`VILNOM`) VALUES ('14860','La Neuville-aux-Larris ');
INSERT INTO LIEU(`LIEUID`,`VILID`,`LIEUNOM`) VALUES ('9860','14860','wummorravej');
INSERT INTO VEHICULE(`VEHIMMAT`,`VEHNOM`) VALUES ('YF632XS','Peugeot ');

INSERT INTO CHAUFFEUR(`CHFID`,`CHFNOM`,`CHFPRENOM`,`CHFTEL`,`CHFMAIL`) VALUES ('5870','Fournier ','Françoise ','0623874789 ','Françoise.Fournier@gmail.com');
INSERT INTO COMMUNE(`VILID`,`VILNOM`) VALUES ('14870','Marchaux ');
INSERT INTO LIEU(`LIEUID`,`VILID`,`LIEUNOM`) VALUES ('9870','14870','keqo');
INSERT INTO VEHICULE(`VEHIMMAT`,`VEHNOM`) VALUES ('YL894VO','Peugeot ');

INSERT INTO CHAUFFEUR(`CHFID`,`CHFNOM`,`CHFPRENOM`,`CHFTEL`,`CHFMAIL`) VALUES ('5880','Girard ','Adrien ','0601892505 ','Adrien.Girard@gmail.com');
INSERT INTO COMMUNE(`VILID`,`VILNOM`) VALUES ('14880','Igé ');
INSERT INTO LIEU(`LIEUID`,`VILID`,`LIEUNOM`) VALUES ('9880','14880','jattarre');
INSERT INTO VEHICULE(`VEHIMMAT`,`VEHNOM`) VALUES ('UR498HQ','Renault ');

INSERT INTO CHAUFFEUR(`CHFID`,`CHFNOM`,`CHFPRENOM`,`CHFTEL`,`CHFMAIL`) VALUES ('5890','Lecomte ','Alban','0603298747 ','Alban.Lecomte@gmail.com');
INSERT INTO COMMUNE(`VILID`,`VILNOM`) VALUES ('14890','Mâcot-la-Plagne ');
INSERT INTO LIEU(`LIEUID`,`VILID`,`LIEUNOM`) VALUES ('9890','14890','mmizi');
INSERT INTO VEHICULE(`VEHIMMAT`,`VEHNOM`) VALUES ('WN616PG','Ford ');

INSERT INTO CHAUFFEUR(`CHFID`,`CHFNOM`,`CHFPRENOM`,`CHFTEL`,`CHFMAIL`) VALUES ('5900','Gilbert ','Anaïs ','0667096187 ','Anaïs.Gilbert@gmail.com');
INSERT INTO COMMUNE(`VILID`,`VILNOM`) VALUES ('14900','Autreville-sur-Moselle ');
INSERT INTO LIEU(`LIEUID`,`VILID`,`LIEUNOM`) VALUES ('9900','14900','myretapp');
INSERT INTO VEHICULE(`VEHIMMAT`,`VEHNOM`) VALUES ('FE785YT','Peugeot ');

INSERT INTO CHAUFFEUR(`CHFID`,`CHFNOM`,`CHFPRENOM`,`CHFTEL`,`CHFMAIL`) VALUES ('5910','Gaillard ','Jules ','0601470529 ','Jules.Gaillard@gmail.com');
INSERT INTO COMMUNE(`VILID`,`VILNOM`) VALUES ('14910','Cappelle-Brouck ');
INSERT INTO LIEU(`LIEUID`,`VILID`,`LIEUNOM`) VALUES ('9910','14910','jahesu');
INSERT INTO VEHICULE(`VEHIMMAT`,`VEHNOM`) VALUES ('XG969EB','Citroen ');

INSERT INTO CHAUFFEUR(`CHFID`,`CHFNOM`,`CHFPRENOM`,`CHFTEL`,`CHFMAIL`) VALUES ('5920','Klein ','Mathis ','0629078325 ','Mathis.Klein@gmail.com');
INSERT INTO COMMUNE(`VILID`,`VILNOM`) VALUES ('14920','Loivre ');
INSERT INTO LIEU(`LIEUID`,`VILID`,`LIEUNOM`) VALUES ('9920','14920','cejapussu');
INSERT INTO VEHICULE(`VEHIMMAT`,`VEHNOM`) VALUES ('FI167CL','Volkswagen ');

INSERT INTO CHAUFFEUR(`CHFID`,`CHFNOM`,`CHFPRENOM`,`CHFTEL`,`CHFMAIL`) VALUES ('5930','Etienne ','Kevin ','0681838701 ','Kevin.Etienne@gmail.com');
INSERT INTO COMMUNE(`VILID`,`VILNOM`) VALUES ('14930','Gavignano ');
INSERT INTO LIEU(`LIEUID`,`VILID`,`LIEUNOM`) VALUES ('9930','14930','ttuji');
INSERT INTO VEHICULE(`VEHIMMAT`,`VEHNOM`) VALUES ('RO387UN','Fiat ');

INSERT INTO CHAUFFEUR(`CHFID`,`CHFNOM`,`CHFPRENOM`,`CHFTEL`,`CHFMAIL`) VALUES ('5940','Collin ','Jordan ','0607058927 ','Jordan.Collin@gmail.com');
INSERT INTO COMMUNE(`VILID`,`VILNOM`) VALUES ('14940','Soucy ');
INSERT INTO LIEU(`LIEUID`,`VILID`,`LIEUNOM`) VALUES ('9940','14940','novommo');
INSERT INTO VEHICULE(`VEHIMMAT`,`VEHNOM`) VALUES ('XI167KZ','BMW ');

INSERT INTO CHAUFFEUR(`CHFID`,`CHFNOM`,`CHFPRENOM`,`CHFTEL`,`CHFMAIL`) VALUES ('5950','Lemaire ','Léa ','0663690789 ','Léa.Lemaire@gmail.com');
INSERT INTO COMMUNE(`VILID`,`VILNOM`) VALUES ('14950','Saint-Andeux ');
INSERT INTO LIEU(`LIEUID`,`VILID`,`LIEUNOM`) VALUES ('9950','14950','batasussym');
INSERT INTO VEHICULE(`VEHIMMAT`,`VEHNOM`) VALUES ('AR612RA','Fiat ');

INSERT INTO CHAUFFEUR(`CHFID`,`CHFNOM`,`CHFPRENOM`,`CHFTEL`,`CHFMAIL`) VALUES ('5960','Paul ','Simon ','0607250367 ','Simon.Paul@gmail.com');
INSERT INTO COMMUNE(`VILID`,`VILNOM`) VALUES ('14960','Bevons ');
INSERT INTO LIEU(`LIEUID`,`VILID`,`LIEUNOM`) VALUES ('9960','14960','zassu');
INSERT INTO VEHICULE(`VEHIMMAT`,`VEHNOM`) VALUES ('GJ678HA','BMW ');

INSERT INTO CHAUFFEUR(`CHFID`,`CHFNOM`,`CHFPRENOM`,`CHFTEL`,`CHFMAIL`) VALUES ('5970','Alexandre ','Rémi ','0603412989 ','Rémi.Alexandre@gmail.com');
INSERT INTO COMMUNE(`VILID`,`VILNOM`) VALUES ('14970','Mézières-lez-Cléry ');
INSERT INTO LIEU(`LIEUID`,`VILID`,`LIEUNOM`) VALUES ('9970','14970','lorry');
INSERT INTO VEHICULE(`VEHIMMAT`,`VEHNOM`) VALUES ('KR070VK','Renault ');

INSERT INTO CHAUFFEUR(`CHFID`,`CHFNOM`,`CHFPRENOM`,`CHFTEL`,`CHFMAIL`) VALUES ('5980','Rolland ','Pierre ','0603276343 ','Pierre.Rolland@gmail.com');
INSERT INTO COMMUNE(`VILID`,`VILNOM`) VALUES ('14980','Saint-Céré ');
INSERT INTO LIEU(`LIEUID`,`VILID`,`LIEUNOM`) VALUES ('9980','14980','sonidyt');
INSERT INTO VEHICULE(`VEHIMMAT`,`VEHNOM`) VALUES ('HO923CR','Ford ');

INSERT INTO CHAUFFEUR(`CHFID`,`CHFNOM`,`CHFPRENOM`,`CHFTEL`,`CHFMAIL`) VALUES ('5990','Garcia ','Florian ','0663476341 ','Florian.Garcia@gmail.com');
INSERT INTO COMMUNE(`VILID`,`VILNOM`) VALUES ('14990','Saint-Pardoux-du-Breuil ');
INSERT INTO LIEU(`LIEUID`,`VILID`,`LIEUNOM`) VALUES ('9990','14990','kafuregen');
INSERT INTO VEHICULE(`VEHIMMAT`,`VEHNOM`) VALUES ('MP292BU','BMW ');

INSERT INTO CHAUFFEUR(`CHFID`,`CHFNOM`,`CHFPRENOM`,`CHFTEL`,`CHFMAIL`) VALUES ('6000','Lemoine ','Jules ','0601892505 ','Jules.Lemoine@gmail.com');
INSERT INTO COMMUNE(`VILID`,`VILNOM`) VALUES ('15000','Villate ');
INSERT INTO LIEU(`LIEUID`,`VILID`,`LIEUNOM`) VALUES ('10000','15000','vefunnass');
INSERT INTO VEHICULE(`VEHIMMAT`,`VEHNOM`) VALUES ('TM183QF','Volkswagen ');

INSERT INTO CHAUFFEUR(`CHFID`,`CHFNOM`,`CHFPRENOM`,`CHFTEL`,`CHFMAIL`) VALUES ('6010','Colin ','Bastien ','0623238167 ','Bastien.Colin@gmail.com');
INSERT INTO COMMUNE(`VILID`,`VILNOM`) VALUES ('15010','Bionville-sur-Nied ');
INSERT INTO LIEU(`LIEUID`,`VILID`,`LIEUNOM`) VALUES ('10010','15010','zaloqedo');
INSERT INTO VEHICULE(`VEHIMMAT`,`VEHNOM`) VALUES ('XY363EL','Citroen ');

INSERT INTO CHAUFFEUR(`CHFID`,`CHFNOM`,`CHFPRENOM`,`CHFTEL`,`CHFMAIL`) VALUES ('6020','Boyer ','Edwige ','0645616129 ','Edwige.Boyer@gmail.com');
INSERT INTO COMMUNE(`VILID`,`VILNOM`) VALUES ('15020','Hombourg-Budange ');
INSERT INTO LIEU(`LIEUID`,`VILID`,`LIEUNOM`) VALUES ('10020','15020','bollelli');
INSERT INTO VEHICULE(`VEHIMMAT`,`VEHNOM`) VALUES ('VC101YN','Renault ');

INSERT INTO CHAUFFEUR(`CHFID`,`CHFNOM`,`CHFPRENOM`,`CHFTEL`,`CHFMAIL`) VALUES ('6030','Duhamel ','Lily ','0607898581 ','Lily.Duhamel@gmail.com');
INSERT INTO COMMUNE(`VILID`,`VILNOM`) VALUES ('15030','Argy ');
INSERT INTO LIEU(`LIEUID`,`VILID`,`LIEUNOM`) VALUES ('10030','15030','dappevedd');
INSERT INTO VEHICULE(`VEHIMMAT`,`VEHNOM`) VALUES ('AR890FA','Volkswagen ');

INSERT INTO CHAUFFEUR(`CHFID`,`CHFNOM`,`CHFPRENOM`,`CHFTEL`,`CHFMAIL`) VALUES ('6040','Tanguy ','Yohan ','0607058927 ','Yohan.Tanguy@gmail.com');
INSERT INTO COMMUNE(`VILID`,`VILNOM`) VALUES ('15040','Minerve ');
INSERT INTO LIEU(`LIEUID`,`VILID`,`LIEUNOM`) VALUES ('10040','15040','waqipp');
INSERT INTO VEHICULE(`VEHIMMAT`,`VEHNOM`) VALUES ('BA129YJ','Fiat ');

INSERT INTO CHAUFFEUR(`CHFID`,`CHFNOM`,`CHFPRENOM`,`CHFTEL`,`CHFMAIL`) VALUES ('6050','Blanchet ','Thibault ','0623416301 ','Thibault.Blanchet@gmail.com');
INSERT INTO COMMUNE(`VILID`,`VILNOM`) VALUES ('15050','Castillon-Savès ');
INSERT INTO LIEU(`LIEUID`,`VILID`,`LIEUNOM`) VALUES ('10050','15050','merepa');
INSERT INTO VEHICULE(`VEHIMMAT`,`VEHNOM`) VALUES ('JW123WP','Renault ');

INSERT INTO CHAUFFEUR(`CHFID`,`CHFNOM`,`CHFPRENOM`,`CHFTEL`,`CHFMAIL`) VALUES ('6060','Remy ','Dimitri ','0661698701 ','Dimitri.Remy@gmail.com');
INSERT INTO COMMUNE(`VILID`,`VILNOM`) VALUES ('15060','Heume-l\'Église ');
INSERT INTO LIEU(`LIEUID`,`VILID`,`LIEUNOM`) VALUES ('10060','15060','gadedac');
INSERT INTO VEHICULE(`VEHIMMAT`,`VEHNOM`) VALUES ('EB032TQ','Peugeot ');

INSERT INTO CHAUFFEUR(`CHFID`,`CHFNOM`,`CHFPRENOM`,`CHFTEL`,`CHFMAIL`) VALUES ('6070','Bigot ','Pierre ','0607058927 ','Pierre.Bigot@gmail.com');
INSERT INTO COMMUNE(`VILID`,`VILNOM`) VALUES ('15070','Fronton ');
INSERT INTO LIEU(`LIEUID`,`VILID`,`LIEUNOM`) VALUES ('10070','15070','juverraje');
INSERT INTO VEHICULE(`VEHIMMAT`,`VEHNOM`) VALUES ('KJ298HC','Opel');

INSERT INTO CHAUFFEUR(`CHFID`,`CHFNOM`,`CHFPRENOM`,`CHFTEL`,`CHFMAIL`) VALUES ('6080','Camus ','Killian ','0603494901 ','Killian.Camus@gmail.com');
INSERT INTO COMMUNE(`VILID`,`VILNOM`) VALUES ('15080','Cours-de-Pile ');
INSERT INTO LIEU(`LIEUID`,`VILID`,`LIEUNOM`) VALUES ('10080','15080','taqus');
INSERT INTO VEHICULE(`VEHIMMAT`,`VEHNOM`) VALUES ('XQ147QR','Volkswagen ');

INSERT INTO CHAUFFEUR(`CHFID`,`CHFNOM`,`CHFPRENOM`,`CHFTEL`,`CHFMAIL`) VALUES ('6090','Courtois ','Clément ','0601892505 ','Clément.Courtois@gmail.com');
INSERT INTO COMMUNE(`VILID`,`VILNOM`) VALUES ('15090','La Loge-Pomblin ');
INSERT INTO LIEU(`LIEUID`,`VILID`,`LIEUNOM`) VALUES ('10090','15090','rrarreki');
INSERT INTO VEHICULE(`VEHIMMAT`,`VEHNOM`) VALUES ('NW325WB','Peugeot ');

INSERT INTO CHAUFFEUR(`CHFID`,`CHFNOM`,`CHFPRENOM`,`CHFTEL`,`CHFMAIL`) VALUES ('6100','Marie ','Kilian ','0687816783 ','Kilian.Marie@gmail.com');
INSERT INTO COMMUNE(`VILID`,`VILNOM`) VALUES ('15100','Margny ');
INSERT INTO LIEU(`LIEUID`,`VILID`,`LIEUNOM`) VALUES ('10100','15100','nyfape');
INSERT INTO VEHICULE(`VEHIMMAT`,`VEHNOM`) VALUES ('ZY185AN','Renault ');

INSERT INTO CHAUFFEUR(`CHFID`,`CHFNOM`,`CHFPRENOM`,`CHFTEL`,`CHFMAIL`) VALUES ('6110','Mercier ','Kilian ','0603298747 ','Kilian.Mercier@gmail.com');
INSERT INTO COMMUNE(`VILID`,`VILNOM`) VALUES ('15110','Saint-Beaulize ');
INSERT INTO LIEU(`LIEUID`,`VILID`,`LIEUNOM`) VALUES ('10110','15110','mugewah');
INSERT INTO VEHICULE(`VEHIMMAT`,`VEHNOM`) VALUES ('OB858ZY','Ford ');

INSERT INTO CHAUFFEUR(`CHFID`,`CHFNOM`,`CHFPRENOM`,`CHFTEL`,`CHFMAIL`) VALUES ('6120','Dupont ','Lorenzo ','0687816783 ','Lorenzo.Dupont@gmail.com');
INSERT INTO COMMUNE(`VILID`,`VILNOM`) VALUES ('15120','Douchy-lès-Ayette ');
INSERT INTO LIEU(`LIEUID`,`VILID`,`LIEUNOM`) VALUES ('10120','15120','jalol');
INSERT INTO VEHICULE(`VEHIMMAT`,`VEHNOM`) VALUES ('PY927SV','Fiat ');

INSERT INTO CHAUFFEUR(`CHFID`,`CHFNOM`,`CHFPRENOM`,`CHFTEL`,`CHFMAIL`) VALUES ('6130','Cousin ','Eric ','0689438129 ','Eric.Cousin@gmail.com');
INSERT INTO COMMUNE(`VILID`,`VILNOM`) VALUES ('15130','Lay-Saint-Remy ');
INSERT INTO LIEU(`LIEUID`,`VILID`,`LIEUNOM`) VALUES ('10130','15130','ppazirrasso');
INSERT INTO VEHICULE(`VEHIMMAT`,`VEHNOM`) VALUES ('JC707GJ','Citroen ');

INSERT INTO CHAUFFEUR(`CHFID`,`CHFNOM`,`CHFPRENOM`,`CHFTEL`,`CHFMAIL`) VALUES ('6140','Robin ','Kylian ','0607614965 ','Kylian.Robin@gmail.com');
INSERT INTO COMMUNE(`VILID`,`VILNOM`) VALUES ('15140','Rohan ');
INSERT INTO LIEU(`LIEUID`,`VILID`,`LIEUNOM`) VALUES ('10140','15140','nnike');
INSERT INTO VEHICULE(`VEHIMMAT`,`VEHNOM`) VALUES ('HW529QV','Ford ');

INSERT INTO CHAUFFEUR(`CHFID`,`CHFNOM`,`CHFPRENOM`,`CHFTEL`,`CHFMAIL`) VALUES ('6150','Legrand ','Simon ','0607836589 ','Simon.Legrand@gmail.com');
INSERT INTO COMMUNE(`VILID`,`VILNOM`) VALUES ('15150','Santosse ');
INSERT INTO LIEU(`LIEUID`,`VILID`,`LIEUNOM`) VALUES ('10150','15150','kakotto');
INSERT INTO VEHICULE(`VEHIMMAT`,`VEHNOM`) VALUES ('ZQ949SZ','Fiat ');

INSERT INTO CHAUFFEUR(`CHFID`,`CHFNOM`,`CHFPRENOM`,`CHFTEL`,`CHFMAIL`) VALUES ('6160','Bouvier ','Lilian ','0645012307 ','Lilian.Bouvier@gmail.com');
INSERT INTO COMMUNE(`VILID`,`VILNOM`) VALUES ('15160','Vieux-Vy-sur-Couesnon ');
INSERT INTO LIEU(`LIEUID`,`VILID`,`LIEUNOM`) VALUES ('10160','15160','jittissamatt');
INSERT INTO VEHICULE(`VEHIMMAT`,`VEHNOM`) VALUES ('KR498VW','Peugeot ');

INSERT INTO CHAUFFEUR(`CHFID`,`CHFNOM`,`CHFPRENOM`,`CHFTEL`,`CHFMAIL`) VALUES ('6170','Lebrun ','Quentin ','0667478583 ','Quentin.Lebrun@gmail.com');
INSERT INTO COMMUNE(`VILID`,`VILNOM`) VALUES ('15170','Levie ');
INSERT INTO LIEU(`LIEUID`,`VILID`,`LIEUNOM`) VALUES ('10170','15170','wifannoq');
INSERT INTO VEHICULE(`VEHIMMAT`,`VEHNOM`) VALUES ('XW909OL','Citroen ');

INSERT INTO CHAUFFEUR(`CHFID`,`CHFNOM`,`CHFPRENOM`,`CHFTEL`,`CHFMAIL`) VALUES ('6180','Guillou ','Valérie','0641818385 ','Valérie.Guillou@gmail.com');
INSERT INTO COMMUNE(`VILID`,`VILNOM`) VALUES ('15180','Rutali ');
INSERT INTO LIEU(`LIEUID`,`VILID`,`LIEUNOM`) VALUES ('10180','15180','tive');
INSERT INTO VEHICULE(`VEHIMMAT`,`VEHNOM`) VALUES ('XU789AB','Peugeot ');

INSERT INTO CHAUFFEUR(`CHFID`,`CHFNOM`,`CHFPRENOM`,`CHFTEL`,`CHFMAIL`) VALUES ('6190','Garnier ','Alexia ','0685636581 ','Alexia.Garnier@gmail.com');
INSERT INTO COMMUNE(`VILID`,`VILNOM`) VALUES ('15190','Ribécourt-Dreslincourt ');
INSERT INTO LIEU(`LIEUID`,`VILID`,`LIEUNOM`) VALUES ('10190','15190','wumurrut');
INSERT INTO VEHICULE(`VEHIMMAT`,`VEHNOM`) VALUES ('GT830ZW','Opel');

INSERT INTO CHAUFFEUR(`CHFID`,`CHFNOM`,`CHFPRENOM`,`CHFTEL`,`CHFMAIL`) VALUES ('6200','Robin ','Antoine ','0689438129 ','Antoine.Robin@gmail.com');
INSERT INTO COMMUNE(`VILID`,`VILNOM`) VALUES ('15200','Availles-sur-Seiche ');
INSERT INTO LIEU(`LIEUID`,`VILID`,`LIEUNOM`) VALUES ('10200','15200','fohodyw');
INSERT INTO VEHICULE(`VEHIMMAT`,`VEHNOM`) VALUES ('VY169AN','Peugeot ');

INSERT INTO CHAUFFEUR(`CHFID`,`CHFNOM`,`CHFPRENOM`,`CHFTEL`,`CHFMAIL`) VALUES ('6210','Nguyen ','Diego ','0629454701 ','Diego.Nguyen@gmail.com');
INSERT INTO COMMUNE(`VILID`,`VILNOM`) VALUES ('15210','Droisy ');
INSERT INTO LIEU(`LIEUID`,`VILID`,`LIEUNOM`) VALUES ('10210','15210','furremi');
INSERT INTO VEHICULE(`VEHIMMAT`,`VEHNOM`) VALUES ('NQ745WV','Volkswagen ');

INSERT INTO CHAUFFEUR(`CHFID`,`CHFNOM`,`CHFPRENOM`,`CHFTEL`,`CHFMAIL`) VALUES ('6220','Thierry','Lou ','0643030121 ','Lou.Thierry@gmail.com');
INSERT INTO COMMUNE(`VILID`,`VILNOM`) VALUES ('15220','Saint-Caprais-de-Lerm ');
INSERT INTO LIEU(`LIEUID`,`VILID`,`LIEUNOM`) VALUES ('10220','15220','mule');
INSERT INTO VEHICULE(`VEHIMMAT`,`VEHNOM`) VALUES ('JO923QJ','Opel');

INSERT INTO CHAUFFEUR(`CHFID`,`CHFNOM`,`CHFPRENOM`,`CHFTEL`,`CHFMAIL`) VALUES ('6230','Carre ','Mattéo ','0683234945 ','Mattéo.Carre@gmail.com');
INSERT INTO COMMUNE(`VILID`,`VILNOM`) VALUES ('15230','Subligny ');
INSERT INTO LIEU(`LIEUID`,`VILID`,`LIEUNOM`) VALUES ('10230','15230','fyzo');
INSERT INTO VEHICULE(`VEHIMMAT`,`VEHNOM`) VALUES ('HE165CL','Ford ');

INSERT INTO CHAUFFEUR(`CHFID`,`CHFNOM`,`CHFPRENOM`,`CHFTEL`,`CHFMAIL`) VALUES ('6240','Morvan ','Tom ','0683872161 ','Tom.Morvan@gmail.com');
INSERT INTO COMMUNE(`VILID`,`VILNOM`) VALUES ('15240','Rilhac-Lastours ');
INSERT INTO LIEU(`LIEUID`,`VILID`,`LIEUNOM`) VALUES ('10240','15240','dunna');
INSERT INTO VEHICULE(`VEHIMMAT`,`VEHNOM`) VALUES ('NY329UF','Renault ');

INSERT INTO CHAUFFEUR(`CHFID`,`CHFNOM`,`CHFPRENOM`,`CHFTEL`,`CHFMAIL`) VALUES ('6250','Perret ','Aaron ','0621218301 ','Aaron.Perret@gmail.com');
INSERT INTO COMMUNE(`VILID`,`VILNOM`) VALUES ('15250','Croze ');
INSERT INTO LIEU(`LIEUID`,`VILID`,`LIEUNOM`) VALUES ('10250','15250','musuka');
INSERT INTO VEHICULE(`VEHIMMAT`,`VEHNOM`) VALUES ('NS345CV','Citroen ');

INSERT INTO CHAUFFEUR(`CHFID`,`CHFNOM`,`CHFPRENOM`,`CHFTEL`,`CHFMAIL`) VALUES ('6260','Fabre ','Yohan ','0687832121 ','Yohan.Fabre@gmail.com');
INSERT INTO COMMUNE(`VILID`,`VILNOM`) VALUES ('15260','Queyssac ');
INSERT INTO LIEU(`LIEUID`,`VILID`,`LIEUNOM`) VALUES ('10260','15260','jagep');
INSERT INTO VEHICULE(`VEHIMMAT`,`VEHNOM`) VALUES ('QB232DI','Volkswagen ');

INSERT INTO CHAUFFEUR(`CHFID`,`CHFNOM`,`CHFPRENOM`,`CHFTEL`,`CHFMAIL`) VALUES ('6270','Renault ','Ambre ','0689078163 ','Ambre.Renault@gmail.com');
INSERT INTO COMMUNE(`VILID`,`VILNOM`) VALUES ('15270','Chenières ');
INSERT INTO LIEU(`LIEUID`,`VILID`,`LIEUNOM`) VALUES ('10270','15270','cunnuxu');
INSERT INTO VEHICULE(`VEHIMMAT`,`VEHNOM`) VALUES ('WR236HK','Renault ');

INSERT INTO CHAUFFEUR(`CHFID`,`CHFNOM`,`CHFPRENOM`,`CHFTEL`,`CHFMAIL`) VALUES ('6280','Guerin ','Rémi ','0603216743 ','Rémi.Guerin@gmail.com');
INSERT INTO COMMUNE(`VILID`,`VILNOM`) VALUES ('15280','Manneville-sur-Risle ');
INSERT INTO LIEU(`LIEUID`,`VILID`,`LIEUNOM`) VALUES ('10280','15280','ppissyrru');
INSERT INTO VEHICULE(`VEHIMMAT`,`VEHNOM`) VALUES ('UD838JU','Opel');

INSERT INTO CHAUFFEUR(`CHFID`,`CHFNOM`,`CHFPRENOM`,`CHFTEL`,`CHFMAIL`) VALUES ('6290','Rossignol ','Lilou ','0689852943 ','Lilou.Rossignol@gmail.com');
INSERT INTO COMMUNE(`VILID`,`VILNOM`) VALUES ('15290','Rebergues ');
INSERT INTO LIEU(`LIEUID`,`VILID`,`LIEUNOM`) VALUES ('10290','15290','gowejuza');
INSERT INTO VEHICULE(`VEHIMMAT`,`VEHNOM`) VALUES ('GF812VK','Peugeot ');

INSERT INTO CHAUFFEUR(`CHFID`,`CHFNOM`,`CHFPRENOM`,`CHFTEL`,`CHFMAIL`) VALUES ('6300','Muller ','Enzo ','0621218301 ','Enzo.Muller@gmail.com');
INSERT INTO COMMUNE(`VILID`,`VILNOM`) VALUES ('15300','Sainte-Marie-d\'Alvey ');
INSERT INTO LIEU(`LIEUID`,`VILID`,`LIEUNOM`) VALUES ('10300','15300','vecagedde');
INSERT INTO VEHICULE(`VEHIMMAT`,`VEHNOM`) VALUES ('WN814XS','Fiat ');

INSERT INTO CHAUFFEUR(`CHFID`,`CHFNOM`,`CHFPRENOM`,`CHFTEL`,`CHFMAIL`) VALUES ('6310','Vidal ','Léonard ','0629216167 ','Léonard.Vidal@gmail.com');
INSERT INTO COMMUNE(`VILID`,`VILNOM`) VALUES ('15310','Orsay ');
INSERT INTO LIEU(`LIEUID`,`VILID`,`LIEUNOM`) VALUES ('10310','15310','musassuh');
INSERT INTO VEHICULE(`VEHIMMAT`,`VEHNOM`) VALUES ('FS367SP','Opel');

INSERT INTO CHAUFFEUR(`CHFID`,`CHFNOM`,`CHFPRENOM`,`CHFTEL`,`CHFMAIL`) VALUES ('6320','Carpentier ','Noë ','0665496505 ','Noë.Carpentier@gmail.com');
INSERT INTO COMMUNE(`VILID`,`VILNOM`) VALUES ('15320','Entremont-le-Vieux ');
INSERT INTO LIEU(`LIEUID`,`VILID`,`LIEUNOM`) VALUES ('10320','15320','wurrobull');
INSERT INTO VEHICULE(`VEHIMMAT`,`VEHNOM`) VALUES ('UN810VY','Peugeot ');

INSERT INTO CHAUFFEUR(`CHFID`,`CHFNOM`,`CHFPRENOM`,`CHFTEL`,`CHFMAIL`) VALUES ('6330','Hernandez ','Mehdi ','0665850981 ','Mehdi.Hernandez@gmail.com');
INSERT INTO COMMUNE(`VILID`,`VILNOM`) VALUES ('15330','Orcines ');
INSERT INTO LIEU(`LIEUID`,`VILID`,`LIEUNOM`) VALUES ('10330','15330','cosobake');
INSERT INTO VEHICULE(`VEHIMMAT`,`VEHNOM`) VALUES ('SN058RE','Fiat ');

INSERT INTO CHAUFFEUR(`CHFID`,`CHFNOM`,`CHFPRENOM`,`CHFTEL`,`CHFMAIL`) VALUES ('6340','Leclercq ','Célia ','0685874383 ','Célia.Leclercq@gmail.com');
INSERT INTO COMMUNE(`VILID`,`VILNOM`) VALUES ('15340','Darois ');
INSERT INTO LIEU(`LIEUID`,`VILID`,`LIEUNOM`) VALUES ('10340','15340','kovyre');
INSERT INTO VEHICULE(`VEHIMMAT`,`VEHNOM`) VALUES ('AL098XU','Fiat ');

INSERT INTO CHAUFFEUR(`CHFID`,`CHFNOM`,`CHFPRENOM`,`CHFTEL`,`CHFMAIL`) VALUES ('6350','Roux ','Thomas ','0603494901 ','Thomas.Roux@gmail.com');
INSERT INTO COMMUNE(`VILID`,`VILNOM`) VALUES ('15350','Vitrolles ');
INSERT INTO LIEU(`LIEUID`,`VILID`,`LIEUNOM`) VALUES ('10350','15350','razaffo');
INSERT INTO VEHICULE(`VEHIMMAT`,`VEHNOM`) VALUES ('WL614VQ','Fiat ');

INSERT INTO CHAUFFEUR(`CHFID`,`CHFNOM`,`CHFPRENOM`,`CHFTEL`,`CHFMAIL`) VALUES ('6360','Vaillant ','Léo ','0689272581 ','Léo.Vaillant@gmail.com');
INSERT INTO COMMUNE(`VILID`,`VILNOM`) VALUES ('15360','Sallanches ');
INSERT INTO LIEU(`LIEUID`,`VILID`,`LIEUNOM`) VALUES ('10360','15360','dacosym');
INSERT INTO VEHICULE(`VEHIMMAT`,`VEHNOM`) VALUES ('PS323WB','Renault ');

INSERT INTO CHAUFFEUR(`CHFID`,`CHFNOM`,`CHFPRENOM`,`CHFTEL`,`CHFMAIL`) VALUES ('6370','Marques ','Ethan ','0689214927 ','Ethan.Marques@gmail.com');
INSERT INTO COMMUNE(`VILID`,`VILNOM`) VALUES ('15370','Nérondes ');
INSERT INTO LIEU(`LIEUID`,`VILID`,`LIEUNOM`) VALUES ('10370','15370','ruddocaj');
INSERT INTO VEHICULE(`VEHIMMAT`,`VEHNOM`) VALUES ('GD018LM','Fiat ');

INSERT INTO CHAUFFEUR(`CHFID`,`CHFNOM`,`CHFPRENOM`,`CHFTEL`,`CHFMAIL`) VALUES ('6380','Gomez ','Arthur ','0607898581 ','Arthur.Gomez@gmail.com');
INSERT INTO COMMUNE(`VILID`,`VILNOM`) VALUES ('15380','Coëx ');
INSERT INTO LIEU(`LIEUID`,`VILID`,`LIEUNOM`) VALUES ('10380','15380','ttippyss');
INSERT INTO VEHICULE(`VEHIMMAT`,`VEHNOM`) VALUES ('LK303AH','Citroen ');

INSERT INTO CHAUFFEUR(`CHFID`,`CHFNOM`,`CHFPRENOM`,`CHFTEL`,`CHFMAIL`) VALUES ('6390','Pons ','Gabin ','0625850541 ','Gabin.Pons@gmail.com');
INSERT INTO COMMUNE(`VILID`,`VILNOM`) VALUES ('15390','Buicourt ');
INSERT INTO LIEU(`LIEUID`,`VILID`,`LIEUNOM`) VALUES ('10390','15390','nnicyjid');
INSERT INTO VEHICULE(`VEHIMMAT`,`VEHNOM`) VALUES ('GX292HO','Fiat ');

INSERT INTO CHAUFFEUR(`CHFID`,`CHFNOM`,`CHFPRENOM`,`CHFTEL`,`CHFMAIL`) VALUES ('6400','Robin ','Martin ','0625638901 ','Martin.Robin@gmail.com');
INSERT INTO COMMUNE(`VILID`,`VILNOM`) VALUES ('15400','Morionvilliers ');
INSERT INTO LIEU(`LIEUID`,`VILID`,`LIEUNOM`) VALUES ('10400','15400','fiqafiz');
INSERT INTO VEHICULE(`VEHIMMAT`,`VEHNOM`) VALUES ('NG363GT','Opel');

INSERT INTO CHAUFFEUR(`CHFID`,`CHFNOM`,`CHFPRENOM`,`CHFTEL`,`CHFMAIL`) VALUES ('6410','Dupond ','Mathis ','0623032949 ','Mathis.Dupond@gmail.com');
INSERT INTO COMMUNE(`VILID`,`VILNOM`) VALUES ('15410','Soutiers ');
INSERT INTO LIEU(`LIEUID`,`VILID`,`LIEUNOM`) VALUES ('10410','15410','ffette');
INSERT INTO VEHICULE(`VEHIMMAT`,`VEHNOM`) VALUES ('JC967UV','Peugeot ');

INSERT INTO CHAUFFEUR(`CHFID`,`CHFNOM`,`CHFPRENOM`,`CHFTEL`,`CHFMAIL`) VALUES ('6420','Duval ','Maxence ','0621052761 ','Maxence.Duval@gmail.com');
INSERT INTO COMMUNE(`VILID`,`VILNOM`) VALUES ('15420','Mosson ');
INSERT INTO LIEU(`LIEUID`,`VILID`,`LIEUNOM`) VALUES ('10420','15420','degufobe');
INSERT INTO VEHICULE(`VEHIMMAT`,`VEHNOM`) VALUES ('RK587QN','Opel');

INSERT INTO CHAUFFEUR(`CHFID`,`CHFNOM`,`CHFPRENOM`,`CHFTEL`,`CHFMAIL`) VALUES ('6430','Lefort ','Julien ','0665236169 ','Julien.Lefort@gmail.com');
INSERT INTO COMMUNE(`VILID`,`VILNOM`) VALUES ('15430','Prades-sur-Vernazobre ');
INSERT INTO LIEU(`LIEUID`,`VILID`,`LIEUNOM`) VALUES ('10430','15430','vecilug');
INSERT INTO VEHICULE(`VEHIMMAT`,`VEHNOM`) VALUES ('GX850FQ','Renault ');

INSERT INTO CHAUFFEUR(`CHFID`,`CHFNOM`,`CHFPRENOM`,`CHFTEL`,`CHFMAIL`) VALUES ('6440','Dumont ','Romain ','0643692741 ','Romain.Dumont@gmail.com');
INSERT INTO COMMUNE(`VILID`,`VILNOM`) VALUES ('15440','Rilly-sur-Aisne ');
INSERT INTO LIEU(`LIEUID`,`VILID`,`LIEUNOM`) VALUES ('10440','15440','ttujud');
INSERT INTO VEHICULE(`VEHIMMAT`,`VEHNOM`) VALUES ('PE105OR','Volkswagen ');

INSERT INTO CHAUFFEUR(`CHFID`,`CHFNOM`,`CHFPRENOM`,`CHFTEL`,`CHFMAIL`) VALUES ('6450','Faure ','Kyllian ','0603216743 ','Kyllian.Faure@gmail.com');
INSERT INTO COMMUNE(`VILID`,`VILNOM`) VALUES ('15450','Luneau ');
INSERT INTO LIEU(`LIEUID`,`VILID`,`LIEUNOM`) VALUES ('10450','15450','jugigorre');
INSERT INTO VEHICULE(`VEHIMMAT`,`VEHNOM`) VALUES ('FI587CP','Citroen ');

INSERT INTO CHAUFFEUR(`CHFID`,`CHFNOM`,`CHFPRENOM`,`CHFTEL`,`CHFMAIL`) VALUES ('6460','Bertrand ','Nicolas ','0647676529 ','Nicolas.Bertrand@gmail.com');
INSERT INTO COMMUNE(`VILID`,`VILNOM`) VALUES ('15460','Léchelle ');
INSERT INTO LIEU(`LIEUID`,`VILID`,`LIEUNOM`) VALUES ('10460','15460','coppisse');
INSERT INTO VEHICULE(`VEHIMMAT`,`VEHNOM`) VALUES ('DM921WF','BMW ');

INSERT INTO CHAUFFEUR(`CHFID`,`CHFNOM`,`CHFPRENOM`,`CHFTEL`,`CHFMAIL`) VALUES ('6470','Jacques ','Manon ','0687410981 ','Manon.Jacques@gmail.com');
INSERT INTO COMMUNE(`VILID`,`VILNOM`) VALUES ('15470','Urville-Nacqueville ');
INSERT INTO LIEU(`LIEUID`,`VILID`,`LIEUNOM`) VALUES ('10470','15470','desanute');
INSERT INTO VEHICULE(`VEHIMMAT`,`VEHNOM`) VALUES ('HG705OJ','BMW ');

INSERT INTO CHAUFFEUR(`CHFID`,`CHFNOM`,`CHFPRENOM`,`CHFTEL`,`CHFMAIL`) VALUES ('6480','Morin ','Théo ','0641896583 ','Théo.Morin@gmail.com');
INSERT INTO COMMUNE(`VILID`,`VILNOM`) VALUES ('15480','Crissay-sur-Manse ');
INSERT INTO LIEU(`LIEUID`,`VILID`,`LIEUNOM`) VALUES ('10480','15480','lliffexyje');
INSERT INTO VEHICULE(`VEHIMMAT`,`VEHNOM`) VALUES ('JI965CN','Volkswagen ');

INSERT INTO CHAUFFEUR(`CHFID`,`CHFNOM`,`CHFPRENOM`,`CHFTEL`,`CHFMAIL`) VALUES ('6490','Perrot ','Samuel ','0645454569 ','Samuel.Perrot@gmail.com');
INSERT INTO COMMUNE(`VILID`,`VILNOM`) VALUES ('15490','Saint-Sauveur-de-Montagut ');
INSERT INTO LIEU(`LIEUID`,`VILID`,`LIEUNOM`) VALUES ('10490','15490','jaffe');
INSERT INTO VEHICULE(`VEHIMMAT`,`VEHNOM`) VALUES ('JC309WT','Fiat ');

INSERT INTO CHAUFFEUR(`CHFID`,`CHFNOM`,`CHFPRENOM`,`CHFTEL`,`CHFMAIL`) VALUES ('6500','Renaud ','Robin ','0689614309 ','Robin.Renaud@gmail.com');
INSERT INTO COMMUNE(`VILID`,`VILNOM`) VALUES ('15500','Sées ');
INSERT INTO LIEU(`LIEUID`,`VILID`,`LIEUNOM`) VALUES ('10500','15500','kuna');
INSERT INTO VEHICULE(`VEHIMMAT`,`VEHNOM`) VALUES ('RA505AN','Volkswagen ');

INSERT INTO CHAUFFEUR(`CHFID`,`CHFNOM`,`CHFPRENOM`,`CHFTEL`,`CHFMAIL`) VALUES ('6510','Dupond ','Lucas ','0683856121 ','Lucas.Dupond@gmail.com');
INSERT INTO COMMUNE(`VILID`,`VILNOM`) VALUES ('15510','Brion ');
INSERT INTO LIEU(`LIEUID`,`VILID`,`LIEUNOM`) VALUES ('10510','15510','myxak');
INSERT INTO VEHICULE(`VEHIMMAT`,`VEHNOM`) VALUES ('CL216LM','Renault ');

INSERT INTO CHAUFFEUR(`CHFID`,`CHFNOM`,`CHFPRENOM`,`CHFTEL`,`CHFMAIL`) VALUES ('6520','Huet ','Pierre ','0647212585 ','Pierre.Huet@gmail.com');
INSERT INTO COMMUNE(`VILID`,`VILNOM`) VALUES ('15520','Buzet-sur-Baïse ');
INSERT INTO LIEU(`LIEUID`,`VILID`,`LIEUNOM`) VALUES ('10520','15520','nnosahijy');
INSERT INTO VEHICULE(`VEHIMMAT`,`VEHNOM`) VALUES ('CR856BG','Volkswagen ');

INSERT INTO CHAUFFEUR(`CHFID`,`CHFNOM`,`CHFPRENOM`,`CHFTEL`,`CHFMAIL`) VALUES ('6530','Loiseau ','Loane ','0645298725 ','Loane.Loiseau@gmail.com');
INSERT INTO COMMUNE(`VILID`,`VILNOM`) VALUES ('15530','Boos ');
INSERT INTO LIEU(`LIEUID`,`VILID`,`LIEUNOM`) VALUES ('10530','15530','nyhar');
INSERT INTO VEHICULE(`VEHIMMAT`,`VEHNOM`) VALUES ('JW785UN','Fiat ');

INSERT INTO CHAUFFEUR(`CHFID`,`CHFNOM`,`CHFPRENOM`,`CHFTEL`,`CHFMAIL`) VALUES ('6540','Fischer ','Alexandre ','0625090787 ','Alexandre.Fischer@gmail.com');
INSERT INTO COMMUNE(`VILID`,`VILNOM`) VALUES ('15540','Estevelles ');
INSERT INTO LIEU(`LIEUID`,`VILID`,`LIEUNOM`) VALUES ('10540','15540','bucetti');
INSERT INTO VEHICULE(`VEHIMMAT`,`VEHNOM`) VALUES ('DO361IN','Fiat ');

INSERT INTO CHAUFFEUR(`CHFID`,`CHFNOM`,`CHFPRENOM`,`CHFTEL`,`CHFMAIL`) VALUES ('6550','Schmitt ','Baptiste ','0689094347 ','Baptiste.Schmitt@gmail.com');
INSERT INTO COMMUNE(`VILID`,`VILNOM`) VALUES ('15550','Villiers-Saint-Frédéric ');
INSERT INTO LIEU(`LIEUID`,`VILID`,`LIEUNOM`) VALUES ('10550','15550','mmilluppusess');
INSERT INTO VEHICULE(`VEHIMMAT`,`VEHNOM`) VALUES ('GV696LU','Ford ');

INSERT INTO CHAUFFEUR(`CHFID`,`CHFNOM`,`CHFPRENOM`,`CHFTEL`,`CHFMAIL`) VALUES ('6560','Francois ','Candice ','0647676529 ','Candice.Francois@gmail.com');
INSERT INTO COMMUNE(`VILID`,`VILNOM`) VALUES ('15560','Nanteuil-le-Haudouin ');
INSERT INTO LIEU(`LIEUID`,`VILID`,`LIEUNOM`) VALUES ('10560','15560','ppirrajenax');
INSERT INTO VEHICULE(`VEHIMMAT`,`VEHNOM`) VALUES ('VQ127CN','Citroen ');

INSERT INTO CHAUFFEUR(`CHFID`,`CHFNOM`,`CHFPRENOM`,`CHFTEL`,`CHFMAIL`) VALUES ('6570','Briand ','Gilbert ','0687412529 ','Gilbert.Briand@gmail.com');
INSERT INTO COMMUNE(`VILID`,`VILNOM`) VALUES ('15570','Ladignac-le-Long ');
INSERT INTO LIEU(`LIEUID`,`VILID`,`LIEUNOM`) VALUES ('10570','15570','xufo');
INSERT INTO VEHICULE(`VEHIMMAT`,`VEHNOM`) VALUES ('HC161AN','BMW ');

INSERT INTO CHAUFFEUR(`CHFID`,`CHFNOM`,`CHFPRENOM`,`CHFTEL`,`CHFMAIL`) VALUES ('6580','David ','Colin ','0663252121 ','Colin.David@gmail.com');
INSERT INTO COMMUNE(`VILID`,`VILNOM`) VALUES ('15580','Montestruc-sur-Gers ');
INSERT INTO LIEU(`LIEUID`,`VILID`,`LIEUNOM`) VALUES ('10580','15580','mmyhewopu');
INSERT INTO VEHICULE(`VEHIMMAT`,`VEHNOM`) VALUES ('FC701OX','Ford ');

INSERT INTO CHAUFFEUR(`CHFID`,`CHFNOM`,`CHFPRENOM`,`CHFTEL`,`CHFMAIL`) VALUES ('6590','Delorme ','Léo ','0663252121 ','Léo.Delorme@gmail.com');
INSERT INTO COMMUNE(`VILID`,`VILNOM`) VALUES ('15590','Bourseul ');
INSERT INTO LIEU(`LIEUID`,`VILID`,`LIEUNOM`) VALUES ('10590','15590','zumyssummop');
INSERT INTO VEHICULE(`VEHIMMAT`,`VEHNOM`) VALUES ('OZ814BU','Peugeot ');

INSERT INTO CHAUFFEUR(`CHFID`,`CHFNOM`,`CHFPRENOM`,`CHFTEL`,`CHFMAIL`) VALUES ('6600','Poirier ','Lorenzo ','0663690789 ','Lorenzo.Poirier@gmail.com');
INSERT INTO COMMUNE(`VILID`,`VILNOM`) VALUES ('15600','Roppentzwiller ');
INSERT INTO LIEU(`LIEUID`,`VILID`,`LIEUNOM`) VALUES ('10600','15600','nnollome');
INSERT INTO VEHICULE(`VEHIMMAT`,`VEHNOM`) VALUES ('MT252JA','Volkswagen ');

INSERT INTO CHAUFFEUR(`CHFID`,`CHFNOM`,`CHFPRENOM`,`CHFTEL`,`CHFMAIL`) VALUES ('6610','Bernard ','Julien ','0643030121 ','Julien.Bernard@gmail.com');
INSERT INTO COMMUNE(`VILID`,`VILNOM`) VALUES ('15610','Saint-Germain-de-Montgommery ');
INSERT INTO LIEU(`LIEUID`,`VILID`,`LIEUNOM`) VALUES ('10610','15610','ssalubu');
INSERT INTO VEHICULE(`VEHIMMAT`,`VEHNOM`) VALUES ('YN816ZM','Renault ');

INSERT INTO CHAUFFEUR(`CHFID`,`CHFNOM`,`CHFPRENOM`,`CHFTEL`,`CHFMAIL`) VALUES ('6620','Martinez ','Robin ','0681832383 ','Robin.Martinez@gmail.com');
INSERT INTO COMMUNE(`VILID`,`VILNOM`) VALUES ('15620','Saint-Séglin ');
INSERT INTO LIEU(`LIEUID`,`VILID`,`LIEUNOM`) VALUES ('10620','15620','vykot');
INSERT INTO VEHICULE(`VEHIMMAT`,`VEHNOM`) VALUES ('LK127MH','Renault ');

INSERT INTO CHAUFFEUR(`CHFID`,`CHFNOM`,`CHFPRENOM`,`CHFTEL`,`CHFMAIL`) VALUES ('6630','Olivier ','Maïwenn ','0605018987 ','Maïwenn.Olivier@gmail.com');
INSERT INTO COMMUNE(`VILID`,`VILNOM`) VALUES ('15630','Saint-Étienne-de-l\'Olm ');
INSERT INTO LIEU(`LIEUID`,`VILID`,`LIEUNOM`) VALUES ('10630','15630','rrevala');
INSERT INTO VEHICULE(`VEHIMMAT`,`VEHNOM`) VALUES ('RM705AB','Opel');

INSERT INTO CHAUFFEUR(`CHFID`,`CHFNOM`,`CHFPRENOM`,`CHFTEL`,`CHFMAIL`) VALUES ('6640','Chevalier ','Lamia ','0647676529 ','Lamia.Chevalier@gmail.com');
INSERT INTO COMMUNE(`VILID`,`VILNOM`) VALUES ('15640','Englos ');
INSERT INTO LIEU(`LIEUID`,`VILID`,`LIEUNOM`) VALUES ('10640','15640','hollanevov');
INSERT INTO VEHICULE(`VEHIMMAT`,`VEHNOM`) VALUES ('MJ436ZI','Ford ');

INSERT INTO CHAUFFEUR(`CHFID`,`CHFNOM`,`CHFPRENOM`,`CHFTEL`,`CHFMAIL`) VALUES ('6650','Levy ','Davy ','0667214707 ','Davy.Levy@gmail.com');
INSERT INTO COMMUNE(`VILID`,`VILNOM`) VALUES ('15650','Séranon ');
INSERT INTO LIEU(`LIEUID`,`VILID`,`LIEUNOM`) VALUES ('10650','15650','jyllohivyn');
INSERT INTO VEHICULE(`VEHIMMAT`,`VEHNOM`) VALUES ('NO189UP','Renault ');

INSERT INTO CHAUFFEUR(`CHFID`,`CHFNOM`,`CHFPRENOM`,`CHFTEL`,`CHFMAIL`) VALUES ('6660','Hebert ','Renaud ','0663252121 ','Renaud.Hebert@gmail.com');
INSERT INTO COMMUNE(`VILID`,`VILNOM`) VALUES ('15660','Dolving ');
INSERT INTO LIEU(`LIEUID`,`VILID`,`LIEUNOM`) VALUES ('10660','15660','hadduqeta');
INSERT INTO VEHICULE(`VEHIMMAT`,`VEHNOM`) VALUES ('JK581UN','Volkswagen ');

INSERT INTO CHAUFFEUR(`CHFID`,`CHFNOM`,`CHFPRENOM`,`CHFTEL`,`CHFMAIL`) VALUES ('6670','Royer ','Bruno ','0685636581 ','Bruno.Royer@gmail.com');
INSERT INTO COMMUNE(`VILID`,`VILNOM`) VALUES ('15670','Railleu ');
INSERT INTO LIEU(`LIEUID`,`VILID`,`LIEUNOM`) VALUES ('10670','15670','ppesomma');
INSERT INTO VEHICULE(`VEHIMMAT`,`VEHNOM`) VALUES ('PC725MD','BMW ');

INSERT INTO CHAUFFEUR(`CHFID`,`CHFNOM`,`CHFPRENOM`,`CHFTEL`,`CHFMAIL`) VALUES ('6680','Boyer ','Antonin ','0681670345 ','Antonin.Boyer@gmail.com');
INSERT INTO COMMUNE(`VILID`,`VILNOM`) VALUES ('15680','Autrey-lès-Cerre ');
INSERT INTO LIEU(`LIEUID`,`VILID`,`LIEUNOM`) VALUES ('10680','15680','bibommah');
INSERT INTO VEHICULE(`VEHIMMAT`,`VEHNOM`) VALUES ('UD216TS','BMW ');

INSERT INTO CHAUFFEUR(`CHFID`,`CHFNOM`,`CHFPRENOM`,`CHFTEL`,`CHFMAIL`) VALUES ('6690','Chauvet ','Théo ','0607250367 ','Théo.Chauvet@gmail.com');
INSERT INTO COMMUNE(`VILID`,`VILNOM`) VALUES ('15690','Vannecourt ');
INSERT INTO LIEU(`LIEUID`,`VILID`,`LIEUNOM`) VALUES ('10690','15690','ffesogammo');
INSERT INTO VEHICULE(`VEHIMMAT`,`VEHNOM`) VALUES ('YN810VM','BMW ');

INSERT INTO CHAUFFEUR(`CHFID`,`CHFNOM`,`CHFPRENOM`,`CHFTEL`,`CHFMAIL`) VALUES ('6700','Raymond ','Maelys ','0689852943 ','Maelys.Raymond@gmail.com');
INSERT INTO COMMUNE(`VILID`,`VILNOM`) VALUES ('15700','Dargoire ');
INSERT INTO LIEU(`LIEUID`,`VILID`,`LIEUNOM`) VALUES ('10700','15700','lurryh');
INSERT INTO VEHICULE(`VEHIMMAT`,`VEHNOM`) VALUES ('JW307CD','BMW ');

INSERT INTO CHAUFFEUR(`CHFID`,`CHFNOM`,`CHFPRENOM`,`CHFTEL`,`CHFMAIL`) VALUES ('6710','Perrier ','Kylian ','0605474541 ','Kylian.Perrier@gmail.com');
INSERT INTO COMMUNE(`VILID`,`VILNOM`) VALUES ('15710','Andon ');
INSERT INTO LIEU(`LIEUID`,`VILID`,`LIEUNOM`) VALUES ('10710','15710','dexoll');
INSERT INTO VEHICULE(`VEHIMMAT`,`VEHNOM`) VALUES ('CF430XU','Citroen ');

INSERT INTO CHAUFFEUR(`CHFID`,`CHFNOM`,`CHFPRENOM`,`CHFTEL`,`CHFMAIL`) VALUES ('6720','Leclercq ','David ','0681838701 ','David.Leclercq@gmail.com');
INSERT INTO COMMUNE(`VILID`,`VILNOM`) VALUES ('15720','Leyssard ');
INSERT INTO LIEU(`LIEUID`,`VILID`,`LIEUNOM`) VALUES ('10720','15720','sussih');
INSERT INTO VEHICULE(`VEHIMMAT`,`VEHNOM`) VALUES ('ZO365UB','BMW ');

INSERT INTO CHAUFFEUR(`CHFID`,`CHFNOM`,`CHFPRENOM`,`CHFTEL`,`CHFMAIL`) VALUES ('6730','Marchand ','Nolan ','0607614965 ','Nolan.Marchand@gmail.com');
INSERT INTO COMMUNE(`VILID`,`VILNOM`) VALUES ('15730','Louvres ');
INSERT INTO LIEU(`LIEUID`,`VILID`,`LIEUNOM`) VALUES ('10730','15730','nuxe');
INSERT INTO VEHICULE(`VEHIMMAT`,`VEHNOM`) VALUES ('VK383MB','Peugeot ');

INSERT INTO CHAUFFEUR(`CHFID`,`CHFNOM`,`CHFPRENOM`,`CHFTEL`,`CHFMAIL`) VALUES ('6740','Marchal ','Nathan ','0667096187 ','Nathan.Marchal@gmail.com');
INSERT INTO COMMUNE(`VILID`,`VILNOM`) VALUES ('15740','Saint-Loup ');
INSERT INTO LIEU(`LIEUID`,`VILID`,`LIEUNOM`) VALUES ('10740','15740','cevereqorr');
INSERT INTO VEHICULE(`VEHIMMAT`,`VEHNOM`) VALUES ('CB252HI','Peugeot ');

INSERT INTO CHAUFFEUR(`CHFID`,`CHFNOM`,`CHFPRENOM`,`CHFTEL`,`CHFMAIL`) VALUES ('6750','Philippe ','Hélène ','0689094347 ','Hélène.Philippe@gmail.com');
INSERT INTO COMMUNE(`VILID`,`VILNOM`) VALUES ('15750','Lombers ');
INSERT INTO LIEU(`LIEUID`,`VILID`,`LIEUNOM`) VALUES ('10750','15750','ttoffavy');
INSERT INTO VEHICULE(`VEHIMMAT`,`VEHNOM`) VALUES ('GN692FA','Volkswagen ');

INSERT INTO CHAUFFEUR(`CHFID`,`CHFNOM`,`CHFPRENOM`,`CHFTEL`,`CHFMAIL`) VALUES ('6760','Mahe ','Théo ','0667214707 ','Théo.Mahe@gmail.com');
INSERT INTO COMMUNE(`VILID`,`VILNOM`) VALUES ('15760','Gercy ');
INSERT INTO LIEU(`LIEUID`,`VILID`,`LIEUNOM`) VALUES ('10760','15760','nname');
INSERT INTO VEHICULE(`VEHIMMAT`,`VEHNOM`) VALUES ('CT476XG','Fiat ');

INSERT INTO CHAUFFEUR(`CHFID`,`CHFNOM`,`CHFPRENOM`,`CHFTEL`,`CHFMAIL`) VALUES ('6770','Pelletier ','Esteban ','0643692741 ','Esteban.Pelletier@gmail.com');
INSERT INTO COMMUNE(`VILID`,`VILNOM`) VALUES ('15770','Osmery ');
INSERT INTO LIEU(`LIEUID`,`VILID`,`LIEUNOM`) VALUES ('10770','15770','ffaxuw');
INSERT INTO VEHICULE(`VEHIMMAT`,`VEHNOM`) VALUES ('HW923UX','Volkswagen ');

INSERT INTO CHAUFFEUR(`CHFID`,`CHFNOM`,`CHFPRENOM`,`CHFTEL`,`CHFMAIL`) VALUES ('6780','Delorme ','Jordan ','0687410981 ','Jordan.Delorme@gmail.com');
INSERT INTO COMMUNE(`VILID`,`VILNOM`) VALUES ('15780','Thel ');
INSERT INTO LIEU(`LIEUID`,`VILID`,`LIEUNOM`) VALUES ('10780','15780','ssivohija');
INSERT INTO VEHICULE(`VEHIMMAT`,`VEHNOM`) VALUES ('ZC567EX','Ford ');

INSERT INTO CHAUFFEUR(`CHFID`,`CHFNOM`,`CHFPRENOM`,`CHFTEL`,`CHFMAIL`) VALUES ('6790','Vidal ','David ','0665850981 ','David.Vidal@gmail.com');
INSERT INTO COMMUNE(`VILID`,`VILNOM`) VALUES ('15790','Trémoins ');
INSERT INTO LIEU(`LIEUID`,`VILID`,`LIEUNOM`) VALUES ('10790','15790','dihor');
INSERT INTO VEHICULE(`VEHIMMAT`,`VEHNOM`) VALUES ('EP636DE','Volkswagen ');

INSERT INTO CHAUFFEUR(`CHFID`,`CHFNOM`,`CHFPRENOM`,`CHFTEL`,`CHFMAIL`) VALUES ('6800','Lenoir ','Grégory ','0645454569 ','Grégory.Lenoir@gmail.com');
INSERT INTO COMMUNE(`VILID`,`VILNOM`) VALUES ('15800','Les Abrets ');
INSERT INTO LIEU(`LIEUID`,`VILID`,`LIEUNOM`) VALUES ('10800','15800','xosomm');
INSERT INTO VEHICULE(`VEHIMMAT`,`VEHNOM`) VALUES ('LY565CR','Fiat ');

INSERT INTO CHAUFFEUR(`CHFID`,`CHFNOM`,`CHFPRENOM`,`CHFTEL`,`CHFMAIL`) VALUES ('6810','Rousseau ','Rayane ','0681832383 ','Rayane.Rousseau@gmail.com');
INSERT INTO COMMUNE(`VILID`,`VILNOM`) VALUES ('15810','Saint-Georges-Lagricol ');
INSERT INTO LIEU(`LIEUID`,`VILID`,`LIEUNOM`) VALUES ('10810','15810','fefeh');
INSERT INTO VEHICULE(`VEHIMMAT`,`VEHNOM`) VALUES ('WP478RM','Ford ');

INSERT INTO CHAUFFEUR(`CHFID`,`CHFNOM`,`CHFPRENOM`,`CHFTEL`,`CHFMAIL`) VALUES ('6820','Jean ','Léonard ','0689272581 ','Léonard.Jean@gmail.com');
INSERT INTO COMMUNE(`VILID`,`VILNOM`) VALUES ('15820','Bettencourt-Rivière ');
INSERT INTO LIEU(`LIEUID`,`VILID`,`LIEUNOM`) VALUES ('10820','15820','rugejemm');
INSERT INTO VEHICULE(`VEHIMMAT`,`VEHNOM`) VALUES ('FW543IN','Peugeot ');

INSERT INTO CHAUFFEUR(`CHFID`,`CHFNOM`,`CHFPRENOM`,`CHFTEL`,`CHFMAIL`) VALUES ('6830','Vincent ','Alexandre ','0685636581 ','Alexandre.Vincent@gmail.com');
INSERT INTO COMMUNE(`VILID`,`VILNOM`) VALUES ('15830','Saint-Pierre-du-Champ ');
INSERT INTO LIEU(`LIEUID`,`VILID`,`LIEUNOM`) VALUES ('10830','15830','dussu');
INSERT INTO VEHICULE(`VEHIMMAT`,`VEHNOM`) VALUES ('JC727SX','Fiat ');

INSERT INTO CHAUFFEUR(`CHFID`,`CHFNOM`,`CHFPRENOM`,`CHFTEL`,`CHFMAIL`) VALUES ('6840','Lefebvre ','Zacharis ','0621052761 ','Zacharis.Lefebvre@gmail.com');
INSERT INTO COMMUNE(`VILID`,`VILNOM`) VALUES ('15840','Puiseux-Pontoise ');
INSERT INTO LIEU(`LIEUID`,`VILID`,`LIEUNOM`) VALUES ('10840','15840','womucirr');
INSERT INTO VEHICULE(`VEHIMMAT`,`VEHNOM`) VALUES ('OF676BG','Peugeot ');

INSERT INTO CHAUFFEUR(`CHFID`,`CHFNOM`,`CHFPRENOM`,`CHFTEL`,`CHFMAIL`) VALUES ('6850','Bourgeois ','Martin ','0683878723 ','Martin.Bourgeois@gmail.com');
INSERT INTO COMMUNE(`VILID`,`VILNOM`) VALUES ('15850','Muille-Villette ');
INSERT INTO LIEU(`LIEUID`,`VILID`,`LIEUNOM`) VALUES ('10850','15850','mmeje');
INSERT INTO VEHICULE(`VEHIMMAT`,`VEHNOM`) VALUES ('QZ854JI','BMW ');

INSERT INTO CHAUFFEUR(`CHFID`,`CHFNOM`,`CHFPRENOM`,`CHFTEL`,`CHFMAIL`) VALUES ('6860','Le gall ','Kilian ','0667278547 ','Kilian.Le gall@gmail.com');
INSERT INTO COMMUNE(`VILID`,`VILNOM`) VALUES ('15860','Ternant ');
INSERT INTO LIEU(`LIEUID`,`VILID`,`LIEUNOM`) VALUES ('10860','15860','rrotto');
INSERT INTO VEHICULE(`VEHIMMAT`,`VEHNOM`) VALUES ('SH212TG','Ford ');

INSERT INTO CHAUFFEUR(`CHFID`,`CHFNOM`,`CHFPRENOM`,`CHFTEL`,`CHFMAIL`) VALUES ('6870','Marin ','Evan ','0663476341 ','Evan.Marin@gmail.com');
INSERT INTO COMMUNE(`VILID`,`VILNOM`) VALUES ('15870','Carcarès-Sainte-Croix ');
INSERT INTO LIEU(`LIEUID`,`VILID`,`LIEUNOM`) VALUES ('10870','15870','ziderupyf');
INSERT INTO VEHICULE(`VEHIMMAT`,`VEHNOM`) VALUES ('TY365IZ','Opel');

INSERT INTO CHAUFFEUR(`CHFID`,`CHFNOM`,`CHFPRENOM`,`CHFTEL`,`CHFMAIL`) VALUES ('6880','Noel ','Timothée ','0603298747 ','Timothée.Noel@gmail.com');
INSERT INTO COMMUNE(`VILID`,`VILNOM`) VALUES ('15880','Criquetot-sur-Longueville ');
INSERT INTO LIEU(`LIEUID`,`VILID`,`LIEUNOM`) VALUES ('10880','15880','sypofu');
INSERT INTO VEHICULE(`VEHIMMAT`,`VEHNOM`) VALUES ('RO527WN','Citroen ');

INSERT INTO CHAUFFEUR(`CHFID`,`CHFNOM`,`CHFPRENOM`,`CHFTEL`,`CHFMAIL`) VALUES ('6890','Martin ','Mohamed ','0683234945 ','Mohamed.Martin@gmail.com');
INSERT INTO COMMUNE(`VILID`,`VILNOM`) VALUES ('15890','Saint-Michel-de-Castelnau ');
INSERT INTO LIEU(`LIEUID`,`VILID`,`LIEUNOM`) VALUES ('10890','15890','togaffe');
INSERT INTO VEHICULE(`VEHIMMAT`,`VEHNOM`) VALUES ('XK567QZ','Citroen ');

INSERT INTO CHAUFFEUR(`CHFID`,`CHFNOM`,`CHFPRENOM`,`CHFTEL`,`CHFMAIL`) VALUES ('6900','Aubry ','Diego ','0689438129 ','Diego.Aubry@gmail.com');
INSERT INTO COMMUNE(`VILID`,`VILNOM`) VALUES ('15900','Monts-sur-Guesnes ');
INSERT INTO LIEU(`LIEUID`,`VILID`,`LIEUNOM`) VALUES ('10900','15900','rreqerrihopp');
INSERT INTO VEHICULE(`VEHIMMAT`,`VEHNOM`) VALUES ('SD474RY','Renault ');

INSERT INTO CHAUFFEUR(`CHFID`,`CHFNOM`,`CHFPRENOM`,`CHFTEL`,`CHFMAIL`) VALUES ('6910','Rodrigues ','Élouan ','0607614965 ','Élouan.Rodrigues@gmail.com');
INSERT INTO COMMUNE(`VILID`,`VILNOM`) VALUES ('15910','Pleudihen-sur-Rance ');
INSERT INTO LIEU(`LIEUID`,`VILID`,`LIEUNOM`) VALUES ('10910','15910','cehi');
INSERT INTO VEHICULE(`VEHIMMAT`,`VEHNOM`) VALUES ('CR436TI','Peugeot ');

INSERT INTO CHAUFFEUR(`CHFID`,`CHFNOM`,`CHFPRENOM`,`CHFTEL`,`CHFMAIL`) VALUES ('6920','Durand ','Antoine ','0685054149 ','Antoine.Durand@gmail.com');
INSERT INTO COMMUNE(`VILID`,`VILNOM`) VALUES ('15920','Prunet ');
INSERT INTO LIEU(`LIEUID`,`VILID`,`LIEUNOM`) VALUES ('10920','15920','ttebuxoll');
INSERT INTO VEHICULE(`VEHIMMAT`,`VEHNOM`) VALUES ('FI369YR','Fiat ');

INSERT INTO CHAUFFEUR(`CHFID`,`CHFNOM`,`CHFPRENOM`,`CHFTEL`,`CHFMAIL`) VALUES ('6930','Riou ','Mélanie ','0685874383 ','Mélanie.Riou@gmail.com');
INSERT INTO COMMUNE(`VILID`,`VILNOM`) VALUES ('15930','Remy ');
INSERT INTO LIEU(`LIEUID`,`VILID`,`LIEUNOM`) VALUES ('10930','15930','nanilludyb');
INSERT INTO VEHICULE(`VEHIMMAT`,`VEHNOM`) VALUES ('KN010FE','Peugeot ');

INSERT INTO CHAUFFEUR(`CHFID`,`CHFNOM`,`CHFPRENOM`,`CHFTEL`,`CHFMAIL`) VALUES ('6940','Weber ','Gabriel ','0607832509 ','Gabriel.Weber@gmail.com');
INSERT INTO COMMUNE(`VILID`,`VILNOM`) VALUES ('15940','Écuires ');
INSERT INTO LIEU(`LIEUID`,`VILID`,`LIEUNOM`) VALUES ('10940','15940','fuhirrevi');
INSERT INTO VEHICULE(`VEHIMMAT`,`VEHNOM`) VALUES ('YL452BM','Opel');

INSERT INTO CHAUFFEUR(`CHFID`,`CHFNOM`,`CHFPRENOM`,`CHFTEL`,`CHFMAIL`) VALUES ('6950','Dupond ','Léon ','0627458943 ','Léon.Dupond@gmail.com');
INSERT INTO COMMUNE(`VILID`,`VILNOM`) VALUES ('15950','Avant-lès-Ramerupt ');
INSERT INTO LIEU(`LIEUID`,`VILID`,`LIEUNOM`) VALUES ('10950','15950','fodottepak');
INSERT INTO VEHICULE(`VEHIMMAT`,`VEHNOM`) VALUES ('BK543IL','Renault ');

INSERT INTO CHAUFFEUR(`CHFID`,`CHFNOM`,`CHFPRENOM`,`CHFTEL`,`CHFMAIL`) VALUES ('6960','Marchand ','Rémi ','0665236169 ','Rémi.Marchand@gmail.com');
INSERT INTO COMMUNE(`VILID`,`VILNOM`) VALUES ('15960','Espanès ');
INSERT INTO LIEU(`LIEUID`,`VILID`,`LIEUNOM`) VALUES ('10960','15960','zallan');
INSERT INTO VEHICULE(`VEHIMMAT`,`VEHNOM`) VALUES ('WF472LO','Renault ');

INSERT INTO CHAUFFEUR(`CHFID`,`CHFNOM`,`CHFPRENOM`,`CHFTEL`,`CHFMAIL`) VALUES ('6970','Leblanc ','Cédric ','0687832121 ','Cédric.Leblanc@gmail.com');
INSERT INTO COMMUNE(`VILID`,`VILNOM`) VALUES ('15970','Saint-Amand ');
INSERT INTO LIEU(`LIEUID`,`VILID`,`LIEUNOM`) VALUES ('10970','15970','synnege');
INSERT INTO VEHICULE(`VEHIMMAT`,`VEHNOM`) VALUES ('CF416RI','Opel');

INSERT INTO CHAUFFEUR(`CHFID`,`CHFNOM`,`CHFPRENOM`,`CHFTEL`,`CHFMAIL`) VALUES ('6980','Clement ','Yohan ','0607898581 ','Yohan.Clement@gmail.com');
INSERT INTO COMMUNE(`VILID`,`VILNOM`) VALUES ('15980','Gommerville ');
INSERT INTO LIEU(`LIEUID`,`VILID`,`LIEUNOM`) VALUES ('10980','15980','ddaddaca');
INSERT INTO VEHICULE(`VEHIMMAT`,`VEHNOM`) VALUES ('GJ698TA','Opel');

INSERT INTO CHAUFFEUR(`CHFID`,`CHFNOM`,`CHFPRENOM`,`CHFTEL`,`CHFMAIL`) VALUES ('6990','Dupond ','Mohamed ','0629454701 ','Mohamed.Dupond@gmail.com');
INSERT INTO COMMUNE(`VILID`,`VILNOM`) VALUES ('15990','Saligny ');
INSERT INTO LIEU(`LIEUID`,`VILID`,`LIEUNOM`) VALUES ('10990','15990','boddupaff');
INSERT INTO VEHICULE(`VEHIMMAT`,`VEHNOM`) VALUES ('FK545EZ','Ford ');

INSERT INTO CHAUFFEUR(`CHFID`,`CHFNOM`,`CHFPRENOM`,`CHFTEL`,`CHFMAIL`) VALUES ('7000','Guillot ','Corentin ','0627434707 ','Corentin.Guillot@gmail.com');
INSERT INTO COMMUNE(`VILID`,`VILNOM`) VALUES ('16000','Bagneux ');
INSERT INTO LIEU(`LIEUID`,`VILID`,`LIEUNOM`) VALUES ('11000','16000','hepe');
INSERT INTO VEHICULE(`VEHIMMAT`,`VEHNOM`) VALUES ('XG941AB','Peugeot ');

INSERT INTO CHAUFFEUR(`CHFID`,`CHFNOM`,`CHFPRENOM`,`CHFTEL`,`CHFMAIL`) VALUES ('7010','Le gall ','Samuel ','0643692741 ','Samuel.Le gall@gmail.com');
INSERT INTO COMMUNE(`VILID`,`VILNOM`) VALUES ('16010','Veuilly-la-Poterie ');
INSERT INTO LIEU(`LIEUID`,`VILID`,`LIEUNOM`) VALUES ('11010','16010','meqe');
INSERT INTO VEHICULE(`VEHIMMAT`,`VEHNOM`) VALUES ('RC543IX','BMW ');

INSERT INTO CHAUFFEUR(`CHFID`,`CHFNOM`,`CHFPRENOM`,`CHFTEL`,`CHFMAIL`) VALUES ('7020','Dupond ','Victor ','0629454701 ','Victor.Dupond@gmail.com');
INSERT INTO COMMUNE(`VILID`,`VILNOM`) VALUES ('16020','Anla ');
INSERT INTO LIEU(`LIEUID`,`VILID`,`LIEUNOM`) VALUES ('11020','16020','pisemme');
INSERT INTO VEHICULE(`VEHIMMAT`,`VEHNOM`) VALUES ('VI561IP','Opel');

INSERT INTO CHAUFFEUR(`CHFID`,`CHFNOM`,`CHFPRENOM`,`CHFTEL`,`CHFMAIL`) VALUES ('7030','Klein ','Robin ','0689438129 ','Robin.Klein@gmail.com');
INSERT INTO COMMUNE(`VILID`,`VILNOM`) VALUES ('16030','Bouffry ');
INSERT INTO LIEU(`LIEUID`,`VILID`,`LIEUNOM`) VALUES ('11030','16030','ddejedi');
INSERT INTO VEHICULE(`VEHIMMAT`,`VEHNOM`) VALUES ('XE363QD','Ford ');

INSERT INTO CHAUFFEUR(`CHFID`,`CHFNOM`,`CHFPRENOM`,`CHFTEL`,`CHFMAIL`) VALUES ('7040','Guillaume ','Malo ','0601892505 ','Malo.Guillaume@gmail.com');
INSERT INTO COMMUNE(`VILID`,`VILNOM`) VALUES ('16040','Merlaut ');
INSERT INTO LIEU(`LIEUID`,`VILID`,`LIEUNOM`) VALUES ('11040','16040','mmobyzaffa');
INSERT INTO VEHICULE(`VEHIMMAT`,`VEHNOM`) VALUES ('JM969ON','Fiat ');

INSERT INTO CHAUFFEUR(`CHFID`,`CHFNOM`,`CHFPRENOM`,`CHFTEL`,`CHFMAIL`) VALUES ('7050','Alexandre ','Valentin ','0689438129 ','Valentin.Alexandre@gmail.com');
INSERT INTO COMMUNE(`VILID`,`VILNOM`) VALUES ('16050','Ricaud ');
INSERT INTO LIEU(`LIEUID`,`VILID`,`LIEUNOM`) VALUES ('11050','16050','binybeff');
INSERT INTO VEHICULE(`VEHIMMAT`,`VEHNOM`) VALUES ('GT036DI','Citroen ');

INSERT INTO CHAUFFEUR(`CHFID`,`CHFNOM`,`CHFPRENOM`,`CHFTEL`,`CHFMAIL`) VALUES ('7060','Lefebvre ','Timéo ','0623874789 ','Timéo.Lefebvre@gmail.com');
INSERT INTO COMMUNE(`VILID`,`VILNOM`) VALUES ('16060','Les Moussières ');
INSERT INTO LIEU(`LIEUID`,`VILID`,`LIEUNOM`) VALUES ('11060','16060','mmillebetto');
INSERT INTO VEHICULE(`VEHIMMAT`,`VEHNOM`) VALUES ('UZ256FY','Ford ');

INSERT INTO CHAUFFEUR(`CHFID`,`CHFNOM`,`CHFPRENOM`,`CHFTEL`,`CHFMAIL`) VALUES ('7070','Poirier ','Léonie ','0683872161 ','Léonie.Poirier@gmail.com');
INSERT INTO COMMUNE(`VILID`,`VILNOM`) VALUES ('16070','Lacapelle-Pinet ');
INSERT INTO LIEU(`LIEUID`,`VILID`,`LIEUNOM`) VALUES ('11070','16070','qappuropapp');
INSERT INTO VEHICULE(`VEHIMMAT`,`VEHNOM`) VALUES ('BK985CX','BMW ');

INSERT INTO CHAUFFEUR(`CHFID`,`CHFNOM`,`CHFPRENOM`,`CHFTEL`,`CHFMAIL`) VALUES ('7080','Dumont ','Anthony ','0627432101 ','Anthony.Dumont@gmail.com');
INSERT INTO COMMUNE(`VILID`,`VILNOM`) VALUES ('16080','Saint-Pavace ');
INSERT INTO LIEU(`LIEUID`,`VILID`,`LIEUNOM`) VALUES ('11080','16080','mmucug');
INSERT INTO VEHICULE(`VEHIMMAT`,`VEHNOM`) VALUES ('KN070PM','Peugeot ');

INSERT INTO CHAUFFEUR(`CHFID`,`CHFNOM`,`CHFPRENOM`,`CHFTEL`,`CHFMAIL`) VALUES ('7090','David ','Amine ','0667214707 ','Amine.David@gmail.com');
INSERT INTO COMMUNE(`VILID`,`VILNOM`) VALUES ('16090','Avion ');
INSERT INTO LIEU(`LIEUID`,`VILID`,`LIEUNOM`) VALUES ('11090','16090','zuxyjarri');
INSERT INTO VEHICULE(`VEHIMMAT`,`VEHNOM`) VALUES ('GT430LS','Citroen ');

INSERT INTO CHAUFFEUR(`CHFID`,`CHFNOM`,`CHFPRENOM`,`CHFTEL`,`CHFMAIL`) VALUES ('7100','Pichon ','Dimitri ','0681838701 ','Dimitri.Pichon@gmail.com');
INSERT INTO COMMUNE(`VILID`,`VILNOM`) VALUES ('16100','Fraissinet-de-Fourques ');
INSERT INTO LIEU(`LIEUID`,`VILID`,`LIEUNOM`) VALUES ('11100','16100','ffumenah');
INSERT INTO VEHICULE(`VEHIMMAT`,`VEHNOM`) VALUES ('PK143MH','Opel');

INSERT INTO CHAUFFEUR(`CHFID`,`CHFNOM`,`CHFPRENOM`,`CHFTEL`,`CHFMAIL`) VALUES ('7110','Blanchard ','Tristan ','0667214707 ','Tristan.Blanchard@gmail.com');
INSERT INTO COMMUNE(`VILID`,`VILNOM`) VALUES ('16110','Dalstein ');
INSERT INTO LIEU(`LIEUID`,`VILID`,`LIEUNOM`) VALUES ('11110','16110','fellevudu');
INSERT INTO VEHICULE(`VEHIMMAT`,`VEHNOM`) VALUES ('LQ701EP','Fiat ');

INSERT INTO CHAUFFEUR(`CHFID`,`CHFNOM`,`CHFPRENOM`,`CHFTEL`,`CHFMAIL`) VALUES ('7120','Marechal ','Lorenzo ','0687410981 ','Lorenzo.Marechal@gmail.com');
INSERT INTO COMMUNE(`VILID`,`VILNOM`) VALUES ('16120','Limoux ');
INSERT INTO LIEU(`LIEUID`,`VILID`,`LIEUNOM`) VALUES ('11120','16120','xycu');
INSERT INTO VEHICULE(`VEHIMMAT`,`VEHNOM`) VALUES ('XG945KP','Opel');

INSERT INTO CHAUFFEUR(`CHFID`,`CHFNOM`,`CHFPRENOM`,`CHFTEL`,`CHFMAIL`) VALUES ('7130','Rossi ','Colin ','0687816783 ','Colin.Rossi@gmail.com');
INSERT INTO COMMUNE(`VILID`,`VILNOM`) VALUES ('16130','La Villeneuve-en-Chevrie ');
INSERT INTO LIEU(`LIEUID`,`VILID`,`LIEUNOM`) VALUES ('11130','16130','ttillife');
INSERT INTO VEHICULE(`VEHIMMAT`,`VEHNOM`) VALUES ('JA925QL','Citroen ');

INSERT INTO CHAUFFEUR(`CHFID`,`CHFNOM`,`CHFPRENOM`,`CHFTEL`,`CHFMAIL`) VALUES ('7140','Benoit ','Élisa ','0607836589 ','Élisa.Benoit@gmail.com');
INSERT INTO COMMUNE(`VILID`,`VILNOM`) VALUES ('16140','Saint-Sériès ');
INSERT INTO LIEU(`LIEUID`,`VILID`,`LIEUNOM`) VALUES ('11140','16140','mowirryk');
INSERT INTO VEHICULE(`VEHIMMAT`,`VEHNOM`) VALUES ('SV252FK','Peugeot ');

INSERT INTO CHAUFFEUR(`CHFID`,`CHFNOM`,`CHFPRENOM`,`CHFTEL`,`CHFMAIL`) VALUES ('7150','Tanguy ','Mathieu ','0683856121 ','Mathieu.Tanguy@gmail.com');
INSERT INTO COMMUNE(`VILID`,`VILNOM`) VALUES ('16150','Champigny-sous-Varennes ');
INSERT INTO LIEU(`LIEUID`,`VILID`,`LIEUNOM`) VALUES ('11150','16150','xuddyrr');
INSERT INTO VEHICULE(`VEHIMMAT`,`VEHNOM`) VALUES ('PS923WX','Fiat ');

INSERT INTO CHAUFFEUR(`CHFID`,`CHFNOM`,`CHFPRENOM`,`CHFTEL`,`CHFMAIL`) VALUES ('7160','Vincent ','Noémie ','0621218301 ','Noémie.Vincent@gmail.com');
INSERT INTO COMMUNE(`VILID`,`VILNOM`) VALUES ('16160','Vauchoux ');
INSERT INTO LIEU(`LIEUID`,`VILID`,`LIEUNOM`) VALUES ('11160','16160','paco');
INSERT INTO VEHICULE(`VEHIMMAT`,`VEHNOM`) VALUES ('LO361AH','Volkswagen ');

INSERT INTO CHAUFFEUR(`CHFID`,`CHFNOM`,`CHFPRENOM`,`CHFTEL`,`CHFMAIL`) VALUES ('7170','Mahe ','Timéo ','0607836589 ','Timéo.Mahe@gmail.com');
INSERT INTO COMMUNE(`VILID`,`VILNOM`) VALUES ('16170','Bischholtz ');
INSERT INTO LIEU(`LIEUID`,`VILID`,`LIEUNOM`) VALUES ('11170','16170','rrufferrerrid');
INSERT INTO VEHICULE(`VEHIMMAT`,`VEHNOM`) VALUES ('KD054XA','Fiat ');

INSERT INTO CHAUFFEUR(`CHFID`,`CHFNOM`,`CHFPRENOM`,`CHFTEL`,`CHFMAIL`) VALUES ('7180','Albert ','Corentin ','0603412989 ','Corentin.Albert@gmail.com');
INSERT INTO COMMUNE(`VILID`,`VILNOM`) VALUES ('16180','Riche ');
INSERT INTO LIEU(`LIEUID`,`VILID`,`LIEUNOM`) VALUES ('11180','16180','ssujegoqek');
INSERT INTO VEHICULE(`VEHIMMAT`,`VEHNOM`) VALUES ('VA945QR','Opel');

INSERT INTO CHAUFFEUR(`CHFID`,`CHFNOM`,`CHFPRENOM`,`CHFTEL`,`CHFMAIL`) VALUES ('7190','Boyer ','Maxence ','0645610725 ','Maxence.Boyer@gmail.com');
INSERT INTO COMMUNE(`VILID`,`VILNOM`) VALUES ('16190','Brainville ');
INSERT INTO LIEU(`LIEUID`,`VILID`,`LIEUNOM`) VALUES ('11190','16190','xuffer');
INSERT INTO VEHICULE(`VEHIMMAT`,`VEHNOM`) VALUES ('KV456JI','Citroen ');

INSERT INTO CHAUFFEUR(`CHFID`,`CHFNOM`,`CHFPRENOM`,`CHFTEL`,`CHFMAIL`) VALUES ('7200','Descamps ','Gaspard ','0687816783 ','Gaspard.Descamps@gmail.com');
INSERT INTO COMMUNE(`VILID`,`VILNOM`) VALUES ('16200','Sutrieu ');
INSERT INTO LIEU(`LIEUID`,`VILID`,`LIEUNOM`) VALUES ('11200','16200','rroffyty');
INSERT INTO VEHICULE(`VEHIMMAT`,`VEHNOM`) VALUES ('OD874FO','Renault ');

INSERT INTO CHAUFFEUR(`CHFID`,`CHFNOM`,`CHFPRENOM`,`CHFTEL`,`CHFMAIL`) VALUES ('7210','Fischer ','Mathis ','0627218705 ','Mathis.Fischer@gmail.com');
INSERT INTO COMMUNE(`VILID`,`VILNOM`) VALUES ('16210','Blésignac ');
INSERT INTO LIEU(`LIEUID`,`VILID`,`LIEUNOM`) VALUES ('11210','16210','hyxona');
INSERT INTO VEHICULE(`VEHIMMAT`,`VEHNOM`) VALUES ('UD034XM','Citroen ');

INSERT INTO CHAUFFEUR(`CHFID`,`CHFNOM`,`CHFPRENOM`,`CHFTEL`,`CHFMAIL`) VALUES ('7220','Cohen ','Yohan ','0647694167 ','Yohan.Cohen@gmail.com');
INSERT INTO COMMUNE(`VILID`,`VILNOM`) VALUES ('16220','Urcel ');
INSERT INTO LIEU(`LIEUID`,`VILID`,`LIEUNOM`) VALUES ('11220','16220','tozoppedyw');
INSERT INTO VEHICULE(`VEHIMMAT`,`VEHNOM`) VALUES ('HK181SP','Renault ');

INSERT INTO CHAUFFEUR(`CHFID`,`CHFNOM`,`CHFPRENOM`,`CHFTEL`,`CHFMAIL`) VALUES ('7230','Marty ','Aaron ','0647694167 ','Aaron.Marty@gmail.com');
INSERT INTO COMMUNE(`VILID`,`VILNOM`) VALUES ('16230','Belval-en-Argonne ');
INSERT INTO LIEU(`LIEUID`,`VILID`,`LIEUNOM`) VALUES ('11230','16230','tittorav');
INSERT INTO VEHICULE(`VEHIMMAT`,`VEHNOM`) VALUES ('YV614JO','Ford ');

INSERT INTO CHAUFFEUR(`CHFID`,`CHFNOM`,`CHFPRENOM`,`CHFTEL`,`CHFMAIL`) VALUES ('7240','Tessier ','Constant ','0605474541 ','Constant.Tessier@gmail.com');
INSERT INTO COMMUNE(`VILID`,`VILNOM`) VALUES ('16240','Fouquières-lès-Lens ');
INSERT INTO LIEU(`LIEUID`,`VILID`,`LIEUNOM`) VALUES ('11240','16240','kemmabeddyr');
INSERT INTO VEHICULE(`VEHIMMAT`,`VEHNOM`) VALUES ('XS125OP','Peugeot ');

INSERT INTO CHAUFFEUR(`CHFID`,`CHFNOM`,`CHFPRENOM`,`CHFTEL`,`CHFMAIL`) VALUES ('7250','Nguyen ','Thibault ','0683490385 ','Thibault.Nguyen@gmail.com');
INSERT INTO COMMUNE(`VILID`,`VILNOM`) VALUES ('16250','Illkirch-Graffenstaden ');
INSERT INTO LIEU(`LIEUID`,`VILID`,`LIEUNOM`) VALUES ('11250','16250','qazuxerr');
INSERT INTO VEHICULE(`VEHIMMAT`,`VEHNOM`) VALUES ('GP434JY','Volkswagen ');

INSERT INTO CHAUFFEUR(`CHFID`,`CHFNOM`,`CHFPRENOM`,`CHFTEL`,`CHFMAIL`) VALUES ('7260','Benoit ','Robin ','0689078163 ','Robin.Benoit@gmail.com');
INSERT INTO COMMUNE(`VILID`,`VILNOM`) VALUES ('16260','Réjaumont ');
INSERT INTO LIEU(`LIEUID`,`VILID`,`LIEUNOM`) VALUES ('11260','16260','wuhi');
INSERT INTO VEHICULE(`VEHIMMAT`,`VEHNOM`) VALUES ('WB030XC','Renault ');

INSERT INTO CHAUFFEUR(`CHFID`,`CHFNOM`,`CHFPRENOM`,`CHFTEL`,`CHFMAIL`) VALUES ('7270','Marchand ','Quentin ','0687410981 ','Quentin.Marchand@gmail.com');
INSERT INTO COMMUNE(`VILID`,`VILNOM`) VALUES ('16270','L\'Hôpital-du-Grosbois ');
INSERT INTO LIEU(`LIEUID`,`VILID`,`LIEUNOM`) VALUES ('11270','16270','tummes');
INSERT INTO VEHICULE(`VEHIMMAT`,`VEHNOM`) VALUES ('XG941SP','Citroen ');

INSERT INTO CHAUFFEUR(`CHFID`,`CHFNOM`,`CHFPRENOM`,`CHFTEL`,`CHFMAIL`) VALUES ('7280','Perrin ','David ','0601878309 ','David.Perrin@gmail.com');
INSERT INTO COMMUNE(`VILID`,`VILNOM`) VALUES ('16280','Les Plans ');
INSERT INTO LIEU(`LIEUID`,`VILID`,`LIEUNOM`) VALUES ('11280','16280','ttorra');
INSERT INTO VEHICULE(`VEHIMMAT`,`VEHNOM`) VALUES ('NG929QP','Ford ');

INSERT INTO CHAUFFEUR(`CHFID`,`CHFNOM`,`CHFPRENOM`,`CHFTEL`,`CHFMAIL`) VALUES ('7290','Moreau ','Antoine ','0629454701 ','Antoine.Moreau@gmail.com');
INSERT INTO COMMUNE(`VILID`,`VILNOM`) VALUES ('16290','Vandenesse ');
INSERT INTO LIEU(`LIEUID`,`VILID`,`LIEUNOM`) VALUES ('11290','16290','xefeke');
INSERT INTO VEHICULE(`VEHIMMAT`,`VEHNOM`) VALUES ('DS389CB','Renault ');

INSERT INTO CHAUFFEUR(`CHFID`,`CHFNOM`,`CHFPRENOM`,`CHFTEL`,`CHFMAIL`) VALUES ('7300','Clement ','Cédric ','0607250367 ','Cédric.Clement@gmail.com');
INSERT INTO COMMUNE(`VILID`,`VILNOM`) VALUES ('16300','Talensac ');
INSERT INTO LIEU(`LIEUID`,`VILID`,`LIEUNOM`) VALUES ('11300','16300','dafejaru');
INSERT INTO VEHICULE(`VEHIMMAT`,`VEHNOM`) VALUES ('XW581SZ','Citroen ');

INSERT INTO CHAUFFEUR(`CHFID`,`CHFNOM`,`CHFPRENOM`,`CHFTEL`,`CHFMAIL`) VALUES ('7310','Buisson ','Amine ','0645012307 ','Amine.Buisson@gmail.com');
INSERT INTO COMMUNE(`VILID`,`VILNOM`) VALUES ('16310','Mareil-en-France ');
INSERT INTO LIEU(`LIEUID`,`VILID`,`LIEUNOM`) VALUES ('11310','16310','howimag');
INSERT INTO VEHICULE(`VEHIMMAT`,`VEHNOM`) VALUES ('WD890JO','Fiat ');

INSERT INTO CHAUFFEUR(`CHFID`,`CHFNOM`,`CHFPRENOM`,`CHFTEL`,`CHFMAIL`) VALUES ('7320','Chevallier ','Baptiste ','0605256709 ','Baptiste.Chevallier@gmail.com');
INSERT INTO COMMUNE(`VILID`,`VILNOM`) VALUES ('16320','Janvry ');
INSERT INTO LIEU(`LIEUID`,`VILID`,`LIEUNOM`) VALUES ('11320','16320','moffavurre');
INSERT INTO VEHICULE(`VEHIMMAT`,`VEHNOM`) VALUES ('YJ278ZC','Citroen ');

INSERT INTO CHAUFFEUR(`CHFID`,`CHFNOM`,`CHFPRENOM`,`CHFTEL`,`CHFMAIL`) VALUES ('7330','Verdier ','Clément ','0649812967 ','Clément.Verdier@gmail.com');
INSERT INTO COMMUNE(`VILID`,`VILNOM`) VALUES ('16330','Coësmes ');
INSERT INTO LIEU(`LIEUID`,`VILID`,`LIEUNOM`) VALUES ('11330','16330','rraffoddadd');
INSERT INTO VEHICULE(`VEHIMMAT`,`VEHNOM`) VALUES ('HW581SH','Citroen ');

INSERT INTO CHAUFFEUR(`CHFID`,`CHFNOM`,`CHFPRENOM`,`CHFTEL`,`CHFMAIL`) VALUES ('7340','Regnier ','Eric ','0607250367 ','Eric.Regnier@gmail.com');
INSERT INTO COMMUNE(`VILID`,`VILNOM`) VALUES ('16340','Bonifacio ');
INSERT INTO LIEU(`LIEUID`,`VILID`,`LIEUNOM`) VALUES ('11340','16340','llunege');
INSERT INTO VEHICULE(`VEHIMMAT`,`VEHNOM`) VALUES ('BU923UN','Renault ');

INSERT INTO CHAUFFEUR(`CHFID`,`CHFNOM`,`CHFPRENOM`,`CHFTEL`,`CHFMAIL`) VALUES ('7350','Bigot ','Antoine ','0645298725 ','Antoine.Bigot@gmail.com');
INSERT INTO COMMUNE(`VILID`,`VILNOM`) VALUES ('16350','Rebais ');
INSERT INTO LIEU(`LIEUID`,`VILID`,`LIEUNOM`) VALUES ('11350','16350','topoq');
INSERT INTO VEHICULE(`VEHIMMAT`,`VEHNOM`) VALUES ('KD874RU','Fiat ');

INSERT INTO CHAUFFEUR(`CHFID`,`CHFNOM`,`CHFPRENOM`,`CHFTEL`,`CHFMAIL`) VALUES ('7360','Brunel ','Marwane ','0683490385 ','Marwane.Brunel@gmail.com');
INSERT INTO COMMUNE(`VILID`,`VILNOM`) VALUES ('16360','Ambilly ');
INSERT INTO LIEU(`LIEUID`,`VILID`,`LIEUNOM`) VALUES ('11360','16360','ttitiloff');
INSERT INTO VEHICULE(`VEHIMMAT`,`VEHNOM`) VALUES ('TK727AX','Ford ');

INSERT INTO CHAUFFEUR(`CHFID`,`CHFNOM`,`CHFPRENOM`,`CHFTEL`,`CHFMAIL`) VALUES ('7370','Raymond ','Renaud ','0665236169 ','Renaud.Raymond@gmail.com');
INSERT INTO COMMUNE(`VILID`,`VILNOM`) VALUES ('16370','Marignana ');
INSERT INTO LIEU(`LIEUID`,`VILID`,`LIEUNOM`) VALUES ('11370','16370','jyfuppi');
INSERT INTO VEHICULE(`VEHIMMAT`,`VEHNOM`) VALUES ('HM983ON','Peugeot ');

INSERT INTO CHAUFFEUR(`CHFID`,`CHFNOM`,`CHFPRENOM`,`CHFTEL`,`CHFMAIL`) VALUES ('7380','Perret ','Léon ','0683856121 ','Léon.Perret@gmail.com');
INSERT INTO COMMUNE(`VILID`,`VILNOM`) VALUES ('16380','Saint-Romain-la-Virvée ');
INSERT INTO LIEU(`LIEUID`,`VILID`,`LIEUNOM`) VALUES ('11380','16380','nnebaff');
INSERT INTO VEHICULE(`VEHIMMAT`,`VEHNOM`) VALUES ('QR054RS','Peugeot ');

INSERT INTO CHAUFFEUR(`CHFID`,`CHFNOM`,`CHFPRENOM`,`CHFTEL`,`CHFMAIL`) VALUES ('7390','Garnier ','Ethan ','0623032949 ','Ethan.Garnier@gmail.com');
INSERT INTO COMMUNE(`VILID`,`VILNOM`) VALUES ('16390','Saint-Étienne-sur-Reyssouze ');
INSERT INTO LIEU(`LIEUID`,`VILID`,`LIEUNOM`) VALUES ('11390','16390','hyfilleg');
INSERT INTO VEHICULE(`VEHIMMAT`,`VEHNOM`) VALUES ('HU129GZ','BMW ');

INSERT INTO CHAUFFEUR(`CHFID`,`CHFNOM`,`CHFPRENOM`,`CHFTEL`,`CHFMAIL`) VALUES ('7400','Sanchez ','Florentin ','0649812967 ','Florentin.Sanchez@gmail.com');
INSERT INTO COMMUNE(`VILID`,`VILNOM`) VALUES ('16400','Saint-Aubin-d\'Aubigné ');
INSERT INTO LIEU(`LIEUID`,`VILID`,`LIEUNOM`) VALUES ('11400','16400','xuxoduqos');
INSERT INTO VEHICULE(`VEHIMMAT`,`VEHNOM`) VALUES ('ED236DE','Fiat ');

INSERT INTO CHAUFFEUR(`CHFID`,`CHFNOM`,`CHFPRENOM`,`CHFTEL`,`CHFMAIL`) VALUES ('7410','Mercier ','Esteban ','0625090787 ','Esteban.Mercier@gmail.com');
INSERT INTO COMMUNE(`VILID`,`VILNOM`) VALUES ('16410','Lempire ');
INSERT INTO LIEU(`LIEUID`,`VILID`,`LIEUNOM`) VALUES ('11410','16410','qennoqed');
INSERT INTO VEHICULE(`VEHIMMAT`,`VEHNOM`) VALUES ('PK569CF','BMW ');

INSERT INTO CHAUFFEUR(`CHFID`,`CHFNOM`,`CHFPRENOM`,`CHFTEL`,`CHFMAIL`) VALUES ('7420','Joubert ','David ','0645454569 ','David.Joubert@gmail.com');
INSERT INTO COMMUNE(`VILID`,`VILNOM`) VALUES ('16420','Sainte-Marguerite-des-Loges ');
INSERT INTO LIEU(`LIEUID`,`VILID`,`LIEUNOM`) VALUES ('11420','16420','tydavessih');
INSERT INTO VEHICULE(`VEHIMMAT`,`VEHNOM`) VALUES ('OL456TE','Ford ');

INSERT INTO CHAUFFEUR(`CHFID`,`CHFNOM`,`CHFPRENOM`,`CHFTEL`,`CHFMAIL`) VALUES ('7430','Bouvier ','Timothée ','0627458943 ','Timothée.Bouvier@gmail.com');
INSERT INTO COMMUNE(`VILID`,`VILNOM`) VALUES ('16430','Varennes ');
INSERT INTO LIEU(`LIEUID`,`VILID`,`LIEUNOM`) VALUES ('11430','16430','sihetti');
INSERT INTO VEHICULE(`VEHIMMAT`,`VEHNOM`) VALUES ('KD210LY','Ford ');

INSERT INTO CHAUFFEUR(`CHFID`,`CHFNOM`,`CHFPRENOM`,`CHFTEL`,`CHFMAIL`) VALUES ('7440','Louis ','Élouan ','0603216743 ','Élouan.Louis@gmail.com');
INSERT INTO COMMUNE(`VILID`,`VILNOM`) VALUES ('16440','Vendenheim ');
INSERT INTO LIEU(`LIEUID`,`VILID`,`LIEUNOM`) VALUES ('11440','16440','gerruk');
INSERT INTO VEHICULE(`VEHIMMAT`,`VEHNOM`) VALUES ('ZI341SX','Opel');

INSERT INTO CHAUFFEUR(`CHFID`,`CHFNOM`,`CHFPRENOM`,`CHFTEL`,`CHFMAIL`) VALUES ('7450','Morvan ','Léane ','0603494901 ','Léane.Morvan@gmail.com');
INSERT INTO COMMUNE(`VILID`,`VILNOM`) VALUES ('16450','Pithiviers ');
INSERT INTO LIEU(`LIEUID`,`VILID`,`LIEUNOM`) VALUES ('11450','16450','gawedu');
INSERT INTO VEHICULE(`VEHIMMAT`,`VEHNOM`) VALUES ('PQ763KB','Ford ');

INSERT INTO CHAUFFEUR(`CHFID`,`CHFNOM`,`CHFPRENOM`,`CHFTEL`,`CHFMAIL`) VALUES ('7460','Camus ','Guillaume ','0623278767 ','Guillaume.Camus@gmail.com');
INSERT INTO COMMUNE(`VILID`,`VILNOM`) VALUES ('16460','Colmier-le-Haut ');
INSERT INTO LIEU(`LIEUID`,`VILID`,`LIEUNOM`) VALUES ('11460','16460','xore');
INSERT INTO VEHICULE(`VEHIMMAT`,`VEHNOM`) VALUES ('RA743UZ','Volkswagen ');

INSERT INTO CHAUFFEUR(`CHFID`,`CHFNOM`,`CHFPRENOM`,`CHFTEL`,`CHFMAIL`) VALUES ('7470','Lebrun ','Jérémy ','0687832121 ','Jérémy.Lebrun@gmail.com');
INSERT INTO COMMUNE(`VILID`,`VILNOM`) VALUES ('16470','Conteville ');
INSERT INTO LIEU(`LIEUID`,`VILID`,`LIEUNOM`) VALUES ('11470','16470','durytaqe');
INSERT INTO VEHICULE(`VEHIMMAT`,`VEHNOM`) VALUES ('BW181KX','Citroen ');

INSERT INTO CHAUFFEUR(`CHFID`,`CHFNOM`,`CHFPRENOM`,`CHFTEL`,`CHFMAIL`) VALUES ('7480','Leroux ','Amaury ','0625874945 ','Amaury.Leroux@gmail.com');
INSERT INTO COMMUNE(`VILID`,`VILNOM`) VALUES ('16480','Lewarde ');
INSERT INTO LIEU(`LIEUID`,`VILID`,`LIEUNOM`) VALUES ('11480','16480','benneddoh');
INSERT INTO VEHICULE(`VEHIMMAT`,`VEHNOM`) VALUES ('ID678PQ','Volkswagen ');

INSERT INTO CHAUFFEUR(`CHFID`,`CHFNOM`,`CHFPRENOM`,`CHFTEL`,`CHFMAIL`) VALUES ('7490','Marechal ','Victor ','0683234945 ','Victor.Marechal@gmail.com');
INSERT INTO COMMUNE(`VILID`,`VILNOM`) VALUES ('16490','Massugas ');
INSERT INTO LIEU(`LIEUID`,`VILID`,`LIEUNOM`) VALUES ('11490','16490','mmyja');
INSERT INTO VEHICULE(`VEHIMMAT`,`VEHNOM`) VALUES ('CT256TG','Citroen ');

INSERT INTO CHAUFFEUR(`CHFID`,`CHFNOM`,`CHFPRENOM`,`CHFTEL`,`CHFMAIL`) VALUES ('7500','Aubry ','Davy ','0683234945 ','Davy.Aubry@gmail.com');
INSERT INTO COMMUNE(`VILID`,`VILNOM`) VALUES ('16500','Saint-Evroult-de-Montfort ');
INSERT INTO LIEU(`LIEUID`,`VILID`,`LIEUNOM`) VALUES ('11500','16500','bannaffacu');
INSERT INTO VEHICULE(`VEHIMMAT`,`VEHNOM`) VALUES ('SX210ZI','Ford ');

INSERT INTO CHAUFFEUR(`CHFID`,`CHFNOM`,`CHFPRENOM`,`CHFTEL`,`CHFMAIL`) VALUES ('7510','Camus ','Evan ','0683872161 ','Evan.Camus@gmail.com');
INSERT INTO COMMUNE(`VILID`,`VILNOM`) VALUES ('16510','Chapdes-Beaufort ');
INSERT INTO LIEU(`LIEUID`,`VILID`,`LIEUNOM`) VALUES ('11510','16510','quziponnoss');
INSERT INTO VEHICULE(`VEHIMMAT`,`VEHNOM`) VALUES ('TW187SX','Volkswagen ');

INSERT INTO CHAUFFEUR(`CHFID`,`CHFNOM`,`CHFPRENOM`,`CHFTEL`,`CHFMAIL`) VALUES ('7520','Langlois ','Evan ','0689078163 ','Evan.Langlois@gmail.com');
INSERT INTO COMMUNE(`VILID`,`VILNOM`) VALUES ('16520','Sécheval ');
INSERT INTO LIEU(`LIEUID`,`VILID`,`LIEUNOM`) VALUES ('11520','16520','bessupp');
INSERT INTO VEHICULE(`VEHIMMAT`,`VEHNOM`) VALUES ('KT670LK','Volkswagen ');

INSERT INTO CHAUFFEUR(`CHFID`,`CHFNOM`,`CHFPRENOM`,`CHFTEL`,`CHFMAIL`) VALUES ('7530','Hamon ','Thibault ','0603494901 ','Thibault.Hamon@gmail.com');
INSERT INTO COMMUNE(`VILID`,`VILNOM`) VALUES ('16530','Vic-sur-Seille ');
INSERT INTO LIEU(`LIEUID`,`VILID`,`LIEUNOM`) VALUES ('11530','16530','cupogez');
INSERT INTO VEHICULE(`VEHIMMAT`,`VEHNOM`) VALUES ('XM721KH','Volkswagen ');

INSERT INTO CHAUFFEUR(`CHFID`,`CHFNOM`,`CHFPRENOM`,`CHFTEL`,`CHFMAIL`) VALUES ('7540','Rossi ','Rémi ','0667278547 ','Rémi.Rossi@gmail.com');
INSERT INTO COMMUNE(`VILID`,`VILNOM`) VALUES ('16540','Saint-Philbert-de-Grand-Lieu ');
INSERT INTO LIEU(`LIEUID`,`VILID`,`LIEUNOM`) VALUES ('11540','16540','tteqexa');
INSERT INTO VEHICULE(`VEHIMMAT`,`VEHNOM`) VALUES ('BW389GB','Peugeot ');

INSERT INTO CHAUFFEUR(`CHFID`,`CHFNOM`,`CHFPRENOM`,`CHFTEL`,`CHFMAIL`) VALUES ('7550','Lefort ','Tom ','0627218705 ','Tom.Lefort@gmail.com');
INSERT INTO COMMUNE(`VILID`,`VILNOM`) VALUES ('16550','Étrabonne ');
INSERT INTO LIEU(`LIEUID`,`VILID`,`LIEUNOM`) VALUES ('11550','16550','ddali');
INSERT INTO VEHICULE(`VEHIMMAT`,`VEHNOM`) VALUES ('HU549OX','Fiat ');

INSERT INTO CHAUFFEUR(`CHFID`,`CHFNOM`,`CHFPRENOM`,`CHFTEL`,`CHFMAIL`) VALUES ('7560','Durand ','Éléna ','0603412989 ','Éléna.Durand@gmail.com');
INSERT INTO COMMUNE(`VILID`,`VILNOM`) VALUES ('16560','Belmont-Sainte-Foi ');
INSERT INTO LIEU(`LIEUID`,`VILID`,`LIEUNOM`) VALUES ('11560','16560','cennassi');
INSERT INTO VEHICULE(`VEHIMMAT`,`VEHNOM`) VALUES ('PA925CF','Volkswagen ');

INSERT INTO CHAUFFEUR(`CHFID`,`CHFNOM`,`CHFPRENOM`,`CHFTEL`,`CHFMAIL`) VALUES ('7570','Leclercq ','Louise ','0685054149 ','Louise.Leclercq@gmail.com');
INSERT INTO COMMUNE(`VILID`,`VILNOM`) VALUES ('16570','Jarnosse ');
INSERT INTO LIEU(`LIEUID`,`VILID`,`LIEUNOM`) VALUES ('11570','16570','qoffapow');
INSERT INTO VEHICULE(`VEHIMMAT`,`VEHNOM`) VALUES ('ET256RA','Citroen ');

INSERT INTO CHAUFFEUR(`CHFID`,`CHFNOM`,`CHFPRENOM`,`CHFTEL`,`CHFMAIL`) VALUES ('7580','Etienne ','Léa ','0647212585 ','Léa.Etienne@gmail.com');
INSERT INTO COMMUNE(`VILID`,`VILNOM`) VALUES ('16580','Saint-Paul-de-Varax ');
INSERT INTO LIEU(`LIEUID`,`VILID`,`LIEUNOM`) VALUES ('11580','16580','tessezas');
INSERT INTO VEHICULE(`VEHIMMAT`,`VEHNOM`) VALUES ('BY945OB','Citroen ');

INSERT INTO CHAUFFEUR(`CHFID`,`CHFNOM`,`CHFPRENOM`,`CHFTEL`,`CHFMAIL`) VALUES ('7590','Bourgeois ','Davy ','0667214707 ','Davy.Bourgeois@gmail.com');
INSERT INTO COMMUNE(`VILID`,`VILNOM`) VALUES ('16590','Les Herbiers ');
INSERT INTO LIEU(`LIEUID`,`VILID`,`LIEUNOM`) VALUES ('11590','16590','llaxiwall');
INSERT INTO VEHICULE(`VEHIMMAT`,`VEHNOM`) VALUES ('IJ074XW','Ford ');

INSERT INTO CHAUFFEUR(`CHFID`,`CHFNOM`,`CHFPRENOM`,`CHFTEL`,`CHFMAIL`) VALUES ('7600','Dumas ','Capucine ','0687654907 ','Capucine.Dumas@gmail.com');
INSERT INTO COMMUNE(`VILID`,`VILNOM`) VALUES ('16600','Bennetot ');
INSERT INTO LIEU(`LIEUID`,`VILID`,`LIEUNOM`) VALUES ('11600','16600','nnage');
INSERT INTO VEHICULE(`VEHIMMAT`,`VEHNOM`) VALUES ('YX034JO','Citroen ');

INSERT INTO CHAUFFEUR(`CHFID`,`CHFNOM`,`CHFPRENOM`,`CHFTEL`,`CHFMAIL`) VALUES ('7610','Meyer ','Timothée ','0647694167 ','Timothée.Meyer@gmail.com');
INSERT INTO COMMUNE(`VILID`,`VILNOM`) VALUES ('16610','Saint-Hilaire-le-Grand ');
INSERT INTO LIEU(`LIEUID`,`VILID`,`LIEUNOM`) VALUES ('11610','16610','kiludde');
INSERT INTO VEHICULE(`VEHIMMAT`,`VEHNOM`) VALUES ('AH696ZW','Volkswagen ');

INSERT INTO CHAUFFEUR(`CHFID`,`CHFNOM`,`CHFPRENOM`,`CHFTEL`,`CHFMAIL`) VALUES ('7620','Buisson ','Esteban ','0667278547 ','Esteban.Buisson@gmail.com');
INSERT INTO COMMUNE(`VILID`,`VILNOM`) VALUES ('16620','Stigny ');
INSERT INTO LIEU(`LIEUID`,`VILID`,`LIEUNOM`) VALUES ('11620','16620','ttatepp');
INSERT INTO VEHICULE(`VEHIMMAT`,`VEHNOM`) VALUES ('VG785KJ','Peugeot ');

INSERT INTO CHAUFFEUR(`CHFID`,`CHFNOM`,`CHFPRENOM`,`CHFTEL`,`CHFMAIL`) VALUES ('7630','Dumas ','Adam ','0683872161 ','Adam.Dumas@gmail.com');
INSERT INTO COMMUNE(`VILID`,`VILNOM`) VALUES ('16630','Valernes ');
INSERT INTO LIEU(`LIEUID`,`VILID`,`LIEUNOM`) VALUES ('11630','16630','nnonnaddyk');
INSERT INTO VEHICULE(`VEHIMMAT`,`VEHNOM`) VALUES ('YT818ZE','Citroen ');

INSERT INTO CHAUFFEUR(`CHFID`,`CHFNOM`,`CHFPRENOM`,`CHFTEL`,`CHFMAIL`) VALUES ('7640','Chevalier ','Timothée ','0623032949 ','Timothée.Chevalier@gmail.com');
INSERT INTO COMMUNE(`VILID`,`VILNOM`) VALUES ('16640','Saint-Pierre-le-Vieux ');
INSERT INTO LIEU(`LIEUID`,`VILID`,`LIEUNOM`) VALUES ('11640','16640','zuffi');
INSERT INTO VEHICULE(`VEHIMMAT`,`VEHNOM`) VALUES ('SV454NW','BMW ');

INSERT INTO CHAUFFEUR(`CHFID`,`CHFNOM`,`CHFPRENOM`,`CHFTEL`,`CHFMAIL`) VALUES ('7650','Lebreton ','Dimitri ','0629454701 ','Dimitri.Lebreton@gmail.com');
INSERT INTO COMMUNE(`VILID`,`VILNOM`) VALUES ('16650','Cernay-en-Dormois ');
INSERT INTO LIEU(`LIEUID`,`VILID`,`LIEUNOM`) VALUES ('11650','16650','xowegatt');
INSERT INTO VEHICULE(`VEHIMMAT`,`VEHNOM`) VALUES ('NI307SD','Fiat ');

INSERT INTO CHAUFFEUR(`CHFID`,`CHFNOM`,`CHFPRENOM`,`CHFTEL`,`CHFMAIL`) VALUES ('7660','Besnard ','Ethan ','0643030121 ','Ethan.Besnard@gmail.com');
INSERT INTO COMMUNE(`VILID`,`VILNOM`) VALUES ('16660','Cherveux ');
INSERT INTO LIEU(`LIEUID`,`VILID`,`LIEUNOM`) VALUES ('11660','16660','nnokawyc');
INSERT INTO VEHICULE(`VEHIMMAT`,`VEHNOM`) VALUES ('CZ638DC','Renault ');

INSERT INTO CHAUFFEUR(`CHFID`,`CHFNOM`,`CHFPRENOM`,`CHFTEL`,`CHFMAIL`) VALUES ('7670','Perrot ','Nicolas ','0625698581 ','Nicolas.Perrot@gmail.com');
INSERT INTO COMMUNE(`VILID`,`VILNOM`) VALUES ('16670','Saint-Hilaire-Saint-Mesmin ');
INSERT INTO LIEU(`LIEUID`,`VILID`,`LIEUNOM`) VALUES ('11670','16670','ffupixeqan');
INSERT INTO VEHICULE(`VEHIMMAT`,`VEHNOM`) VALUES ('FK945WP','Peugeot ');

INSERT INTO CHAUFFEUR(`CHFID`,`CHFNOM`,`CHFPRENOM`,`CHFTEL`,`CHFMAIL`) VALUES ('7680','Leclercq ','Colin ','0647212585 ','Colin.Leclercq@gmail.com');
INSERT INTO COMMUNE(`VILID`,`VILNOM`) VALUES ('16680','Trescléoux ');
INSERT INTO LIEU(`LIEUID`,`VILID`,`LIEUNOM`) VALUES ('11680','16680','huffugiji');
INSERT INTO VEHICULE(`VEHIMMAT`,`VEHNOM`) VALUES ('BI903WN','BMW ');

INSERT INTO CHAUFFEUR(`CHFID`,`CHFNOM`,`CHFPRENOM`,`CHFTEL`,`CHFMAIL`) VALUES ('7690','Robin ','Benjamin ','0663252121 ','Benjamin.Robin@gmail.com');
INSERT INTO COMMUNE(`VILID`,`VILNOM`) VALUES ('16690','Loubigné ');
INSERT INTO LIEU(`LIEUID`,`VILID`,`LIEUNOM`) VALUES ('11690','16690','tteppoddyg');
INSERT INTO VEHICULE(`VEHIMMAT`,`VEHNOM`) VALUES ('QH636ZQ','Renault ');

INSERT INTO CHAUFFEUR(`CHFID`,`CHFNOM`,`CHFPRENOM`,`CHFTEL`,`CHFMAIL`) VALUES ('7700','Courtois ','Juliette ','0601894503 ','Juliette.Courtois@gmail.com');
INSERT INTO COMMUNE(`VILID`,`VILNOM`) VALUES ('16700','Saint-Aignan-sur-Ry ');
INSERT INTO LIEU(`LIEUID`,`VILID`,`LIEUNOM`) VALUES ('11700','16700','sedewa');
INSERT INTO VEHICULE(`VEHIMMAT`,`VEHNOM`) VALUES ('QT690RS','Citroen ');

INSERT INTO CHAUFFEUR(`CHFID`,`CHFNOM`,`CHFPRENOM`,`CHFTEL`,`CHFMAIL`) VALUES ('7710','Carpentier ','Jordan ','0601812327 ','Jordan.Carpentier@gmail.com');
INSERT INTO COMMUNE(`VILID`,`VILNOM`) VALUES ('16710','Rodelinghem ');
INSERT INTO LIEU(`LIEUID`,`VILID`,`LIEUNOM`) VALUES ('11710','16710','larissutimm');
INSERT INTO VEHICULE(`VEHIMMAT`,`VEHNOM`) VALUES ('TU729GJ','BMW ');

INSERT INTO CHAUFFEUR(`CHFID`,`CHFNOM`,`CHFPRENOM`,`CHFTEL`,`CHFMAIL`) VALUES ('7720','Valentin ','Alexandre ','0601812327 ','Alexandre.Valentin@gmail.com');
INSERT INTO COMMUNE(`VILID`,`VILNOM`) VALUES ('16720','Villechantria ');
INSERT INTO LIEU(`LIEUID`,`VILID`,`LIEUNOM`) VALUES ('11720','16720','hyxy');
INSERT INTO VEHICULE(`VEHIMMAT`,`VEHNOM`) VALUES ('RC961EJ','BMW ');

INSERT INTO CHAUFFEUR(`CHFID`,`CHFNOM`,`CHFPRENOM`,`CHFTEL`,`CHFMAIL`) VALUES ('7730','Royer ','Candice ','0627432101 ','Candice.Royer@gmail.com');
INSERT INTO COMMUNE(`VILID`,`VILNOM`) VALUES ('16730','Esparron ');
INSERT INTO LIEU(`LIEUID`,`VILID`,`LIEUNOM`) VALUES ('11730','16730','ffisaddassell');
INSERT INTO VEHICULE(`VEHIMMAT`,`VEHNOM`) VALUES ('AL450VS','BMW ');

INSERT INTO CHAUFFEUR(`CHFID`,`CHFNOM`,`CHFPRENOM`,`CHFTEL`,`CHFMAIL`) VALUES ('7740','Aubert ','Jules ','0623238167 ','Jules.Aubert@gmail.com');
INSERT INTO COMMUNE(`VILID`,`VILNOM`) VALUES ('16740','La Vallée-Mulâtre ');
INSERT INTO LIEU(`LIEUID`,`VILID`,`LIEUNOM`) VALUES ('11740','16740','nixyxa');
INSERT INTO VEHICULE(`VEHIMMAT`,`VEHNOM`) VALUES ('YN272BK','Peugeot ');

INSERT INTO CHAUFFEUR(`CHFID`,`CHFNOM`,`CHFPRENOM`,`CHFTEL`,`CHFMAIL`) VALUES ('7750','Meyer ','Mathieu ','0683872161 ','Mathieu.Meyer@gmail.com');
INSERT INTO COMMUNE(`VILID`,`VILNOM`) VALUES ('16750','Serre-les-Moulières ');
INSERT INTO LIEU(`LIEUID`,`VILID`,`LIEUNOM`) VALUES ('11750','16750','girru');
INSERT INTO VEHICULE(`VEHIMMAT`,`VEHNOM`) VALUES ('EP494RE','Opel');

INSERT INTO CHAUFFEUR(`CHFID`,`CHFNOM`,`CHFPRENOM`,`CHFTEL`,`CHFMAIL`) VALUES ('7760','Charrier ','Claudie ','0625698581 ','Claudie.Charrier@gmail.com');
INSERT INTO COMMUNE(`VILID`,`VILNOM`) VALUES ('16760','Flavigny-le-Grand-et-Beaurain ');
INSERT INTO LIEU(`LIEUID`,`VILID`,`LIEUNOM`) VALUES ('11760','16760','pposuva');
INSERT INTO VEHICULE(`VEHIMMAT`,`VEHNOM`) VALUES ('ER678TO','Ford ');

INSERT INTO CHAUFFEUR(`CHFID`,`CHFNOM`,`CHFPRENOM`,`CHFTEL`,`CHFMAIL`) VALUES ('7770','Lacombe ','Corentin ','0667278547 ','Corentin.Lacombe@gmail.com');
INSERT INTO COMMUNE(`VILID`,`VILNOM`) VALUES ('16770','Serres-Morlaàs ');
INSERT INTO LIEU(`LIEUID`,`VILID`,`LIEUNOM`) VALUES ('11770','16770','dennypperrim');
INSERT INTO VEHICULE(`VEHIMMAT`,`VEHNOM`) VALUES ('NO301WH','Peugeot ');

INSERT INTO CHAUFFEUR(`CHFID`,`CHFNOM`,`CHFPRENOM`,`CHFTEL`,`CHFMAIL`) VALUES ('7780','Gregoire ','Valentin ','0663252121 ','Valentin.Gregoire@gmail.com');
INSERT INTO COMMUNE(`VILID`,`VILNOM`) VALUES ('16780','Faucogney-et-la-Mer ');
INSERT INTO LIEU(`LIEUID`,`VILID`,`LIEUNOM`) VALUES ('11780','16780','jippo');
INSERT INTO VEHICULE(`VEHIMMAT`,`VEHNOM`) VALUES ('BE147AF','Peugeot ');

INSERT INTO CHAUFFEUR(`CHFID`,`CHFNOM`,`CHFPRENOM`,`CHFTEL`,`CHFMAIL`) VALUES ('7790','Laine ','Ethan ','0605474541 ','Ethan.Laine@gmail.com');
INSERT INTO COMMUNE(`VILID`,`VILNOM`) VALUES ('16790','Fresquiennes ');
INSERT INTO LIEU(`LIEUID`,`VILID`,`LIEUNOM`) VALUES ('11790','16790','wymmoff');
INSERT INTO VEHICULE(`VEHIMMAT`,`VEHNOM`) VALUES ('SV694DI','Fiat ');

INSERT INTO CHAUFFEUR(`CHFID`,`CHFNOM`,`CHFPRENOM`,`CHFTEL`,`CHFMAIL`) VALUES ('7800','Guyot ','Tom ','0667214707 ','Tom.Guyot@gmail.com');
INSERT INTO COMMUNE(`VILID`,`VILNOM`) VALUES ('16800','Montebourg ');
INSERT INTO LIEU(`LIEUID`,`VILID`,`LIEUNOM`) VALUES ('11800','16800','dife');
INSERT INTO VEHICULE(`VEHIMMAT`,`VEHNOM`) VALUES ('WR832RA','Renault ');

INSERT INTO CHAUFFEUR(`CHFID`,`CHFNOM`,`CHFPRENOM`,`CHFTEL`,`CHFMAIL`) VALUES ('7810','Etienne ','Yohan ','0687832121 ','Yohan.Etienne@gmail.com');
INSERT INTO COMMUNE(`VILID`,`VILNOM`) VALUES ('16810','Nivillac ');
INSERT INTO LIEU(`LIEUID`,`VILID`,`LIEUNOM`) VALUES ('11810','16810','vavygub');
INSERT INTO VEHICULE(`VEHIMMAT`,`VEHNOM`) VALUES ('XG587ER','Peugeot ');

INSERT INTO CHAUFFEUR(`CHFID`,`CHFNOM`,`CHFPRENOM`,`CHFTEL`,`CHFMAIL`) VALUES ('7820','Vallee ','Éléna ','0681694949 ','Éléna.Vallee@gmail.com');
INSERT INTO COMMUNE(`VILID`,`VILNOM`) VALUES ('16820','Vergongheon ');
INSERT INTO LIEU(`LIEUID`,`VILID`,`LIEUNOM`) VALUES ('11820','16820','dyzacaffeff');
INSERT INTO VEHICULE(`VEHIMMAT`,`VEHNOM`) VALUES ('QX052ZK','BMW ');

INSERT INTO CHAUFFEUR(`CHFID`,`CHFNOM`,`CHFPRENOM`,`CHFTEL`,`CHFMAIL`) VALUES ('7830','Carpentier ','Mélanie ','0603412989 ','Mélanie.Carpentier@gmail.com');
INSERT INTO COMMUNE(`VILID`,`VILNOM`) VALUES ('16830','Vaux-sur-Lunain ');
INSERT INTO LIEU(`LIEUID`,`VILID`,`LIEUNOM`) VALUES ('11830','16830','ludda');
INSERT INTO VEHICULE(`VEHIMMAT`,`VEHNOM`) VALUES ('KT632DK','Ford ');

INSERT INTO CHAUFFEUR(`CHFID`,`CHFNOM`,`CHFPRENOM`,`CHFTEL`,`CHFMAIL`) VALUES ('7840','Duval ','Yanis ','0661850585 ','Yanis.Duval@gmail.com');
INSERT INTO COMMUNE(`VILID`,`VILNOM`) VALUES ('16840','Morsbach ');
INSERT INTO LIEU(`LIEUID`,`VILID`,`LIEUNOM`) VALUES ('11840','16840','wymmaqeb');
INSERT INTO VEHICULE(`VEHIMMAT`,`VEHNOM`) VALUES ('HM329SR','Citroen ');

INSERT INTO CHAUFFEUR(`CHFID`,`CHFNOM`,`CHFPRENOM`,`CHFTEL`,`CHFMAIL`) VALUES ('7850','Nicolas ','Esteban ','0627432101 ','Esteban.Nicolas@gmail.com');
INSERT INTO COMMUNE(`VILID`,`VILNOM`) VALUES ('16850','Grand-Rullecourt ');
INSERT INTO LIEU(`LIEUID`,`VILID`,`LIEUNOM`) VALUES ('11850','16850','xavimeffin');
INSERT INTO VEHICULE(`VEHIMMAT`,`VEHNOM`) VALUES ('UN292FK','Volkswagen ');

INSERT INTO CHAUFFEUR(`CHFID`,`CHFNOM`,`CHFPRENOM`,`CHFTEL`,`CHFMAIL`) VALUES ('7860','Duhamel ','Evan ','0689852943 ','Evan.Duhamel@gmail.com');
INSERT INTO COMMUNE(`VILID`,`VILNOM`) VALUES ('16860','Salsein ');
INSERT INTO LIEU(`LIEUID`,`VILID`,`LIEUNOM`) VALUES ('11860','16860','ziwa');
INSERT INTO VEHICULE(`VEHIMMAT`,`VEHNOM`) VALUES ('AT616JK','Peugeot ');

INSERT INTO CHAUFFEUR(`CHFID`,`CHFNOM`,`CHFPRENOM`,`CHFTEL`,`CHFMAIL`) VALUES ('7870','Joubert ','Anthony ','0647212943 ','Anthony.Joubert@gmail.com');
INSERT INTO COMMUNE(`VILID`,`VILNOM`) VALUES ('16870','Montignac ');
INSERT INTO LIEU(`LIEUID`,`VILID`,`LIEUNOM`) VALUES ('11870','16870','koguve');
INSERT INTO VEHICULE(`VEHIMMAT`,`VEHNOM`) VALUES ('SZ694TQ','Volkswagen ');

INSERT INTO CHAUFFEUR(`CHFID`,`CHFNOM`,`CHFPRENOM`,`CHFTEL`,`CHFMAIL`) VALUES ('7880','Charles ','Titouan ','0603298747 ','Titouan.Charles@gmail.com');
INSERT INTO COMMUNE(`VILID`,`VILNOM`) VALUES ('16880','Le Fief-Sauvin ');
INSERT INTO LIEU(`LIEUID`,`VILID`,`LIEUNOM`) VALUES ('11880','16880','xyxemmiwi');
INSERT INTO VEHICULE(`VEHIMMAT`,`VEHNOM`) VALUES ('WT296PU','Renault ');

INSERT INTO CHAUFFEUR(`CHFID`,`CHFNOM`,`CHFPRENOM`,`CHFTEL`,`CHFMAIL`) VALUES ('7890','Muller ','Valentin ','0667214707 ','Valentin.Muller@gmail.com');
INSERT INTO COMMUNE(`VILID`,`VILNOM`) VALUES ('16890','Glatigny ');
INSERT INTO LIEU(`LIEUID`,`VILID`,`LIEUNOM`) VALUES ('11890','16890','nalattipys');
INSERT INTO VEHICULE(`VEHIMMAT`,`VEHNOM`) VALUES ('TY923OV','Peugeot ');

INSERT INTO CHAUFFEUR(`CHFID`,`CHFNOM`,`CHFPRENOM`,`CHFTEL`,`CHFMAIL`) VALUES ('7900','Lecomte ','Anaïs ','0685636581 ','Anaïs.Lecomte@gmail.com');
INSERT INTO COMMUNE(`VILID`,`VILNOM`) VALUES ('16900','Tournan ');
INSERT INTO LIEU(`LIEUID`,`VILID`,`LIEUNOM`) VALUES ('11900','16900','nafumo');
INSERT INTO VEHICULE(`VEHIMMAT`,`VEHNOM`) VALUES ('JS543GH','Volkswagen ');

INSERT INTO CHAUFFEUR(`CHFID`,`CHFNOM`,`CHFPRENOM`,`CHFTEL`,`CHFMAIL`) VALUES ('7910','Bourgeois ','Françoise ','0605018987 ','Françoise.Bourgeois@gmail.com');
INSERT INTO COMMUNE(`VILID`,`VILNOM`) VALUES ('16910','Grand-Santi ');
INSERT INTO LIEU(`LIEUID`,`VILID`,`LIEUNOM`) VALUES ('11910','16910','ddutac');
INSERT INTO VEHICULE(`VEHIMMAT`,`VEHNOM`) VALUES ('GF098FK','Ford ');

INSERT INTO CHAUFFEUR(`CHFID`,`CHFNOM`,`CHFPRENOM`,`CHFTEL`,`CHFMAIL`) VALUES ('7920','Paul ','Maxime ','0649812967 ','Maxime.Paul@gmail.com');
INSERT INTO COMMUNE(`VILID`,`VILNOM`) VALUES ('16920','Roberval ');
INSERT INTO LIEU(`LIEUID`,`VILID`,`LIEUNOM`) VALUES ('11920','16920','hemitto');
INSERT INTO VEHICULE(`VEHIMMAT`,`VEHNOM`) VALUES ('UN076XY','Fiat ');

INSERT INTO CHAUFFEUR(`CHFID`,`CHFNOM`,`CHFPRENOM`,`CHFTEL`,`CHFMAIL`) VALUES ('7930','Antoine ','Thomas ','0607614965 ','Thomas.Antoine@gmail.com');
INSERT INTO COMMUNE(`VILID`,`VILNOM`) VALUES ('16930','Louvois ');
INSERT INTO LIEU(`LIEUID`,`VILID`,`LIEUNOM`) VALUES ('11930','16930','kujod');
INSERT INTO VEHICULE(`VEHIMMAT`,`VEHNOM`) VALUES ('DO943WP','Ford ');

INSERT INTO CHAUFFEUR(`CHFID`,`CHFNOM`,`CHFPRENOM`,`CHFTEL`,`CHFMAIL`) VALUES ('7940','Francois ','Timéo ','0641896583 ','Timéo.Francois@gmail.com');
INSERT INTO COMMUNE(`VILID`,`VILNOM`) VALUES ('16940','Intraville ');
INSERT INTO LIEU(`LIEUID`,`VILID`,`LIEUNOM`) VALUES ('11940','16940','fukudd');
INSERT INTO VEHICULE(`VEHIMMAT`,`VEHNOM`) VALUES ('OZ472PC','Citroen ');

INSERT INTO CHAUFFEUR(`CHFID`,`CHFNOM`,`CHFPRENOM`,`CHFTEL`,`CHFMAIL`) VALUES ('7950','Peltier ','Paul ','0641896583 ','Paul.Peltier@gmail.com');
INSERT INTO COMMUNE(`VILID`,`VILNOM`) VALUES ('16950','Cergy ');
INSERT INTO LIEU(`LIEUID`,`VILID`,`LIEUNOM`) VALUES ('11950','16950','boballu');
INSERT INTO VEHICULE(`VEHIMMAT`,`VEHNOM`) VALUES ('GR632PA','Renault ');

INSERT INTO CHAUFFEUR(`CHFID`,`CHFNOM`,`CHFPRENOM`,`CHFTEL`,`CHFMAIL`) VALUES ('7960','Schmitt ','Gaspard ','0621454123 ','Gaspard.Schmitt@gmail.com');
INSERT INTO COMMUNE(`VILID`,`VILNOM`) VALUES ('16960','Domjean ');
INSERT INTO LIEU(`LIEUID`,`VILID`,`LIEUNOM`) VALUES ('11960','16960','tehuna');
INSERT INTO VEHICULE(`VEHIMMAT`,`VEHNOM`) VALUES ('QD452DQ','Citroen ');

INSERT INTO CHAUFFEUR(`CHFID`,`CHFNOM`,`CHFPRENOM`,`CHFTEL`,`CHFMAIL`) VALUES ('7970','Duhamel ','Léonie ','0625616389 ','Léonie.Duhamel@gmail.com');
INSERT INTO COMMUNE(`VILID`,`VILNOM`) VALUES ('16970','Châtelneuf ');
INSERT INTO LIEU(`LIEUID`,`VILID`,`LIEUNOM`) VALUES ('11970','16970','cymolupuh');
INSERT INTO VEHICULE(`VEHIMMAT`,`VEHNOM`) VALUES ('BI567KP','BMW ');

INSERT INTO CHAUFFEUR(`CHFID`,`CHFNOM`,`CHFPRENOM`,`CHFTEL`,`CHFMAIL`) VALUES ('7980','Schneider ','Clémence ','0603276343 ','Clémence.Schneider@gmail.com');
INSERT INTO COMMUNE(`VILID`,`VILNOM`) VALUES ('16980','Fultot ');
INSERT INTO LIEU(`LIEUID`,`VILID`,`LIEUNOM`) VALUES ('11980','16980','nnullannettut');
INSERT INTO VEHICULE(`VEHIMMAT`,`VEHNOM`) VALUES ('IF214TC','Citroen ');

INSERT INTO CHAUFFEUR(`CHFID`,`CHFNOM`,`CHFPRENOM`,`CHFTEL`,`CHFMAIL`) VALUES ('7990','Duhamel ','Zacharis ','0641896583 ','Zacharis.Duhamel@gmail.com');
INSERT INTO COMMUNE(`VILID`,`VILNOM`) VALUES ('16990','Broussy-le-Grand ');
INSERT INTO LIEU(`LIEUID`,`VILID`,`LIEUNOM`) VALUES ('11990','16990','gaddipp');
INSERT INTO VEHICULE(`VEHIMMAT`,`VEHNOM`) VALUES ('LQ987OT','Ford ');

INSERT INTO CHAUFFEUR(`CHFID`,`CHFNOM`,`CHFPRENOM`,`CHFTEL`,`CHFMAIL`) VALUES ('8000','Guillaume ','Élise ','0647694167 ','Élise.Guillaume@gmail.com');
INSERT INTO COMMUNE(`VILID`,`VILNOM`) VALUES ('17000','Barcelonnette ');
INSERT INTO LIEU(`LIEUID`,`VILID`,`LIEUNOM`) VALUES ('12000','17000','kobufenna');
INSERT INTO VEHICULE(`VEHIMMAT`,`VEHNOM`) VALUES ('DG743IL','Opel');

INSERT INTO CHAUFFEUR(`CHFID`,`CHFNOM`,`CHFPRENOM`,`CHFTEL`,`CHFMAIL`) VALUES ('8010','Devaux ','Paul ','0687816783 ','Paul.Devaux@gmail.com');
INSERT INTO COMMUNE(`VILID`,`VILNOM`) VALUES ('17010','Cheney ');
INSERT INTO LIEU(`LIEUID`,`VILID`,`LIEUNOM`) VALUES ('12010','17010','llanitt');
INSERT INTO VEHICULE(`VEHIMMAT`,`VEHNOM`) VALUES ('GR014DY','Fiat ');

INSERT INTO CHAUFFEUR(`CHFID`,`CHFNOM`,`CHFPRENOM`,`CHFTEL`,`CHFMAIL`) VALUES ('8020','Laine ','Antoine ','0647676529 ','Antoine.Laine@gmail.com');
INSERT INTO COMMUNE(`VILID`,`VILNOM`) VALUES ('17020','Bugarach ');
INSERT INTO LIEU(`LIEUID`,`VILID`,`LIEUNOM`) VALUES ('12020','17020','llybox');
INSERT INTO VEHICULE(`VEHIMMAT`,`VEHNOM`) VALUES ('FM709UV','Renault ');

INSERT INTO CHAUFFEUR(`CHFID`,`CHFNOM`,`CHFPRENOM`,`CHFTEL`,`CHFMAIL`) VALUES ('8030','Cordier ','Gilbert ','0603216743 ','Gilbert.Cordier@gmail.com');
INSERT INTO COMMUNE(`VILID`,`VILNOM`) VALUES ('17030','Jouy-Mauvoisin ');
INSERT INTO LIEU(`LIEUID`,`VILID`,`LIEUNOM`) VALUES ('12030','17030','xoxy');
INSERT INTO VEHICULE(`VEHIMMAT`,`VEHNOM`) VALUES ('HS585OZ','Fiat ');

INSERT INTO CHAUFFEUR(`CHFID`,`CHFNOM`,`CHFPRENOM`,`CHFTEL`,`CHFMAIL`) VALUES ('8040','Tanguy ','Katell ','0623874789 ','Katell.Tanguy@gmail.com');
INSERT INTO COMMUNE(`VILID`,`VILNOM`) VALUES ('17040','Lesches-en-Diois ');
INSERT INTO LIEU(`LIEUID`,`VILID`,`LIEUNOM`) VALUES ('12040','17040','ttillurowah');
INSERT INTO VEHICULE(`VEHIMMAT`,`VEHNOM`) VALUES ('CP856ZW','BMW ');

INSERT INTO CHAUFFEUR(`CHFID`,`CHFNOM`,`CHFPRENOM`,`CHFTEL`,`CHFMAIL`) VALUES ('8050','Blanchet ','Louis ','0607250367 ','Louis.Blanchet@gmail.com');
INSERT INTO COMMUNE(`VILID`,`VILNOM`) VALUES ('17050','Ambleville ');
INSERT INTO LIEU(`LIEUID`,`VILID`,`LIEUNOM`) VALUES ('12050','17050','mmike');
INSERT INTO VEHICULE(`VEHIMMAT`,`VEHNOM`) VALUES ('IJ232VK','Opel');

INSERT INTO CHAUFFEUR(`CHFID`,`CHFNOM`,`CHFPRENOM`,`CHFTEL`,`CHFMAIL`) VALUES ('8060','Vallee ','Baptiste ','0645454569 ','Baptiste.Vallee@gmail.com');
INSERT INTO COMMUNE(`VILID`,`VILNOM`) VALUES ('17060','Pia ');
INSERT INTO LIEU(`LIEUID`,`VILID`,`LIEUNOM`) VALUES ('12060','17060','llewes');
INSERT INTO VEHICULE(`VEHIMMAT`,`VEHNOM`) VALUES ('VM507EB','Fiat ');

INSERT INTO CHAUFFEUR(`CHFID`,`CHFNOM`,`CHFPRENOM`,`CHFTEL`,`CHFMAIL`) VALUES ('8070','Collin ','Timéo ','0623278767 ','Timéo.Collin@gmail.com');
INSERT INTO COMMUNE(`VILID`,`VILNOM`) VALUES ('17070','Delut ');
INSERT INTO LIEU(`LIEUID`,`VILID`,`LIEUNOM`) VALUES ('12070','17070','cissossirroz');
INSERT INTO VEHICULE(`VEHIMMAT`,`VEHNOM`) VALUES ('KP094DA','BMW ');

INSERT INTO CHAUFFEUR(`CHFID`,`CHFNOM`,`CHFPRENOM`,`CHFTEL`,`CHFMAIL`) VALUES ('8080','Coste ','Noë ','0687654907 ','Noë.Coste@gmail.com');
INSERT INTO COMMUNE(`VILID`,`VILNOM`) VALUES ('17080','Gelucourt ');
INSERT INTO LIEU(`LIEUID`,`VILID`,`LIEUNOM`) VALUES ('12080','17080','ssalaweppo');
INSERT INTO VEHICULE(`VEHIMMAT`,`VEHNOM`) VALUES ('EP676XE','BMW ');

INSERT INTO CHAUFFEUR(`CHFID`,`CHFNOM`,`CHFPRENOM`,`CHFTEL`,`CHFMAIL`) VALUES ('8090','Marion ','Thomas ','0641818385 ','Thomas.Marion@gmail.com');
INSERT INTO COMMUNE(`VILID`,`VILNOM`) VALUES ('17090','Villers-Faucon ');
INSERT INTO LIEU(`LIEUID`,`VILID`,`LIEUNOM`) VALUES ('12090','17090','lloppanommerr');
INSERT INTO VEHICULE(`VEHIMMAT`,`VEHNOM`) VALUES ('DU707YJ','BMW ');

INSERT INTO CHAUFFEUR(`CHFID`,`CHFNOM`,`CHFPRENOM`,`CHFTEL`,`CHFMAIL`) VALUES ('8100','Fischer ','Bruno ','0647676529 ','Bruno.Fischer@gmail.com');
INSERT INTO COMMUNE(`VILID`,`VILNOM`) VALUES ('17100','Lison ');
INSERT INTO LIEU(`LIEUID`,`VILID`,`LIEUNOM`) VALUES ('12100','17100','qavynamit');
INSERT INTO VEHICULE(`VEHIMMAT`,`VEHNOM`) VALUES ('GV892LU','Opel');

INSERT INTO CHAUFFEUR(`CHFID`,`CHFNOM`,`CHFPRENOM`,`CHFTEL`,`CHFMAIL`) VALUES ('8110','Jacques ','Lilian ','0629078325 ','Lilian.Jacques@gmail.com');
INSERT INTO COMMUNE(`VILID`,`VILNOM`) VALUES ('17110','Saint-Hilaire-sous-Romilly ');
INSERT INTO LIEU(`LIEUID`,`VILID`,`LIEUNOM`) VALUES ('12110','17110','ppicoqys');
INSERT INTO VEHICULE(`VEHIMMAT`,`VEHNOM`) VALUES ('NK149CH','BMW ');

INSERT INTO CHAUFFEUR(`CHFID`,`CHFNOM`,`CHFPRENOM`,`CHFTEL`,`CHFMAIL`) VALUES ('8120','Durand ','Julien ','0641818385 ','Julien.Durand@gmail.com');
INSERT INTO COMMUNE(`VILID`,`VILNOM`) VALUES ('17120','Saint-Rémy-en-Mauges ');
INSERT INTO LIEU(`LIEUID`,`VILID`,`LIEUNOM`) VALUES ('12120','17120','tovarin');
INSERT INTO VEHICULE(`VEHIMMAT`,`VEHNOM`) VALUES ('OB474RO','Ford ');

INSERT INTO CHAUFFEUR(`CHFID`,`CHFNOM`,`CHFPRENOM`,`CHFTEL`,`CHFMAIL`) VALUES ('8130','Remy ','Timothée ','0685054149 ','Timothée.Remy@gmail.com');
INSERT INTO COMMUNE(`VILID`,`VILNOM`) VALUES ('17130','Mulcey ');
INSERT INTO LIEU(`LIEUID`,`VILID`,`LIEUNOM`) VALUES ('12130','17130','kollissi');
INSERT INTO VEHICULE(`VEHIMMAT`,`VEHNOM`) VALUES ('IN274VE','BMW ');

INSERT INTO CHAUFFEUR(`CHFID`,`CHFNOM`,`CHFPRENOM`,`CHFTEL`,`CHFMAIL`) VALUES ('8140','Rousseau ','Julien ','0605018987 ','Julien.Rousseau@gmail.com');
INSERT INTO COMMUNE(`VILID`,`VILNOM`) VALUES ('17140','Loisieux ');
INSERT INTO LIEU(`LIEUID`,`VILID`,`LIEUNOM`) VALUES ('12140','17140','pizezala');
INSERT INTO VEHICULE(`VEHIMMAT`,`VEHNOM`) VALUES ('UL632BK','Opel');

INSERT INTO CHAUFFEUR(`CHFID`,`CHFNOM`,`CHFPRENOM`,`CHFTEL`,`CHFMAIL`) VALUES ('8150','Perret ','Martin ','0623032949 ','Martin.Perret@gmail.com');
INSERT INTO COMMUNE(`VILID`,`VILNOM`) VALUES ('17150','Monestrol ');
INSERT INTO LIEU(`LIEUID`,`VILID`,`LIEUNOM`) VALUES ('12150','17150','ppewubammas');
INSERT INTO VEHICULE(`VEHIMMAT`,`VEHNOM`) VALUES ('ZE969YZ','Citroen ');

INSERT INTO CHAUFFEUR(`CHFID`,`CHFNOM`,`CHFPRENOM`,`CHFTEL`,`CHFMAIL`) VALUES ('8160','Legrand ','Rosalie ','0605214141 ','Rosalie.Legrand@gmail.com');
INSERT INTO COMMUNE(`VILID`,`VILNOM`) VALUES ('17160','Morisel ');
INSERT INTO LIEU(`LIEUID`,`VILID`,`LIEUNOM`) VALUES ('12160','17160','pakeduppunn');
INSERT INTO VEHICULE(`VEHIMMAT`,`VEHNOM`) VALUES ('IL076DI','BMW ');

INSERT INTO CHAUFFEUR(`CHFID`,`CHFNOM`,`CHFPRENOM`,`CHFTEL`,`CHFMAIL`) VALUES ('8170','Roche ','Léo ','0681670345 ','Léo.Roche@gmail.com');
INSERT INTO COMMUNE(`VILID`,`VILNOM`) VALUES ('17170','Saint-Maurice-sur-Mortagne ');
INSERT INTO LIEU(`LIEUID`,`VILID`,`LIEUNOM`) VALUES ('12170','17170','nnazittes');
INSERT INTO VEHICULE(`VEHIMMAT`,`VEHNOM`) VALUES ('NM103MZ','Fiat ');

INSERT INTO CHAUFFEUR(`CHFID`,`CHFNOM`,`CHFPRENOM`,`CHFTEL`,`CHFMAIL`) VALUES ('8180','Hernandez ','Éloïse ','0641896583 ','Éloïse.Hernandez@gmail.com');
INSERT INTO COMMUNE(`VILID`,`VILNOM`) VALUES ('17180','Saint-Gervais-en-Belin ');
INSERT INTO LIEU(`LIEUID`,`VILID`,`LIEUNOM`) VALUES ('12180','17180','zehiqyrod');
INSERT INTO VEHICULE(`VEHIMMAT`,`VEHNOM`) VALUES ('CB632NY','Volkswagen ');

INSERT INTO CHAUFFEUR(`CHFID`,`CHFNOM`,`CHFPRENOM`,`CHFTEL`,`CHFMAIL`) VALUES ('8190','Buisson ','Samuel ','0681832383 ','Samuel.Buisson@gmail.com');
INSERT INTO COMMUNE(`VILID`,`VILNOM`) VALUES ('17190','Guillemont ');
INSERT INTO LIEU(`LIEUID`,`VILID`,`LIEUNOM`) VALUES ('12190','17190','laluhe');
INSERT INTO VEHICULE(`VEHIMMAT`,`VEHNOM`) VALUES ('OF670LM','BMW ');

INSERT INTO CHAUFFEUR(`CHFID`,`CHFNOM`,`CHFPRENOM`,`CHFTEL`,`CHFMAIL`) VALUES ('8200','Bouvier ','Léo ','0625874945 ','Léo.Bouvier@gmail.com');
INSERT INTO COMMUNE(`VILID`,`VILNOM`) VALUES ('17200','Colroy-la-Roche ');
INSERT INTO LIEU(`LIEUID`,`VILID`,`LIEUNOM`) VALUES ('12200','17200','roviru');
INSERT INTO VEHICULE(`VEHIMMAT`,`VEHNOM`) VALUES ('SH856VI','Ford ');

INSERT INTO CHAUFFEUR(`CHFID`,`CHFNOM`,`CHFPRENOM`,`CHFTEL`,`CHFMAIL`) VALUES ('8210','Bourdon ','Léo ','0689438129 ','Léo.Bourdon@gmail.com');
INSERT INTO COMMUNE(`VILID`,`VILNOM`) VALUES ('17210','Berneuil ');
INSERT INTO LIEU(`LIEUID`,`VILID`,`LIEUNOM`) VALUES ('12210','17210','mmajuffappe');
INSERT INTO VEHICULE(`VEHIMMAT`,`VEHNOM`) VALUES ('GD290HK','BMW ');

INSERT INTO CHAUFFEUR(`CHFID`,`CHFNOM`,`CHFPRENOM`,`CHFTEL`,`CHFMAIL`) VALUES ('8220','Michaud ','Nicolas ','0601812327 ','Nicolas.Michaud@gmail.com');
INSERT INTO COMMUNE(`VILID`,`VILNOM`) VALUES ('17220','Pontaubault ');
INSERT INTO LIEU(`LIEUID`,`VILID`,`LIEUNOM`) VALUES ('12220','17220','jadduh');
INSERT INTO VEHICULE(`VEHIMMAT`,`VEHNOM`) VALUES ('TO765OR','Volkswagen ');

INSERT INTO CHAUFFEUR(`CHFID`,`CHFNOM`,`CHFPRENOM`,`CHFTEL`,`CHFMAIL`) VALUES ('8230','Benoit ','Tristan ','0607898581 ','Tristan.Benoit@gmail.com');
INSERT INTO COMMUNE(`VILID`,`VILNOM`) VALUES ('17230','Thézillieu ');
INSERT INTO LIEU(`LIEUID`,`VILID`,`LIEUNOM`) VALUES ('12230','17230','taffow');
INSERT INTO VEHICULE(`VEHIMMAT`,`VEHNOM`) VALUES ('WP654FE','BMW ');

INSERT INTO CHAUFFEUR(`CHFID`,`CHFNOM`,`CHFPRENOM`,`CHFTEL`,`CHFMAIL`) VALUES ('8240','Humbert ','Fabrice ','0663252121 ','Fabrice.Humbert@gmail.com');
INSERT INTO COMMUNE(`VILID`,`VILNOM`) VALUES ('17240','La Chapelle-Baloue ');
INSERT INTO LIEU(`LIEUID`,`VILID`,`LIEUNOM`) VALUES ('12240','17240','puxahuvu');
INSERT INTO VEHICULE(`VEHIMMAT`,`VEHNOM`) VALUES ('SV816LU','Peugeot ');

INSERT INTO CHAUFFEUR(`CHFID`,`CHFNOM`,`CHFPRENOM`,`CHFTEL`,`CHFMAIL`) VALUES ('8250','Roger ','Alexandre ','0629872569 ','Alexandre.Roger@gmail.com');
INSERT INTO COMMUNE(`VILID`,`VILNOM`) VALUES ('17250','Saint-Paul-du-Bois ');
INSERT INTO LIEU(`LIEUID`,`VILID`,`LIEUNOM`) VALUES ('12250','17250','sewecex');
INSERT INTO VEHICULE(`VEHIMMAT`,`VEHNOM`) VALUES ('XG981MP','Fiat ');

INSERT INTO CHAUFFEUR(`CHFID`,`CHFNOM`,`CHFPRENOM`,`CHFTEL`,`CHFMAIL`) VALUES ('8260','Blanchard ','Colin ','0667278547 ','Colin.Blanchard@gmail.com');
INSERT INTO COMMUNE(`VILID`,`VILNOM`) VALUES ('17260','Voiteur ');
INSERT INTO LIEU(`LIEUID`,`VILID`,`LIEUNOM`) VALUES ('12260','17260','ditutec');
INSERT INTO VEHICULE(`VEHIMMAT`,`VEHNOM`) VALUES ('SV098ZY','Volkswagen ');

INSERT INTO CHAUFFEUR(`CHFID`,`CHFNOM`,`CHFPRENOM`,`CHFTEL`,`CHFMAIL`) VALUES ('8270','Lambert ','Félix ','0623874789 ','Félix.Lambert@gmail.com');
INSERT INTO COMMUNE(`VILID`,`VILNOM`) VALUES ('17270','Paimpont ');
INSERT INTO LIEU(`LIEUID`,`VILID`,`LIEUNOM`) VALUES ('12270','17270','qarryca');
INSERT INTO VEHICULE(`VEHIMMAT`,`VEHNOM`) VALUES ('WF452ZA','BMW ');

INSERT INTO CHAUFFEUR(`CHFID`,`CHFNOM`,`CHFPRENOM`,`CHFTEL`,`CHFMAIL`) VALUES ('8280','Fernandes ','Kylian ','0683072141 ','Kylian.Fernandes@gmail.com');
INSERT INTO COMMUNE(`VILID`,`VILNOM`) VALUES ('17280','Jarrier ');
INSERT INTO LIEU(`LIEUID`,`VILID`,`LIEUNOM`) VALUES ('12280','17280','ffoffuhynad');
INSERT INTO VEHICULE(`VEHIMMAT`,`VEHNOM`) VALUES ('VM989WN','Renault ');

INSERT INTO CHAUFFEUR(`CHFID`,`CHFNOM`,`CHFPRENOM`,`CHFTEL`,`CHFMAIL`) VALUES ('8290','Rossi ','Timothée ','0607898581 ','Timothée.Rossi@gmail.com');
INSERT INTO COMMUNE(`VILID`,`VILNOM`) VALUES ('17290','Girmont ');
INSERT INTO LIEU(`LIEUID`,`VILID`,`LIEUNOM`) VALUES ('12290','17290','zebamm');
INSERT INTO VEHICULE(`VEHIMMAT`,`VEHNOM`) VALUES ('WT290HO','Opel');

INSERT INTO CHAUFFEUR(`CHFID`,`CHFNOM`,`CHFPRENOM`,`CHFTEL`,`CHFMAIL`) VALUES ('8300','Laurent ','Paul ','0601892505 ','Paul.Laurent@gmail.com');
INSERT INTO COMMUNE(`VILID`,`VILNOM`) VALUES ('17300','Pouydraguin ');
INSERT INTO LIEU(`LIEUID`,`VILID`,`LIEUNOM`) VALUES ('12300','17300','cissaz');
INSERT INTO VEHICULE(`VEHIMMAT`,`VEHNOM`) VALUES ('NI147IR','Volkswagen ');

INSERT INTO CHAUFFEUR(`CHFID`,`CHFNOM`,`CHFPRENOM`,`CHFTEL`,`CHFMAIL`) VALUES ('8310','Clement ','Julien ','0601812327 ','Julien.Clement@gmail.com');
INSERT INTO COMMUNE(`VILID`,`VILNOM`) VALUES ('17310','Anchenoncourt-et-Chazel ');
INSERT INTO LIEU(`LIEUID`,`VILID`,`LIEUNOM`) VALUES ('12310','17310','mygiqemm');
INSERT INTO VEHICULE(`VEHIMMAT`,`VEHNOM`) VALUES ('YP012XW','Fiat ');

INSERT INTO CHAUFFEUR(`CHFID`,`CHFNOM`,`CHFPRENOM`,`CHFTEL`,`CHFMAIL`) VALUES ('8320','Gauthier ','Gaspard ','0665496505 ','Gaspard.Gauthier@gmail.com');
INSERT INTO COMMUNE(`VILID`,`VILNOM`) VALUES ('17320','Saint-Sulpice-de-Ruffec ');
INSERT INTO LIEU(`LIEUID`,`VILID`,`LIEUNOM`) VALUES ('12320','17320','silysodd');
INSERT INTO VEHICULE(`VEHIMMAT`,`VEHNOM`) VALUES ('NM161GL','Fiat ');

INSERT INTO CHAUFFEUR(`CHFID`,`CHFNOM`,`CHFPRENOM`,`CHFTEL`,`CHFMAIL`) VALUES ('8330','Joubert ','Nolan ','0681832383 ','Nolan.Joubert@gmail.com');
INSERT INTO COMMUNE(`VILID`,`VILNOM`) VALUES ('17330','Allemagne-en-Provence ');
INSERT INTO LIEU(`LIEUID`,`VILID`,`LIEUNOM`) VALUES ('12330','17330','hadajyp');
INSERT INTO VEHICULE(`VEHIMMAT`,`VEHNOM`) VALUES ('UF896VS','Citroen ');

INSERT INTO CHAUFFEUR(`CHFID`,`CHFNOM`,`CHFPRENOM`,`CHFTEL`,`CHFMAIL`) VALUES ('8340','Lacombe ','Roméo ','0683490385 ','Roméo.Lacombe@gmail.com');
INSERT INTO COMMUNE(`VILID`,`VILNOM`) VALUES ('17340','Saint-Pierre-des-Jonquières ');
INSERT INTO LIEU(`LIEUID`,`VILID`,`LIEUNOM`) VALUES ('12340','17340','ssiwuff');
INSERT INTO VEHICULE(`VEHIMMAT`,`VEHNOM`) VALUES ('JK987YX','Fiat ');

INSERT INTO CHAUFFEUR(`CHFID`,`CHFNOM`,`CHFPRENOM`,`CHFTEL`,`CHFMAIL`) VALUES ('8350','Gaudin ','Léo ','0605474541 ','Léo.Gaudin@gmail.com');
INSERT INTO COMMUNE(`VILID`,`VILNOM`) VALUES ('17350','Montalembert ');
INSERT INTO LIEU(`LIEUID`,`VILID`,`LIEUNOM`) VALUES ('12350','17350','tudda');
INSERT INTO VEHICULE(`VEHIMMAT`,`VEHNOM`) VALUES ('LA905YF','Peugeot ');

INSERT INTO CHAUFFEUR(`CHFID`,`CHFNOM`,`CHFPRENOM`,`CHFTEL`,`CHFMAIL`) VALUES ('8360','Jacquet ','Lana ','0607836589 ','Lana.Jacquet@gmail.com');
INSERT INTO COMMUNE(`VILID`,`VILNOM`) VALUES ('17360','Caunes-Minervois ');
INSERT INTO LIEU(`LIEUID`,`VILID`,`LIEUNOM`) VALUES ('12360','17360','tunnoqo');
INSERT INTO VEHICULE(`VEHIMMAT`,`VEHNOM`) VALUES ('HA767MT','Volkswagen ');

INSERT INTO CHAUFFEUR(`CHFID`,`CHFNOM`,`CHFPRENOM`,`CHFTEL`,`CHFMAIL`) VALUES ('8370','Henry ','David ','0661698701 ','David.Henry@gmail.com');
INSERT INTO COMMUNE(`VILID`,`VILNOM`) VALUES ('17370','Longages ');
INSERT INTO LIEU(`LIEUID`,`VILID`,`LIEUNOM`) VALUES ('12370','17370','warrid');
INSERT INTO VEHICULE(`VEHIMMAT`,`VEHNOM`) VALUES ('WP856XC','Citroen ');

INSERT INTO CHAUFFEUR(`CHFID`,`CHFNOM`,`CHFPRENOM`,`CHFTEL`,`CHFMAIL`) VALUES ('8380','Launay ','David ','0629078325 ','David.Launay@gmail.com');
INSERT INTO COMMUNE(`VILID`,`VILNOM`) VALUES ('17380','Ficaja ');
INSERT INTO LIEU(`LIEUID`,`VILID`,`LIEUNOM`) VALUES ('12380','17380','nekul');
INSERT INTO VEHICULE(`VEHIMMAT`,`VEHNOM`) VALUES ('XA787IT','Volkswagen ');

INSERT INTO CHAUFFEUR(`CHFID`,`CHFNOM`,`CHFPRENOM`,`CHFTEL`,`CHFMAIL`) VALUES ('8390','Carpentier ','Félix ','0605256709 ','Félix.Carpentier@gmail.com');
INSERT INTO COMMUNE(`VILID`,`VILNOM`) VALUES ('17390','Saint-Pierre-de-Semilly ');
INSERT INTO LIEU(`LIEUID`,`VILID`,`LIEUNOM`) VALUES ('12390','17390','ddurrefussev');
INSERT INTO VEHICULE(`VEHIMMAT`,`VEHNOM`) VALUES ('IL270DM','Renault ');

INSERT INTO CHAUFFEUR(`CHFID`,`CHFNOM`,`CHFPRENOM`,`CHFTEL`,`CHFMAIL`) VALUES ('8400','Vallee ','Florian ','0683490385 ','Florian.Vallee@gmail.com');
INSERT INTO COMMUNE(`VILID`,`VILNOM`) VALUES ('17400','Saumur ');
INSERT INTO LIEU(`LIEUID`,`VILID`,`LIEUNOM`) VALUES ('12400','17400','mmysebo');
INSERT INTO VEHICULE(`VEHIMMAT`,`VEHNOM`) VALUES ('WJ452FU','Opel');

INSERT INTO CHAUFFEUR(`CHFID`,`CHFNOM`,`CHFPRENOM`,`CHFTEL`,`CHFMAIL`) VALUES ('8410','Hamon ','Élouan ','0687816783 ','Élouan.Hamon@gmail.com');
INSERT INTO COMMUNE(`VILID`,`VILNOM`) VALUES ('17410','Sainteny ');
INSERT INTO LIEU(`LIEUID`,`VILID`,`LIEUNOM`) VALUES ('12410','17410','xullahad');
INSERT INTO VEHICULE(`VEHIMMAT`,`VEHNOM`) VALUES ('PK701AX','Volkswagen ');

INSERT INTO CHAUFFEUR(`CHFID`,`CHFNOM`,`CHFPRENOM`,`CHFTEL`,`CHFMAIL`) VALUES ('8420','Laporte ','Noë ','0685054149 ','Noë.Laporte@gmail.com');
INSERT INTO COMMUNE(`VILID`,`VILNOM`) VALUES ('17420','Lappion ');
INSERT INTO LIEU(`LIEUID`,`VILID`,`LIEUNOM`) VALUES ('12420','17420','bappox');
INSERT INTO VEHICULE(`VEHIMMAT`,`VEHNOM`) VALUES ('AR814ZM','Renault ');

INSERT INTO CHAUFFEUR(`CHFID`,`CHFNOM`,`CHFPRENOM`,`CHFTEL`,`CHFMAIL`) VALUES ('8430','Hernandez ','Noah ','0663476341 ','Noah.Hernandez@gmail.com');
INSERT INTO COMMUNE(`VILID`,`VILNOM`) VALUES ('17430','Ohis ');
INSERT INTO LIEU(`LIEUID`,`VILID`,`LIEUNOM`) VALUES ('12430','17430','zyppaga');
INSERT INTO VEHICULE(`VEHIMMAT`,`VEHNOM`) VALUES ('OJ690RG','Opel');

INSERT INTO CHAUFFEUR(`CHFID`,`CHFNOM`,`CHFPRENOM`,`CHFTEL`,`CHFMAIL`) VALUES ('8440','Charpentier ','Florentin ','0685636581 ','Florentin.Charpentier@gmail.com');
INSERT INTO COMMUNE(`VILID`,`VILNOM`) VALUES ('17440','Marcenod ');
INSERT INTO LIEU(`LIEUID`,`VILID`,`LIEUNOM`) VALUES ('12440','17440','nowuq');
INSERT INTO VEHICULE(`VEHIMMAT`,`VEHNOM`) VALUES ('BU589WD','Renault ');

INSERT INTO CHAUFFEUR(`CHFID`,`CHFNOM`,`CHFPRENOM`,`CHFTEL`,`CHFMAIL`) VALUES ('8450','Allard ','Aaron ','0645454569 ','Aaron.Allard@gmail.com');
INSERT INTO COMMUNE(`VILID`,`VILNOM`) VALUES ('17450','Fréjeville ');
INSERT INTO LIEU(`LIEUID`,`VILID`,`LIEUNOM`) VALUES ('12450','17450','fecy');
INSERT INTO VEHICULE(`VEHIMMAT`,`VEHNOM`) VALUES ('RG969YJ','Fiat ');

INSERT INTO CHAUFFEUR(`CHFID`,`CHFNOM`,`CHFPRENOM`,`CHFTEL`,`CHFMAIL`) VALUES ('8460','Remy ','Martin ','0605214141 ','Martin.Remy@gmail.com');
INSERT INTO COMMUNE(`VILID`,`VILNOM`) VALUES ('17460','Le Plessis-Brion ');
INSERT INTO LIEU(`LIEUID`,`VILID`,`LIEUNOM`) VALUES ('12460','17460','ttovurrallymm');
INSERT INTO VEHICULE(`VEHIMMAT`,`VEHNOM`) VALUES ('KP430FM','Opel');

INSERT INTO CHAUFFEUR(`CHFID`,`CHFNOM`,`CHFPRENOM`,`CHFTEL`,`CHFMAIL`) VALUES ('8470','Legrand ','Dorian ','0605018987 ','Dorian.Legrand@gmail.com');
INSERT INTO COMMUNE(`VILID`,`VILNOM`) VALUES ('17470','Oyes ');
INSERT INTO LIEU(`LIEUID`,`VILID`,`LIEUNOM`) VALUES ('12470','17470','fyddeva');
INSERT INTO VEHICULE(`VEHIMMAT`,`VEHNOM`) VALUES ('AT278DA','Ford ');

INSERT INTO CHAUFFEUR(`CHFID`,`CHFNOM`,`CHFPRENOM`,`CHFTEL`,`CHFMAIL`) VALUES ('8480','Fournier ','Maxime ','0683878723 ','Maxime.Fournier@gmail.com');
INSERT INTO COMMUNE(`VILID`,`VILNOM`) VALUES ('17480','Rouffignac-de-Sigoulès ');
INSERT INTO LIEU(`LIEUID`,`VILID`,`LIEUNOM`) VALUES ('12480','17480','sedossoffim');
INSERT INTO VEHICULE(`VEHIMMAT`,`VEHNOM`) VALUES ('JK103GB','BMW ');

INSERT INTO CHAUFFEUR(`CHFID`,`CHFNOM`,`CHFPRENOM`,`CHFTEL`,`CHFMAIL`) VALUES ('8490','Nicolas ','Rayane ','0687412529 ','Rayane.Nicolas@gmail.com');
INSERT INTO COMMUNE(`VILID`,`VILNOM`) VALUES ('17490','Payros-Cazautets ');
INSERT INTO LIEU(`LIEUID`,`VILID`,`LIEUNOM`) VALUES ('12490','17490','ssidiwojal');
INSERT INTO VEHICULE(`VEHIMMAT`,`VEHNOM`) VALUES ('KT478TG','Renault ');

INSERT INTO CHAUFFEUR(`CHFID`,`CHFNOM`,`CHFPRENOM`,`CHFTEL`,`CHFMAIL`) VALUES ('8500','Vasseur ','Alexandre ','0689438129 ','Alexandre.Vasseur@gmail.com');
INSERT INTO COMMUNE(`VILID`,`VILNOM`) VALUES ('17500','Besançon ');
INSERT INTO LIEU(`LIEUID`,`VILID`,`LIEUNOM`) VALUES ('12500','17500','qalal');
INSERT INTO VEHICULE(`VEHIMMAT`,`VEHNOM`) VALUES ('FQ903KT','Fiat ');

INSERT INTO CHAUFFEUR(`CHFID`,`CHFNOM`,`CHFPRENOM`,`CHFTEL`,`CHFMAIL`) VALUES ('8510','Noel ','Pauline ','0601298507 ','Pauline.Noel@gmail.com');
INSERT INTO COMMUNE(`VILID`,`VILNOM`) VALUES ('17510','Bricqueville-sur-Mer ');
INSERT INTO LIEU(`LIEUID`,`VILID`,`LIEUNOM`) VALUES ('12510','17510','fizaddas');
INSERT INTO VEHICULE(`VEHIMMAT`,`VEHNOM`) VALUES ('UF276RC','Volkswagen ');

INSERT INTO CHAUFFEUR(`CHFID`,`CHFNOM`,`CHFPRENOM`,`CHFTEL`,`CHFMAIL`) VALUES ('8520','Allain ','David ','0603412989 ','David.Allain@gmail.com');
INSERT INTO COMMUNE(`VILID`,`VILNOM`) VALUES ('17520','Thonnance-les-Moulins ');
INSERT INTO LIEU(`LIEUID`,`VILID`,`LIEUNOM`) VALUES ('12520','17520','wuzowy');
INSERT INTO VEHICULE(`VEHIMMAT`,`VEHNOM`) VALUES ('CN432ZO','Fiat ');

INSERT INTO CHAUFFEUR(`CHFID`,`CHFNOM`,`CHFPRENOM`,`CHFTEL`,`CHFMAIL`) VALUES ('8530','Blanchet ','Katell ','0687412529 ','Katell.Blanchet@gmail.com');
INSERT INTO COMMUNE(`VILID`,`VILNOM`) VALUES ('17530','Vittonville ');
INSERT INTO LIEU(`LIEUID`,`VILID`,`LIEUNOM`) VALUES ('12530','17530','nneppy');
INSERT INTO VEHICULE(`VEHIMMAT`,`VEHNOM`) VALUES ('QZ676NW','Volkswagen ');

INSERT INTO CHAUFFEUR(`CHFID`,`CHFNOM`,`CHFPRENOM`,`CHFTEL`,`CHFMAIL`) VALUES ('8540','Maurice ','Émile ','0601470529 ','Émile.Maurice@gmail.com');
INSERT INTO COMMUNE(`VILID`,`VILNOM`) VALUES ('17540','Doeuil-sur-le-Mignon ');
INSERT INTO LIEU(`LIEUID`,`VILID`,`LIEUNOM`) VALUES ('12540','17540','xussihisann');
INSERT INTO VEHICULE(`VEHIMMAT`,`VEHNOM`) VALUES ('ZS529MH','Citroen ');

INSERT INTO CHAUFFEUR(`CHFID`,`CHFNOM`,`CHFPRENOM`,`CHFTEL`,`CHFMAIL`) VALUES ('8550','Hamon ','Jules ','0641896583 ','Jules.Hamon@gmail.com');
INSERT INTO COMMUNE(`VILID`,`VILNOM`) VALUES ('17550','Marquixanes ');
INSERT INTO LIEU(`LIEUID`,`VILID`,`LIEUNOM`) VALUES ('12550','17550','nonnuh');
INSERT INTO VEHICULE(`VEHIMMAT`,`VEHNOM`) VALUES ('WH634JW','Fiat ');

INSERT INTO CHAUFFEUR(`CHFID`,`CHFNOM`,`CHFPRENOM`,`CHFTEL`,`CHFMAIL`) VALUES ('8560','Blanc ','Davy ','0645012307 ','Davy.Blanc@gmail.com');
INSERT INTO COMMUNE(`VILID`,`VILNOM`) VALUES ('17560','Lizine ');
INSERT INTO LIEU(`LIEUID`,`VILID`,`LIEUNOM`) VALUES ('12560','17560','lawaffa');
INSERT INTO VEHICULE(`VEHIMMAT`,`VEHNOM`) VALUES ('CH432VS','Fiat ');

INSERT INTO CHAUFFEUR(`CHFID`,`CHFNOM`,`CHFPRENOM`,`CHFTEL`,`CHFMAIL`) VALUES ('8570','Marchal ','Kilian ','0601812327 ','Kilian.Marchal@gmail.com');
INSERT INTO COMMUNE(`VILID`,`VILNOM`) VALUES ('17570','Quinsac ');
INSERT INTO LIEU(`LIEUID`,`VILID`,`LIEUNOM`) VALUES ('12570','17570','qigydale');
INSERT INTO VEHICULE(`VEHIMMAT`,`VEHNOM`) VALUES ('MP032VI','Opel');

INSERT INTO CHAUFFEUR(`CHFID`,`CHFNOM`,`CHFPRENOM`,`CHFTEL`,`CHFMAIL`) VALUES ('8580','Robin ','Killian ','0601878309 ','Killian.Robin@gmail.com');
INSERT INTO COMMUNE(`VILID`,`VILNOM`) VALUES ('17580','Haulies ');
INSERT INTO LIEU(`LIEUID`,`VILID`,`LIEUNOM`) VALUES ('12580','17580','zice');
INSERT INTO VEHICULE(`VEHIMMAT`,`VEHNOM`) VALUES ('CR218HW','Peugeot ');

INSERT INTO CHAUFFEUR(`CHFID`,`CHFNOM`,`CHFPRENOM`,`CHFTEL`,`CHFMAIL`) VALUES ('8590','Roche ','Capucine ','0605256709 ','Capucine.Roche@gmail.com');
INSERT INTO COMMUNE(`VILID`,`VILNOM`) VALUES ('17590','Saint-Didier-de-Bizonnes ');
INSERT INTO LIEU(`LIEUID`,`VILID`,`LIEUNOM`) VALUES ('12590','17590','kiha');
INSERT INTO VEHICULE(`VEHIMMAT`,`VEHNOM`) VALUES ('MP634DE','Renault ');

INSERT INTO CHAUFFEUR(`CHFID`,`CHFNOM`,`CHFPRENOM`,`CHFTEL`,`CHFMAIL`) VALUES ('8600','Charpentier ','Nathan ','0685034341 ','Nathan.Charpentier@gmail.com');
INSERT INTO COMMUNE(`VILID`,`VILNOM`) VALUES ('17600','Blaise-sous-Arzillières ');
INSERT INTO LIEU(`LIEUID`,`VILID`,`LIEUNOM`) VALUES ('12600','17600','cinne');
INSERT INTO VEHICULE(`VEHIMMAT`,`VEHNOM`) VALUES ('YZ050TA','Peugeot ');

INSERT INTO CHAUFFEUR(`CHFID`,`CHFNOM`,`CHFPRENOM`,`CHFTEL`,`CHFMAIL`) VALUES ('8610','Bruneau ','Amélie ','0663476341 ','Amélie.Bruneau@gmail.com');
INSERT INTO COMMUNE(`VILID`,`VILNOM`) VALUES ('17610','Ogenne-Camptort ');
INSERT INTO LIEU(`LIEUID`,`VILID`,`LIEUNOM`) VALUES ('12610','17610','ssisepasam');
INSERT INTO VEHICULE(`VEHIMMAT`,`VEHNOM`) VALUES ('DS589GZ','Volkswagen ');

INSERT INTO CHAUFFEUR(`CHFID`,`CHFNOM`,`CHFPRENOM`,`CHFTEL`,`CHFMAIL`) VALUES ('8620','Gilbert ','Titouan ','0687654907 ','Titouan.Gilbert@gmail.com');
INSERT INTO COMMUNE(`VILID`,`VILNOM`) VALUES ('17620','Soumaintrain ');
INSERT INTO LIEU(`LIEUID`,`VILID`,`LIEUNOM`) VALUES ('12620','17620','llitohynno');
INSERT INTO VEHICULE(`VEHIMMAT`,`VEHNOM`) VALUES ('TC325MN','BMW ');

INSERT INTO CHAUFFEUR(`CHFID`,`CHFNOM`,`CHFPRENOM`,`CHFTEL`,`CHFMAIL`) VALUES ('8630','Ollivier ','Jules ','0643030121 ','Jules.Ollivier@gmail.com');
INSERT INTO COMMUNE(`VILID`,`VILNOM`) VALUES ('17630','Saon ');
INSERT INTO LIEU(`LIEUID`,`VILID`,`LIEUNOM`) VALUES ('12630','17630','hulluqig');
INSERT INTO VEHICULE(`VEHIMMAT`,`VEHNOM`) VALUES ('ID618NQ','Ford ');

INSERT INTO CHAUFFEUR(`CHFID`,`CHFNOM`,`CHFPRENOM`,`CHFTEL`,`CHFMAIL`) VALUES ('8640','Lenoir ','Dimitri ','0605214141 ','Dimitri.Lenoir@gmail.com');
INSERT INTO COMMUNE(`VILID`,`VILNOM`) VALUES ('17640','By ');
INSERT INTO LIEU(`LIEUID`,`VILID`,`LIEUNOM`) VALUES ('12640','17640','kabopamm');
INSERT INTO VEHICULE(`VEHIMMAT`,`VEHNOM`) VALUES ('BO783OL','Citroen ');

INSERT INTO CHAUFFEUR(`CHFID`,`CHFNOM`,`CHFPRENOM`,`CHFTEL`,`CHFMAIL`) VALUES ('8650','Evrard ','Bastien ','0683234945 ','Bastien.Evrard@gmail.com');
INSERT INTO COMMUNE(`VILID`,`VILNOM`) VALUES ('17650','Poulx ');
INSERT INTO LIEU(`LIEUID`,`VILID`,`LIEUNOM`) VALUES ('12650','17650','xennimmawin');
INSERT INTO VEHICULE(`VEHIMMAT`,`VEHNOM`) VALUES ('OR234LW','Renault ');

INSERT INTO CHAUFFEUR(`CHFID`,`CHFNOM`,`CHFPRENOM`,`CHFTEL`,`CHFMAIL`) VALUES ('8660','Herve ','Noë ','0647212943 ','Noë.Herve@gmail.com');
INSERT INTO COMMUNE(`VILID`,`VILNOM`) VALUES ('17660','Fontenelle ');
INSERT INTO LIEU(`LIEUID`,`VILID`,`LIEUNOM`) VALUES ('12660','17660','hiharikez');
INSERT INTO VEHICULE(`VEHIMMAT`,`VEHNOM`) VALUES ('DI327GJ','Ford ');

INSERT INTO CHAUFFEUR(`CHFID`,`CHFNOM`,`CHFPRENOM`,`CHFTEL`,`CHFMAIL`) VALUES ('8670','Bernard ','Thibault ','0687412529 ','Thibault.Bernard@gmail.com');
INSERT INTO COMMUNE(`VILID`,`VILNOM`) VALUES ('17670','Rions ');
INSERT INTO LIEU(`LIEUID`,`VILID`,`LIEUNOM`) VALUES ('12670','17670','xuffun');
INSERT INTO VEHICULE(`VEHIMMAT`,`VEHNOM`) VALUES ('OB212BO','Volkswagen ');

INSERT INTO CHAUFFEUR(`CHFID`,`CHFNOM`,`CHFPRENOM`,`CHFTEL`,`CHFMAIL`) VALUES ('8680','Bourgeois ','Manon ','0627432101 ','Manon.Bourgeois@gmail.com');
INSERT INTO COMMUNE(`VILID`,`VILNOM`) VALUES ('17680','Sames ');
INSERT INTO LIEU(`LIEUID`,`VILID`,`LIEUNOM`) VALUES ('12680','17680','mmossu');
INSERT INTO VEHICULE(`VEHIMMAT`,`VEHNOM`) VALUES ('IT874ZK','Citroen ');

INSERT INTO CHAUFFEUR(`CHFID`,`CHFNOM`,`CHFPRENOM`,`CHFTEL`,`CHFMAIL`) VALUES ('8690','Laine ','Valentin ','0647212585 ','Valentin.Laine@gmail.com');
INSERT INTO COMMUNE(`VILID`,`VILNOM`) VALUES ('17690','Nissan-lez-Enserune ');
INSERT INTO LIEU(`LIEUID`,`VILID`,`LIEUNOM`) VALUES ('12690','17690','gilattof');
INSERT INTO VEHICULE(`VEHIMMAT`,`VEHNOM`) VALUES ('FY549SX','Ford ');

INSERT INTO CHAUFFEUR(`CHFID`,`CHFNOM`,`CHFPRENOM`,`CHFTEL`,`CHFMAIL`) VALUES ('8700','Tanguy ','Léon ','0663476341 ','Léon.Tanguy@gmail.com');
INSERT INTO COMMUNE(`VILID`,`VILNOM`) VALUES ('17700','Antras ');
INSERT INTO LIEU(`LIEUID`,`VILID`,`LIEUNOM`) VALUES ('12700','17700','xebegudo');
INSERT INTO VEHICULE(`VEHIMMAT`,`VEHNOM`) VALUES ('FC345MT','Fiat ');

INSERT INTO CHAUFFEUR(`CHFID`,`CHFNOM`,`CHFPRENOM`,`CHFTEL`,`CHFMAIL`) VALUES ('8710','Millet ','Nathan ','0623416301 ','Nathan.Millet@gmail.com');
INSERT INTO COMMUNE(`VILID`,`VILNOM`) VALUES ('17710','Marais-Vernier ');
INSERT INTO LIEU(`LIEUID`,`VILID`,`LIEUNOM`) VALUES ('12710','17710','syrrott');
INSERT INTO VEHICULE(`VEHIMMAT`,`VEHNOM`) VALUES ('CD850RI','BMW ');

INSERT INTO CHAUFFEUR(`CHFID`,`CHFNOM`,`CHFPRENOM`,`CHFTEL`,`CHFMAIL`) VALUES ('8720','Lamy ','Hugo ','0681694949 ','Hugo.Lamy@gmail.com');
INSERT INTO COMMUNE(`VILID`,`VILNOM`) VALUES ('17720','Saint-Même-les-Carrières ');
INSERT INTO LIEU(`LIEUID`,`VILID`,`LIEUNOM`) VALUES ('12720','17720','wupa');
INSERT INTO VEHICULE(`VEHIMMAT`,`VEHNOM`) VALUES ('UD472LE','Opel');

INSERT INTO CHAUFFEUR(`CHFID`,`CHFNOM`,`CHFPRENOM`,`CHFTEL`,`CHFMAIL`) VALUES ('8730','Lemaire ','Clément ','0645610725 ','Clément.Lemaire@gmail.com');
INSERT INTO COMMUNE(`VILID`,`VILNOM`) VALUES ('17730','Rancogne ');
INSERT INTO LIEU(`LIEUID`,`VILID`,`LIEUNOM`) VALUES ('12730','17730','laffusa');
INSERT INTO VEHICULE(`VEHIMMAT`,`VEHNOM`) VALUES ('ER818BS','Citroen ');

INSERT INTO CHAUFFEUR(`CHFID`,`CHFNOM`,`CHFPRENOM`,`CHFTEL`,`CHFMAIL`) VALUES ('8740','Schneider ','Simon ','0665850981 ','Simon.Schneider@gmail.com');
INSERT INTO COMMUNE(`VILID`,`VILNOM`) VALUES ('17740','Bilhères ');
INSERT INTO LIEU(`LIEUID`,`VILID`,`LIEUNOM`) VALUES ('12740','17740','tamymm');
INSERT INTO VEHICULE(`VEHIMMAT`,`VEHNOM`) VALUES ('TK365YH','Peugeot ');

INSERT INTO CHAUFFEUR(`CHFID`,`CHFNOM`,`CHFPRENOM`,`CHFTEL`,`CHFMAIL`) VALUES ('8750','Lebreton ','Tristan ','0605214141 ','Tristan.Lebreton@gmail.com');
INSERT INTO COMMUNE(`VILID`,`VILNOM`) VALUES ('17750','Saint-Pierre-d\'Entremont ');
INSERT INTO LIEU(`LIEUID`,`VILID`,`LIEUNOM`) VALUES ('12750','17750','cerri');
INSERT INTO VEHICULE(`VEHIMMAT`,`VEHNOM`) VALUES ('DM941IT','Opel');

INSERT INTO CHAUFFEUR(`CHFID`,`CHFNOM`,`CHFPRENOM`,`CHFTEL`,`CHFMAIL`) VALUES ('8760','Marty ','Solene ','0689852943 ','Solene.Marty@gmail.com');
INSERT INTO COMMUNE(`VILID`,`VILNOM`) VALUES ('17760','Saint-Aignan ');
INSERT INTO LIEU(`LIEUID`,`VILID`,`LIEUNOM`) VALUES ('12760','17760','nnivom');
INSERT INTO VEHICULE(`VEHIMMAT`,`VEHNOM`) VALUES ('WT056HI','Citroen ');

INSERT INTO CHAUFFEUR(`CHFID`,`CHFNOM`,`CHFPRENOM`,`CHFTEL`,`CHFMAIL`) VALUES ('8770','Boulanger ','Noah ','0629454701 ','Noah.Boulanger@gmail.com');
INSERT INTO COMMUNE(`VILID`,`VILNOM`) VALUES ('17770','Servigny-lès-Raville ');
INSERT INTO LIEU(`LIEUID`,`VILID`,`LIEUNOM`) VALUES ('12770','17770','rrellabev');
INSERT INTO VEHICULE(`VEHIMMAT`,`VEHNOM`) VALUES ('JW543WT','BMW ');

INSERT INTO CHAUFFEUR(`CHFID`,`CHFNOM`,`CHFPRENOM`,`CHFTEL`,`CHFMAIL`) VALUES ('8780','Renaud ','Aaron ','0625850541 ','Aaron.Renaud@gmail.com');
INSERT INTO COMMUNE(`VILID`,`VILNOM`) VALUES ('17780','Champignol-lez-Mondeville ');
INSERT INTO LIEU(`LIEUID`,`VILID`,`LIEUNOM`) VALUES ('12780','17780','jyffe');
INSERT INTO VEHICULE(`VEHIMMAT`,`VEHNOM`) VALUES ('RC961IB','Opel');

INSERT INTO CHAUFFEUR(`CHFID`,`CHFNOM`,`CHFPRENOM`,`CHFTEL`,`CHFMAIL`) VALUES ('8790','Antoine ','Romain ','0625616389 ','Romain.Antoine@gmail.com');
INSERT INTO COMMUNE(`VILID`,`VILNOM`) VALUES ('17790','Osne-le-Val ');
INSERT INTO LIEU(`LIEUID`,`VILID`,`LIEUNOM`) VALUES ('12790','17790','relutak');
INSERT INTO VEHICULE(`VEHIMMAT`,`VEHNOM`) VALUES ('QP674TE','Citroen ');

INSERT INTO CHAUFFEUR(`CHFID`,`CHFNOM`,`CHFPRENOM`,`CHFTEL`,`CHFMAIL`) VALUES ('8800','Vidal ','Gaspard ','0621052761 ','Gaspard.Vidal@gmail.com');
INSERT INTO COMMUNE(`VILID`,`VILNOM`) VALUES ('17800','Aleyrac ');
INSERT INTO LIEU(`LIEUID`,`VILID`,`LIEUNOM`) VALUES ('12800','17800','ddillilullab');
INSERT INTO VEHICULE(`VEHIMMAT`,`VEHNOM`) VALUES ('LC741GP','Volkswagen ');

INSERT INTO CHAUFFEUR(`CHFID`,`CHFNOM`,`CHFPRENOM`,`CHFTEL`,`CHFMAIL`) VALUES ('8810','Laine ','Malo ','0629078325 ','Malo.Laine@gmail.com');
INSERT INTO COMMUNE(`VILID`,`VILNOM`) VALUES ('17810','Calan ');
INSERT INTO LIEU(`LIEUID`,`VILID`,`LIEUNOM`) VALUES ('12810','17810','rremob');
INSERT INTO VEHICULE(`VEHIMMAT`,`VEHNOM`) VALUES ('OT692BE','BMW ');

INSERT INTO CHAUFFEUR(`CHFID`,`CHFNOM`,`CHFPRENOM`,`CHFTEL`,`CHFMAIL`) VALUES ('8820','Adam ','Mathieu ','0685874383 ','Mathieu.Adam@gmail.com');
INSERT INTO COMMUNE(`VILID`,`VILNOM`) VALUES ('17820','Falicon ');
INSERT INTO LIEU(`LIEUID`,`VILID`,`LIEUNOM`) VALUES ('12820','17820','wokinnot');
INSERT INTO VEHICULE(`VEHIMMAT`,`VEHNOM`) VALUES ('RU343EF','Renault ');

INSERT INTO CHAUFFEUR(`CHFID`,`CHFNOM`,`CHFPRENOM`,`CHFTEL`,`CHFMAIL`) VALUES ('8830','Lebrun ','Corentin ','0687410981 ','Corentin.Lebrun@gmail.com');
INSERT INTO COMMUNE(`VILID`,`VILNOM`) VALUES ('17830','Doncières ');
INSERT INTO LIEU(`LIEUID`,`VILID`,`LIEUNOM`) VALUES ('12830','17830','ttimessamm');
INSERT INTO VEHICULE(`VEHIMMAT`,`VEHNOM`) VALUES ('WV610HI','Fiat ');

INSERT INTO CHAUFFEUR(`CHFID`,`CHFNOM`,`CHFPRENOM`,`CHFTEL`,`CHFMAIL`) VALUES ('8840','Charrier ','Nathalie ','0687412529 ','Nathalie.Charrier@gmail.com');
INSERT INTO COMMUNE(`VILID`,`VILNOM`) VALUES ('17840','Loreto-di-Tallano ');
INSERT INTO LIEU(`LIEUID`,`VILID`,`LIEUNOM`) VALUES ('12840','17840','bifajyrruff');
INSERT INTO VEHICULE(`VEHIMMAT`,`VEHNOM`) VALUES ('RE141OJ','Volkswagen ');

INSERT INTO CHAUFFEUR(`CHFID`,`CHFNOM`,`CHFPRENOM`,`CHFTEL`,`CHFMAIL`) VALUES ('8850','Chevallier ','Quentin ','0641818385 ','Quentin.Chevallier@gmail.com');
INSERT INTO COMMUNE(`VILID`,`VILNOM`) VALUES ('17850','Coingt ');
INSERT INTO LIEU(`LIEUID`,`VILID`,`LIEUNOM`) VALUES ('12850','17850','kihel');
INSERT INTO VEHICULE(`VEHIMMAT`,`VEHNOM`) VALUES ('CX216PO','Volkswagen ');

INSERT INTO CHAUFFEUR(`CHFID`,`CHFNOM`,`CHFPRENOM`,`CHFTEL`,`CHFMAIL`) VALUES ('8860','Marty ','Rayane ','0689438129 ','Rayane.Marty@gmail.com');
INSERT INTO COMMUNE(`VILID`,`VILNOM`) VALUES ('17860','Fontaine-la-Soret ');
INSERT INTO LIEU(`LIEUID`,`VILID`,`LIEUNOM`) VALUES ('12860','17860','nillovyv');
INSERT INTO VEHICULE(`VEHIMMAT`,`VEHNOM`) VALUES ('FO347MV','BMW ');

INSERT INTO CHAUFFEUR(`CHFID`,`CHFNOM`,`CHFPRENOM`,`CHFTEL`,`CHFMAIL`) VALUES ('8870','Maillard ','Lana ','0687412529 ','Lana.Maillard@gmail.com');
INSERT INTO COMMUNE(`VILID`,`VILNOM`) VALUES ('17870','Champ-du-Boult ');
INSERT INTO LIEU(`LIEUID`,`VILID`,`LIEUNOM`) VALUES ('12870','17870','ddoppibico');
INSERT INTO VEHICULE(`VEHIMMAT`,`VEHNOM`) VALUES ('ZQ581WD','Peugeot ');

INSERT INTO CHAUFFEUR(`CHFID`,`CHFNOM`,`CHFPRENOM`,`CHFTEL`,`CHFMAIL`) VALUES ('8880','Carpentier ','Julien ','0623238167 ','Julien.Carpentier@gmail.com');
INSERT INTO COMMUNE(`VILID`,`VILNOM`) VALUES ('17880','La Chapelle-Réanville ');
INSERT INTO LIEU(`LIEUID`,`VILID`,`LIEUNOM`) VALUES ('12880','17880','tteqe');
INSERT INTO VEHICULE(`VEHIMMAT`,`VEHNOM`) VALUES ('VW105YR','Volkswagen ');

INSERT INTO CHAUFFEUR(`CHFID`,`CHFNOM`,`CHFPRENOM`,`CHFTEL`,`CHFMAIL`) VALUES ('8890','Leclercq ','Jasmine ','0683072141 ','Jasmine.Leclercq@gmail.com');
INSERT INTO COMMUNE(`VILID`,`VILNOM`) VALUES ('17890','Brans ');
INSERT INTO LIEU(`LIEUID`,`VILID`,`LIEUNOM`) VALUES ('12890','17890','biwo');
INSERT INTO VEHICULE(`VEHIMMAT`,`VEHNOM`) VALUES ('JA961GL','Volkswagen ');

INSERT INTO CHAUFFEUR(`CHFID`,`CHFNOM`,`CHFPRENOM`,`CHFTEL`,`CHFMAIL`) VALUES ('8900','Brunet ','Tatiana ','0607614965 ','Tatiana.Brunet@gmail.com');
INSERT INTO COMMUNE(`VILID`,`VILNOM`) VALUES ('17900','Saint-Calez-en-Saosnois ');
INSERT INTO LIEU(`LIEUID`,`VILID`,`LIEUNOM`) VALUES ('12900','17900','mmolommu');
INSERT INTO VEHICULE(`VEHIMMAT`,`VEHNOM`) VALUES ('ZK303AH','BMW ');

INSERT INTO CHAUFFEUR(`CHFID`,`CHFNOM`,`CHFPRENOM`,`CHFTEL`,`CHFMAIL`) VALUES ('8910','Rolland ','Alice ','0689852943 ','Alice.Rolland@gmail.com');
INSERT INTO COMMUNE(`VILID`,`VILNOM`) VALUES ('17910','Marizy ');
INSERT INTO LIEU(`LIEUID`,`VILID`,`LIEUNOM`) VALUES ('12910','17910','xisse');
INSERT INTO VEHICULE(`VEHIMMAT`,`VEHNOM`) VALUES ('TY325SL','Volkswagen ');

INSERT INTO CHAUFFEUR(`CHFID`,`CHFNOM`,`CHFPRENOM`,`CHFTEL`,`CHFMAIL`) VALUES ('8920','Guerin ','Élouan ','0687410981 ','Élouan.Guerin@gmail.com');
INSERT INTO COMMUNE(`VILID`,`VILNOM`) VALUES ('17920','Massognes ');
INSERT INTO LIEU(`LIEUID`,`VILID`,`LIEUNOM`) VALUES ('12920','17920','cosele');
INSERT INTO VEHICULE(`VEHIMMAT`,`VEHNOM`) VALUES ('TA501YB','BMW ');

INSERT INTO CHAUFFEUR(`CHFID`,`CHFNOM`,`CHFPRENOM`,`CHFTEL`,`CHFMAIL`) VALUES ('8930','Berger ','Félix ','0667096187 ','Félix.Berger@gmail.com');
INSERT INTO COMMUNE(`VILID`,`VILNOM`) VALUES ('17930','Grugny ');
INSERT INTO LIEU(`LIEUID`,`VILID`,`LIEUNOM`) VALUES ('12930','17930','nnutajeku');
INSERT INTO VEHICULE(`VEHIMMAT`,`VEHNOM`) VALUES ('XY141AZ','Volkswagen ');

INSERT INTO CHAUFFEUR(`CHFID`,`CHFNOM`,`CHFPRENOM`,`CHFTEL`,`CHFMAIL`) VALUES ('8940','Didier ','Florian ','0627458943 ','Florian.Didier@gmail.com');
INSERT INTO COMMUNE(`VILID`,`VILNOM`) VALUES ('17940','Plan-de-Cuques ');
INSERT INTO LIEU(`LIEUID`,`VILID`,`LIEUNOM`) VALUES ('12940','17940','lycazix');
INSERT INTO VEHICULE(`VEHIMMAT`,`VEHNOM`) VALUES ('WB496ZO','Peugeot ');

INSERT INTO CHAUFFEUR(`CHFID`,`CHFNOM`,`CHFPRENOM`,`CHFTEL`,`CHFMAIL`) VALUES ('8950','Schneider ','Antoine ','0689214927 ','Antoine.Schneider@gmail.com');
INSERT INTO COMMUNE(`VILID`,`VILNOM`) VALUES ('17950','Sainte-Thorette ');
INSERT INTO LIEU(`LIEUID`,`VILID`,`LIEUNOM`) VALUES ('12950','17950','ddojorusor');
INSERT INTO VEHICULE(`VEHIMMAT`,`VEHNOM`) VALUES ('RA781ON','Opel');

INSERT INTO CHAUFFEUR(`CHFID`,`CHFNOM`,`CHFPRENOM`,`CHFTEL`,`CHFMAIL`) VALUES ('8960','Bigot ','Julie ','0663690789 ','Julie.Bigot@gmail.com');
INSERT INTO COMMUNE(`VILID`,`VILNOM`) VALUES ('17960','Combrit ');
INSERT INTO LIEU(`LIEUID`,`VILID`,`LIEUNOM`) VALUES ('12960','17960','kafahi');
INSERT INTO VEHICULE(`VEHIMMAT`,`VEHNOM`) VALUES ('XG583ER','Ford ');

INSERT INTO CHAUFFEUR(`CHFID`,`CHFNOM`,`CHFPRENOM`,`CHFTEL`,`CHFMAIL`) VALUES ('8970','Menard ','Léonard ','0627432101 ','Léonard.Menard@gmail.com');
INSERT INTO COMMUNE(`VILID`,`VILNOM`) VALUES ('17970','Lihons ');
INSERT INTO LIEU(`LIEUID`,`VILID`,`LIEUNOM`) VALUES ('12970','17970','fymmijupp');
INSERT INTO VEHICULE(`VEHIMMAT`,`VEHNOM`) VALUES ('QF698ZG','Opel');

INSERT INTO CHAUFFEUR(`CHFID`,`CHFNOM`,`CHFPRENOM`,`CHFTEL`,`CHFMAIL`) VALUES ('8980','Courtois ','Sara ','0625850541 ','Sara.Courtois@gmail.com');
INSERT INTO COMMUNE(`VILID`,`VILNOM`) VALUES ('17980','Fontvannes ');
INSERT INTO LIEU(`LIEUID`,`VILID`,`LIEUNOM`) VALUES ('12980','17980','rojed');
INSERT INTO VEHICULE(`VEHIMMAT`,`VEHNOM`) VALUES ('TY921OV','Ford ');

INSERT INTO CHAUFFEUR(`CHFID`,`CHFNOM`,`CHFPRENOM`,`CHFTEL`,`CHFMAIL`) VALUES ('8990','Vaillant ','Enzo ','0607614965 ','Enzo.Vaillant@gmail.com');
INSERT INTO COMMUNE(`VILID`,`VILNOM`) VALUES ('17990','Mandrevillars ');
INSERT INTO LIEU(`LIEUID`,`VILID`,`LIEUNOM`) VALUES ('12990','17990','naje');
INSERT INTO VEHICULE(`VEHIMMAT`,`VEHNOM`) VALUES ('NW505CB','Renault ');

INSERT INTO CHAUFFEUR(`CHFID`,`CHFNOM`,`CHFPRENOM`,`CHFTEL`,`CHFMAIL`) VALUES ('9000','Morin ','Sara ','0647212585 ','Sara.Morin@gmail.com');
INSERT INTO COMMUNE(`VILID`,`VILNOM`) VALUES ('18000','Plaisia ');
INSERT INTO LIEU(`LIEUID`,`VILID`,`LIEUNOM`) VALUES ('13000','18000','kyrehyqic');
INSERT INTO VEHICULE(`VEHIMMAT`,`VEHNOM`) VALUES ('YP432NY','Renault ');

INSERT INTO CHAUFFEUR(`CHFID`,`CHFNOM`,`CHFPRENOM`,`CHFTEL`,`CHFMAIL`) VALUES ('9010','Gonçalves ','Eva ','0607614965 ','Eva.Gonçalves@gmail.com');
INSERT INTO COMMUNE(`VILID`,`VILNOM`) VALUES ('18010','Saint-Ouen-sur-Maire ');
INSERT INTO LIEU(`LIEUID`,`VILID`,`LIEUNOM`) VALUES ('13010','18010','rrusaff');
INSERT INTO VEHICULE(`VEHIMMAT`,`VEHNOM`) VALUES ('DS349MV','Opel');

INSERT INTO CHAUFFEUR(`CHFID`,`CHFNOM`,`CHFPRENOM`,`CHFTEL`,`CHFMAIL`) VALUES ('9020','Besnard ','Marwane ','0603216743 ','Marwane.Besnard@gmail.com');
INSERT INTO COMMUNE(`VILID`,`VILNOM`) VALUES ('18020','Saint-Géry ');
INSERT INTO LIEU(`LIEUID`,`VILID`,`LIEUNOM`) VALUES ('13020','18020','wukypozu');
INSERT INTO VEHICULE(`VEHIMMAT`,`VEHNOM`) VALUES ('HQ945YB','Citroen ');

INSERT INTO CHAUFFEUR(`CHFID`,`CHFNOM`,`CHFPRENOM`,`CHFTEL`,`CHFMAIL`) VALUES ('9030','Marchal ','Evan ','0603494901 ','Evan.Marchal@gmail.com');
INSERT INTO COMMUNE(`VILID`,`VILNOM`) VALUES ('18030','Aramon ');
INSERT INTO LIEU(`LIEUID`,`VILID`,`LIEUNOM`) VALUES ('13030','18030','vudossuki');
INSERT INTO VEHICULE(`VEHIMMAT`,`VEHNOM`) VALUES ('DO787QR','Ford ');

INSERT INTO CHAUFFEUR(`CHFID`,`CHFNOM`,`CHFPRENOM`,`CHFTEL`,`CHFMAIL`) VALUES ('9040','Bailly ','Jules ','0689852943 ','Jules.Bailly@gmail.com');
INSERT INTO COMMUNE(`VILID`,`VILNOM`) VALUES ('18040','Villers-Sir-Simon ');
INSERT INTO LIEU(`LIEUID`,`VILID`,`LIEUNOM`) VALUES ('13040','18040','ppetexipod');
INSERT INTO VEHICULE(`VEHIMMAT`,`VEHNOM`) VALUES ('UF218LC','Fiat ');

INSERT INTO CHAUFFEUR(`CHFID`,`CHFNOM`,`CHFPRENOM`,`CHFTEL`,`CHFMAIL`) VALUES ('9050','Legrand ','Émile ','0645610725 ','Émile.Legrand@gmail.com');
INSERT INTO COMMUNE(`VILID`,`VILNOM`) VALUES ('18050','Grand\'Landes ');
INSERT INTO LIEU(`LIEUID`,`VILID`,`LIEUNOM`) VALUES ('13050','18050','nuddimm');
INSERT INTO VEHICULE(`VEHIMMAT`,`VEHNOM`) VALUES ('FO741YX','Opel');

INSERT INTO CHAUFFEUR(`CHFID`,`CHFNOM`,`CHFPRENOM`,`CHFTEL`,`CHFMAIL`) VALUES ('9060','Dufour ','Renaud ','0667834147 ','Renaud.Dufour@gmail.com');
INSERT INTO COMMUNE(`VILID`,`VILNOM`) VALUES ('18060','Ambert ');
INSERT INTO LIEU(`LIEUID`,`VILID`,`LIEUNOM`) VALUES ('13060','18060','pahej');
INSERT INTO VEHICULE(`VEHIMMAT`,`VEHNOM`) VALUES ('ML272ZM','Ford ');

INSERT INTO CHAUFFEUR(`CHFID`,`CHFNOM`,`CHFPRENOM`,`CHFTEL`,`CHFMAIL`) VALUES ('9070','Marchand ','Gaspard ','0645012307 ','Gaspard.Marchand@gmail.com');
INSERT INTO COMMUNE(`VILID`,`VILNOM`) VALUES ('18070','Monchy-sur-Eu ');
INSERT INTO LIEU(`LIEUID`,`VILID`,`LIEUNOM`) VALUES ('13070','18070','lummako');
INSERT INTO VEHICULE(`VEHIMMAT`,`VEHNOM`) VALUES ('AP270NA','Renault ');

INSERT INTO CHAUFFEUR(`CHFID`,`CHFNOM`,`CHFPRENOM`,`CHFTEL`,`CHFMAIL`) VALUES ('9080','Dumas ','Elsa ','0685054149 ','Elsa.Dumas@gmail.com');
INSERT INTO COMMUNE(`VILID`,`VILNOM`) VALUES ('18080','Clinchamps-sur-Orne ');
INSERT INTO LIEU(`LIEUID`,`VILID`,`LIEUNOM`) VALUES ('13080','18080','ttyllovoj');
INSERT INTO VEHICULE(`VEHIMMAT`,`VEHNOM`) VALUES ('ZK903IR','Citroen ');

INSERT INTO CHAUFFEUR(`CHFID`,`CHFNOM`,`CHFPRENOM`,`CHFTEL`,`CHFMAIL`) VALUES ('9090','Robert ','Thomas ','0689214927 ','Thomas.Robert@gmail.com');
INSERT INTO COMMUNE(`VILID`,`VILNOM`) VALUES ('18090','Concoules ');
INSERT INTO LIEU(`LIEUID`,`VILID`,`LIEUNOM`) VALUES ('13090','18090','wawadda');
INSERT INTO VEHICULE(`VEHIMMAT`,`VEHNOM`) VALUES ('LK785OF','Volkswagen ');

INSERT INTO CHAUFFEUR(`CHFID`,`CHFNOM`,`CHFPRENOM`,`CHFTEL`,`CHFMAIL`) VALUES ('9100','Ferrand ','Amine ','0669496721 ','Amine.Ferrand@gmail.com');
INSERT INTO COMMUNE(`VILID`,`VILNOM`) VALUES ('18100','Saint-Crépin-d\'Auberoche ');
INSERT INTO LIEU(`LIEUID`,`VILID`,`LIEUNOM`) VALUES ('13100','18100','dappusa');
INSERT INTO VEHICULE(`VEHIMMAT`,`VEHNOM`) VALUES ('HQ745KB','Peugeot ');

INSERT INTO CHAUFFEUR(`CHFID`,`CHFNOM`,`CHFPRENOM`,`CHFTEL`,`CHFMAIL`) VALUES ('9110','Mercier ','Marion ','0683856121 ','Marion.Mercier@gmail.com');
INSERT INTO COMMUNE(`VILID`,`VILNOM`) VALUES ('18110','Choisey ');
INSERT INTO LIEU(`LIEUID`,`VILID`,`LIEUNOM`) VALUES ('13110','18110','jugur');
INSERT INTO VEHICULE(`VEHIMMAT`,`VEHNOM`) VALUES ('ER296BC','Opel');

INSERT INTO CHAUFFEUR(`CHFID`,`CHFNOM`,`CHFPRENOM`,`CHFTEL`,`CHFMAIL`) VALUES ('9120','Georges ','Enzo ','0621052761 ','Enzo.Georges@gmail.com');
INSERT INTO COMMUNE(`VILID`,`VILNOM`) VALUES ('18120','Bégadan ');
INSERT INTO LIEU(`LIEUID`,`VILID`,`LIEUNOM`) VALUES ('13120','18120','rellitte');
INSERT INTO VEHICULE(`VEHIMMAT`,`VEHNOM`) VALUES ('IP694VQ','Citroen ');

INSERT INTO CHAUFFEUR(`CHFID`,`CHFNOM`,`CHFPRENOM`,`CHFTEL`,`CHFMAIL`) VALUES ('9130','Gros ','Evan ','0665850981 ','Evan.Gros@gmail.com');
INSERT INTO COMMUNE(`VILID`,`VILNOM`) VALUES ('18130','Belonchamp ');
INSERT INTO LIEU(`LIEUID`,`VILID`,`LIEUNOM`) VALUES ('13130','18130','nennijo');
INSERT INTO VEHICULE(`VEHIMMAT`,`VEHNOM`) VALUES ('QF252VO','Fiat ');

INSERT INTO CHAUFFEUR(`CHFID`,`CHFNOM`,`CHFPRENOM`,`CHFTEL`,`CHFMAIL`) VALUES ('9140','Maurice ','Bastien ','0681832383 ','Bastien.Maurice@gmail.com');
INSERT INTO COMMUNE(`VILID`,`VILNOM`) VALUES ('18140','Bust ');
INSERT INTO LIEU(`LIEUID`,`VILID`,`LIEUNOM`) VALUES ('13140','18140','xoweddebad');
INSERT INTO VEHICULE(`VEHIMMAT`,`VEHNOM`) VALUES ('RE587IH','Volkswagen ');

INSERT INTO CHAUFFEUR(`CHFID`,`CHFNOM`,`CHFPRENOM`,`CHFTEL`,`CHFMAIL`) VALUES ('9150','Mercier ','Adrien ','0607250367 ','Adrien.Mercier@gmail.com');
INSERT INTO COMMUNE(`VILID`,`VILNOM`) VALUES ('18150','Èze ');
INSERT INTO LIEU(`LIEUID`,`VILID`,`LIEUNOM`) VALUES ('13150','18150','pakugallapp');
INSERT INTO VEHICULE(`VEHIMMAT`,`VEHNOM`) VALUES ('OB630FM','Ford ');

INSERT INTO CHAUFFEUR(`CHFID`,`CHFNOM`,`CHFPRENOM`,`CHFTEL`,`CHFMAIL`) VALUES ('9160','Colin ','Valérie','0605214141 ','Valérie.Colin@gmail.com');
INSERT INTO COMMUNE(`VILID`,`VILNOM`) VALUES ('18160','Russ ');
INSERT INTO LIEU(`LIEUID`,`VILID`,`LIEUNOM`) VALUES ('13160','18160','serybete');
INSERT INTO VEHICULE(`VEHIMMAT`,`VEHNOM`) VALUES ('IF470VO','BMW ');

INSERT INTO CHAUFFEUR(`CHFID`,`CHFNOM`,`CHFPRENOM`,`CHFTEL`,`CHFMAIL`) VALUES ('9170','Rodriguez ','Léon ','0687410981 ','Léon.Rodriguez@gmail.com');
INSERT INTO COMMUNE(`VILID`,`VILNOM`) VALUES ('18170','Bard-lès-Époisses ');
INSERT INTO LIEU(`LIEUID`,`VILID`,`LIEUNOM`) VALUES ('13170','18170','zudduppyg');
INSERT INTO VEHICULE(`VEHIMMAT`,`VEHNOM`) VALUES ('PW923QL','Volkswagen ');

INSERT INTO CHAUFFEUR(`CHFID`,`CHFNOM`,`CHFPRENOM`,`CHFTEL`,`CHFMAIL`) VALUES ('9180','Lebrun ','Alban','0607058927 ','Alban.Lebrun@gmail.com');
INSERT INTO COMMUNE(`VILID`,`VILNOM`) VALUES ('18180','Chalmaison ');
INSERT INTO LIEU(`LIEUID`,`VILID`,`LIEUNOM`) VALUES ('13180','18180','ximix');
INSERT INTO VEHICULE(`VEHIMMAT`,`VEHNOM`) VALUES ('CV872LG','Citroen ');

INSERT INTO CHAUFFEUR(`CHFID`,`CHFNOM`,`CHFPRENOM`,`CHFTEL`,`CHFMAIL`) VALUES ('9190','Rolland ','Léo ','0607058927 ','Léo.Rolland@gmail.com');
INSERT INTO COMMUNE(`VILID`,`VILNOM`) VALUES ('18190','Ladaux ');
INSERT INTO LIEU(`LIEUID`,`VILID`,`LIEUNOM`) VALUES ('13190','18190','zexi');
INSERT INTO VEHICULE(`VEHIMMAT`,`VEHNOM`) VALUES ('CR012HK','Opel');

INSERT INTO CHAUFFEUR(`CHFID`,`CHFNOM`,`CHFPRENOM`,`CHFTEL`,`CHFMAIL`) VALUES ('9200','Pasquier ','Julie ','0625698581 ','Julie.Pasquier@gmail.com');
INSERT INTO COMMUNE(`VILID`,`VILNOM`) VALUES ('18200','Héricy ');
INSERT INTO LIEU(`LIEUID`,`VILID`,`LIEUNOM`) VALUES ('13200','18200','kopeli');
INSERT INTO VEHICULE(`VEHIMMAT`,`VEHNOM`) VALUES ('QB654XS','Opel');

INSERT INTO CHAUFFEUR(`CHFID`,`CHFNOM`,`CHFPRENOM`,`CHFTEL`,`CHFMAIL`) VALUES ('9210','Gros ','Jordan ','0689438129 ','Jordan.Gros@gmail.com');
INSERT INTO COMMUNE(`VILID`,`VILNOM`) VALUES ('18210','Soulages ');
INSERT INTO LIEU(`LIEUID`,`VILID`,`LIEUNOM`) VALUES ('13210','18210','haffevubi');
INSERT INTO VEHICULE(`VEHIMMAT`,`VEHNOM`) VALUES ('KL070NA','Opel');

INSERT INTO CHAUFFEUR(`CHFID`,`CHFNOM`,`CHFPRENOM`,`CHFTEL`,`CHFMAIL`) VALUES ('9220','Marchal ','Hugo ','0687832121 ','Hugo.Marchal@gmail.com');
INSERT INTO COMMUNE(`VILID`,`VILNOM`) VALUES ('18220','Labastide-sur-Bésorgues ');
INSERT INTO LIEU(`LIEUID`,`VILID`,`LIEUNOM`) VALUES ('13220','18220','puppicike');
INSERT INTO VEHICULE(`VEHIMMAT`,`VEHNOM`) VALUES ('WN090PQ','Ford ');

INSERT INTO CHAUFFEUR(`CHFID`,`CHFNOM`,`CHFPRENOM`,`CHFTEL`,`CHFMAIL`) VALUES ('9230','Vidal ','Simon ','0667478583 ','Simon.Vidal@gmail.com');
INSERT INTO COMMUNE(`VILID`,`VILNOM`) VALUES ('18230','Hoymille ');
INSERT INTO LIEU(`LIEUID`,`VILID`,`LIEUNOM`) VALUES ('13230','18230','kebeppu');
INSERT INTO VEHICULE(`VEHIMMAT`,`VEHNOM`) VALUES ('YV878HG','Peugeot ');

INSERT INTO CHAUFFEUR(`CHFID`,`CHFNOM`,`CHFPRENOM`,`CHFTEL`,`CHFMAIL`) VALUES ('9240','Robin ','Constant ','0625090787 ','Constant.Robin@gmail.com');
INSERT INTO COMMUNE(`VILID`,`VILNOM`) VALUES ('18240','Sainte-Marie-Outre-l\'Eau ');
INSERT INTO LIEU(`LIEUID`,`VILID`,`LIEUNOM`) VALUES ('13240','18240','gecoxehu');
INSERT INTO VEHICULE(`VEHIMMAT`,`VEHNOM`) VALUES ('OH038JI','Volkswagen ');

INSERT INTO CHAUFFEUR(`CHFID`,`CHFNOM`,`CHFPRENOM`,`CHFTEL`,`CHFMAIL`) VALUES ('9250','Robin ','Anthony ','0623032949 ','Anthony.Robin@gmail.com');
INSERT INTO COMMUNE(`VILID`,`VILNOM`) VALUES ('18250','Chazé-Henry ');
INSERT INTO LIEU(`LIEUID`,`VILID`,`LIEUNOM`) VALUES ('13250','18250','ssasso');
INSERT INTO VEHICULE(`VEHIMMAT`,`VEHNOM`) VALUES ('EP874FQ','BMW ');

INSERT INTO CHAUFFEUR(`CHFID`,`CHFNOM`,`CHFPRENOM`,`CHFTEL`,`CHFMAIL`) VALUES ('9260','Gaillard ','Bruno ','0629078325 ','Bruno.Gaillard@gmail.com');
INSERT INTO COMMUNE(`VILID`,`VILNOM`) VALUES ('18260','Loubens-Lauragais ');
INSERT INTO LIEU(`LIEUID`,`VILID`,`LIEUNOM`) VALUES ('13260','18260','mmirrallifytt');
INSERT INTO VEHICULE(`VEHIMMAT`,`VEHNOM`) VALUES ('PK143UV','Renault ');

INSERT INTO CHAUFFEUR(`CHFID`,`CHFNOM`,`CHFPRENOM`,`CHFTEL`,`CHFMAIL`) VALUES ('9270','Brunel ','Maryam ','0661850585 ','Maryam.Brunel@gmail.com');
INSERT INTO COMMUNE(`VILID`,`VILNOM`) VALUES ('18270','Le Monastier-Pin-Moriès ');
INSERT INTO LIEU(`LIEUID`,`VILID`,`LIEUNOM`) VALUES ('13270','18270','goduzaj');
INSERT INTO VEHICULE(`VEHIMMAT`,`VEHNOM`) VALUES ('QJ434ZA','Fiat ');

INSERT INTO CHAUFFEUR(`CHFID`,`CHFNOM`,`CHFPRENOM`,`CHFTEL`,`CHFMAIL`) VALUES ('9280','Bertin ','Amaury ','0629216167 ','Amaury.Bertin@gmail.com');
INSERT INTO COMMUNE(`VILID`,`VILNOM`) VALUES ('18280','Ansan ');
INSERT INTO LIEU(`LIEUID`,`VILID`,`LIEUNOM`) VALUES ('13280','18280','qubur');
INSERT INTO VEHICULE(`VEHIMMAT`,`VEHNOM`) VALUES ('ZO323GB','Opel');

INSERT INTO CHAUFFEUR(`CHFID`,`CHFNOM`,`CHFPRENOM`,`CHFTEL`,`CHFMAIL`) VALUES ('9290','Laroche ','Florian ','0601812327 ','Florian.Laroche@gmail.com');
INSERT INTO COMMUNE(`VILID`,`VILNOM`) VALUES ('18290','Châteauneuf-sur-Sarthe ');
INSERT INTO LIEU(`LIEUID`,`VILID`,`LIEUNOM`) VALUES ('13290','18290','sottoguho');
INSERT INTO VEHICULE(`VEHIMMAT`,`VEHNOM`) VALUES ('JE365AJ','Renault ');

INSERT INTO CHAUFFEUR(`CHFID`,`CHFNOM`,`CHFPRENOM`,`CHFTEL`,`CHFMAIL`) VALUES ('9300','Dufour ','Juliette ','0643692741 ','Juliette.Dufour@gmail.com');
INSERT INTO COMMUNE(`VILID`,`VILNOM`) VALUES ('18300','Gendreville ');
INSERT INTO LIEU(`LIEUID`,`VILID`,`LIEUNOM`) VALUES ('13300','18300','bodime');
INSERT INTO VEHICULE(`VEHIMMAT`,`VEHNOM`) VALUES ('JE985AL','Volkswagen ');

INSERT INTO CHAUFFEUR(`CHFID`,`CHFNOM`,`CHFPRENOM`,`CHFTEL`,`CHFMAIL`) VALUES ('9310','Vaillant ','Juliette ','0605474541 ','Juliette.Vaillant@gmail.com');
INSERT INTO COMMUNE(`VILID`,`VILNOM`) VALUES ('18310','Pommeuse ');
INSERT INTO LIEU(`LIEUID`,`VILID`,`LIEUNOM`) VALUES ('13310','18310','caruhibij');
INSERT INTO VEHICULE(`VEHIMMAT`,`VEHNOM`) VALUES ('CX034TQ','Citroen ');

INSERT INTO CHAUFFEUR(`CHFID`,`CHFNOM`,`CHFPRENOM`,`CHFTEL`,`CHFMAIL`) VALUES ('9320','Caron ','Carla ','0649812967 ','Carla.Caron@gmail.com');
INSERT INTO COMMUNE(`VILID`,`VILNOM`) VALUES ('18320','Ferfay ');
INSERT INTO LIEU(`LIEUID`,`VILID`,`LIEUNOM`) VALUES ('13320','18320','fussolenn');
INSERT INTO VEHICULE(`VEHIMMAT`,`VEHNOM`) VALUES ('VS965SJ','Fiat ');

INSERT INTO CHAUFFEUR(`CHFID`,`CHFNOM`,`CHFPRENOM`,`CHFTEL`,`CHFMAIL`) VALUES ('9330','Leroy ','Amélie ','0627434707 ','Amélie.Leroy@gmail.com');
INSERT INTO COMMUNE(`VILID`,`VILNOM`) VALUES ('18330','Les Piards ');
INSERT INTO LIEU(`LIEUID`,`VILID`,`LIEUNOM`) VALUES ('13330','18330','batac');
INSERT INTO VEHICULE(`VEHIMMAT`,`VEHNOM`) VALUES ('UB096FI','Volkswagen ');

INSERT INTO CHAUFFEUR(`CHFID`,`CHFNOM`,`CHFPRENOM`,`CHFTEL`,`CHFMAIL`) VALUES ('9340','David ','Lilian ','0623032949 ','Lilian.David@gmail.com');
INSERT INTO COMMUNE(`VILID`,`VILNOM`) VALUES ('18340','Valleroy-le-Sec ');
INSERT INTO LIEU(`LIEUID`,`VILID`,`LIEUNOM`) VALUES ('13340','18340','mmokenn');
INSERT INTO VEHICULE(`VEHIMMAT`,`VEHNOM`) VALUES ('BG723UD','BMW ');

INSERT INTO CHAUFFEUR(`CHFID`,`CHFNOM`,`CHFPRENOM`,`CHFTEL`,`CHFMAIL`) VALUES ('9350','Schneider ','Marwane ','0607832509 ','Marwane.Schneider@gmail.com');
INSERT INTO COMMUNE(`VILID`,`VILNOM`) VALUES ('18350','Galez ');
INSERT INTO LIEU(`LIEUID`,`VILID`,`LIEUNOM`) VALUES ('13350','18350','ffopakam');
INSERT INTO VEHICULE(`VEHIMMAT`,`VEHNOM`) VALUES ('AP892DC','Citroen ');

INSERT INTO CHAUFFEUR(`CHFID`,`CHFNOM`,`CHFPRENOM`,`CHFTEL`,`CHFMAIL`) VALUES ('9360','Aubert ','Amélie ','0667834147 ','Amélie.Aubert@gmail.com');
INSERT INTO COMMUNE(`VILID`,`VILNOM`) VALUES ('18360','Til-Châtel ');
INSERT INTO LIEU(`LIEUID`,`VILID`,`LIEUNOM`) VALUES ('13360','18360','nerrexi');
INSERT INTO VEHICULE(`VEHIMMAT`,`VEHNOM`) VALUES ('QF210HQ','Renault ');

INSERT INTO CHAUFFEUR(`CHFID`,`CHFNOM`,`CHFPRENOM`,`CHFTEL`,`CHFMAIL`) VALUES ('9370','Leroy ','Guillemette ','0629872569 ','Guillemette.Leroy@gmail.com');
INSERT INTO COMMUNE(`VILID`,`VILNOM`) VALUES ('18370','Saint-Sauvant ');
INSERT INTO LIEU(`LIEUID`,`VILID`,`LIEUNOM`) VALUES ('13370','18370','nnamyg');
INSERT INTO VEHICULE(`VEHIMMAT`,`VEHNOM`) VALUES ('PK983OV','Renault ');

INSERT INTO CHAUFFEUR(`CHFID`,`CHFNOM`,`CHFPRENOM`,`CHFTEL`,`CHFMAIL`) VALUES ('9380','Joly ','Françoise ','0683856121 ','Françoise.Joly@gmail.com');
INSERT INTO COMMUNE(`VILID`,`VILNOM`) VALUES ('18380','Hottviller ');
INSERT INTO LIEU(`LIEUID`,`VILID`,`LIEUNOM`) VALUES ('13380','18380','jiddo');
INSERT INTO VEHICULE(`VEHIMMAT`,`VEHNOM`) VALUES ('XI727MN','Opel');

INSERT INTO CHAUFFEUR(`CHFID`,`CHFNOM`,`CHFPRENOM`,`CHFTEL`,`CHFMAIL`) VALUES ('9390','Garcia ','Benjamin ','0665496505 ','Benjamin.Garcia@gmail.com');
INSERT INTO COMMUNE(`VILID`,`VILNOM`) VALUES ('18390','Villotte-Saint-Seine ');
INSERT INTO LIEU(`LIEUID`,`VILID`,`LIEUNOM`) VALUES ('13390','18390','fesinni');
INSERT INTO VEHICULE(`VEHIMMAT`,`VEHNOM`) VALUES ('ZA301KD','Ford ');

INSERT INTO CHAUFFEUR(`CHFID`,`CHFNOM`,`CHFPRENOM`,`CHFTEL`,`CHFMAIL`) VALUES ('9400','Thomas ','Maïwenn ','0625090787 ','Maïwenn.Thomas@gmail.com');
INSERT INTO COMMUNE(`VILID`,`VILNOM`) VALUES ('18400','Courtalain ');
INSERT INTO LIEU(`LIEUID`,`VILID`,`LIEUNOM`) VALUES ('13400','18400','bikasa');
INSERT INTO VEHICULE(`VEHIMMAT`,`VEHNOM`) VALUES ('TO109AV','Peugeot ');

INSERT INTO CHAUFFEUR(`CHFID`,`CHFNOM`,`CHFPRENOM`,`CHFTEL`,`CHFMAIL`) VALUES ('9410','Bonnet ','Paul ','0601878309 ','Paul.Bonnet@gmail.com');
INSERT INTO COMMUNE(`VILID`,`VILNOM`) VALUES ('18410','Uffholtz ');
INSERT INTO LIEU(`LIEUID`,`VILID`,`LIEUNOM`) VALUES ('13410','18410','nypineq');
INSERT INTO VEHICULE(`VEHIMMAT`,`VEHNOM`) VALUES ('SR876XA','Renault ');

INSERT INTO CHAUFFEUR(`CHFID`,`CHFNOM`,`CHFPRENOM`,`CHFTEL`,`CHFMAIL`) VALUES ('9420','Didier ','Dorian ','0601892305 ','Dorian.Didier@gmail.com');
INSERT INTO COMMUNE(`VILID`,`VILNOM`) VALUES ('18420','Mailly ');
INSERT INTO LIEU(`LIEUID`,`VILID`,`LIEUNOM`) VALUES ('13420','18420','hettimake');
INSERT INTO VEHICULE(`VEHIMMAT`,`VEHNOM`) VALUES ('AR270XK','Renault ');

INSERT INTO CHAUFFEUR(`CHFID`,`CHFNOM`,`CHFPRENOM`,`CHFTEL`,`CHFMAIL`) VALUES ('9430','Huet ','Mathis ','0605018987 ','Mathis.Huet@gmail.com');
INSERT INTO COMMUNE(`VILID`,`VILNOM`) VALUES ('18430','Courcelles ');
INSERT INTO LIEU(`LIEUID`,`VILID`,`LIEUNOM`) VALUES ('13430','18430','tiffoppodde');
INSERT INTO VEHICULE(`VEHIMMAT`,`VEHNOM`) VALUES ('ER816FA','Ford ');

INSERT INTO CHAUFFEUR(`CHFID`,`CHFNOM`,`CHFPRENOM`,`CHFTEL`,`CHFMAIL`) VALUES ('9440','Tessier ','Mattéo ','0629454701 ','Mattéo.Tessier@gmail.com');
INSERT INTO COMMUNE(`VILID`,`VILNOM`) VALUES ('18440','Juvignies ');
INSERT INTO LIEU(`LIEUID`,`VILID`,`LIEUNOM`) VALUES ('13440','18440','nnazofa');
INSERT INTO VEHICULE(`VEHIMMAT`,`VEHNOM`) VALUES ('QN034LY','Peugeot ');

INSERT INTO CHAUFFEUR(`CHFID`,`CHFNOM`,`CHFPRENOM`,`CHFTEL`,`CHFMAIL`) VALUES ('9450','Guerin ','Thomas ','0683490385 ','Thomas.Guerin@gmail.com');
INSERT INTO COMMUNE(`VILID`,`VILNOM`) VALUES ('18450','Moïta ');
INSERT INTO LIEU(`LIEUID`,`VILID`,`LIEUNOM`) VALUES ('13450','18450','ludemmaqiw');
INSERT INTO VEHICULE(`VEHIMMAT`,`VEHNOM`) VALUES ('FO761GL','Renault ');

INSERT INTO CHAUFFEUR(`CHFID`,`CHFNOM`,`CHFPRENOM`,`CHFTEL`,`CHFMAIL`) VALUES ('9460','Auger ','Tristan ','0647212943 ','Tristan.Auger@gmail.com');
INSERT INTO COMMUNE(`VILID`,`VILNOM`) VALUES ('18460','Plaudren ');
INSERT INTO LIEU(`LIEUID`,`VILID`,`LIEUNOM`) VALUES ('13460','18460','qesa');
INSERT INTO VEHICULE(`VEHIMMAT`,`VEHNOM`) VALUES ('BA361OV','Peugeot ');

INSERT INTO CHAUFFEUR(`CHFID`,`CHFNOM`,`CHFPRENOM`,`CHFTEL`,`CHFMAIL`) VALUES ('9470','Menard ','Kylian ','0649812967 ','Kylian.Menard@gmail.com');
INSERT INTO COMMUNE(`VILID`,`VILNOM`) VALUES ('18470','Lherm ');
INSERT INTO LIEU(`LIEUID`,`VILID`,`LIEUNOM`) VALUES ('13470','18470','llassamepe');
INSERT INTO VEHICULE(`VEHIMMAT`,`VEHNOM`) VALUES ('RS165WV','BMW ');

INSERT INTO CHAUFFEUR(`CHFID`,`CHFNOM`,`CHFPRENOM`,`CHFTEL`,`CHFMAIL`) VALUES ('9480','Martin ','Bruno ','0665236169 ','Bruno.Martin@gmail.com');
INSERT INTO COMMUNE(`VILID`,`VILNOM`) VALUES ('18480','Arcey ');
INSERT INTO LIEU(`LIEUID`,`VILID`,`LIEUNOM`) VALUES ('13480','18480','suppodd');
INSERT INTO VEHICULE(`VEHIMMAT`,`VEHNOM`) VALUES ('SF074PK','Ford ');

INSERT INTO CHAUFFEUR(`CHFID`,`CHFNOM`,`CHFPRENOM`,`CHFTEL`,`CHFMAIL`) VALUES ('9490','Bonnet ','Eric ','0683878723 ','Eric.Bonnet@gmail.com');
INSERT INTO COMMUNE(`VILID`,`VILNOM`) VALUES ('18490','Lavillatte ');
INSERT INTO LIEU(`LIEUID`,`VILID`,`LIEUNOM`) VALUES ('13490','18490','ssaffah');
INSERT INTO VEHICULE(`VEHIMMAT`,`VEHNOM`) VALUES ('NE707YT','Opel');

INSERT INTO CHAUFFEUR(`CHFID`,`CHFNOM`,`CHFPRENOM`,`CHFTEL`,`CHFMAIL`) VALUES ('9500','Philippe ','Florian ','0665496505 ','Florian.Philippe@gmail.com');
INSERT INTO COMMUNE(`VILID`,`VILNOM`) VALUES ('18500','Magny-la-Ville ');
INSERT INTO LIEU(`LIEUID`,`VILID`,`LIEUNOM`) VALUES ('13500','18500','xazebatta');
INSERT INTO VEHICULE(`VEHIMMAT`,`VEHNOM`) VALUES ('VS149QJ','Opel');

INSERT INTO CHAUFFEUR(`CHFID`,`CHFNOM`,`CHFPRENOM`,`CHFTEL`,`CHFMAIL`) VALUES ('9510','Bailly ','Malo ','0623874789 ','Malo.Bailly@gmail.com');
INSERT INTO COMMUNE(`VILID`,`VILNOM`) VALUES ('18510','Goussonville ');
INSERT INTO LIEU(`LIEUID`,`VILID`,`LIEUNOM`) VALUES ('13510','18510','rrallu');
INSERT INTO VEHICULE(`VEHIMMAT`,`VEHNOM`) VALUES ('VM501WD','Citroen ');

INSERT INTO CHAUFFEUR(`CHFID`,`CHFNOM`,`CHFPRENOM`,`CHFTEL`,`CHFMAIL`) VALUES ('9520','Jacquet ','Julien ','0607250367 ','Julien.Jacquet@gmail.com');
INSERT INTO COMMUNE(`VILID`,`VILNOM`) VALUES ('18520','Bagiry ');
INSERT INTO LIEU(`LIEUID`,`VILID`,`LIEUNOM`) VALUES ('13520','18520','ffawi');
INSERT INTO VEHICULE(`VEHIMMAT`,`VEHNOM`) VALUES ('FW789GZ','Citroen ');

INSERT INTO CHAUFFEUR(`CHFID`,`CHFNOM`,`CHFPRENOM`,`CHFTEL`,`CHFMAIL`) VALUES ('9530','Roger ','Quentin ','0681694949 ','Quentin.Roger@gmail.com');
INSERT INTO COMMUNE(`VILID`,`VILNOM`) VALUES ('18530','Aubvillers ');
INSERT INTO LIEU(`LIEUID`,`VILID`,`LIEUNOM`) VALUES ('13530','18530','tote');
INSERT INTO VEHICULE(`VEHIMMAT`,`VEHNOM`) VALUES ('JS761WT','BMW ');

INSERT INTO CHAUFFEUR(`CHFID`,`CHFNOM`,`CHFPRENOM`,`CHFTEL`,`CHFMAIL`) VALUES ('9540','Rodriguez ','Tom ','0603412989 ','Tom.Rodriguez@gmail.com');
INSERT INTO COMMUNE(`VILID`,`VILNOM`) VALUES ('18540','Saint-Didier ');
INSERT INTO LIEU(`LIEUID`,`VILID`,`LIEUNOM`) VALUES ('13540','18540','gofiga');
INSERT INTO VEHICULE(`VEHIMMAT`,`VEHNOM`) VALUES ('TS383MP','BMW ');

INSERT INTO CHAUFFEUR(`CHFID`,`CHFNOM`,`CHFPRENOM`,`CHFTEL`,`CHFMAIL`) VALUES ('9550','Leveque ','Timéo ','0689272581 ','Timéo.Leveque@gmail.com');
INSERT INTO COMMUNE(`VILID`,`VILNOM`) VALUES ('18550','Montricoux ');
INSERT INTO LIEU(`LIEUID`,`VILID`,`LIEUNOM`) VALUES ('13550','18550','faddiss');
INSERT INTO VEHICULE(`VEHIMMAT`,`VEHNOM`) VALUES ('YZ212DY','Ford ');

INSERT INTO CHAUFFEUR(`CHFID`,`CHFNOM`,`CHFPRENOM`,`CHFTEL`,`CHFMAIL`) VALUES ('9560','Dupre ','Julien ','0685636581 ','Julien.Dupre@gmail.com');
INSERT INTO COMMUNE(`VILID`,`VILNOM`) VALUES ('18560','Sassangy ');
INSERT INTO LIEU(`LIEUID`,`VILID`,`LIEUNOM`) VALUES ('13560','18560','ratemm');
INSERT INTO VEHICULE(`VEHIMMAT`,`VEHNOM`) VALUES ('DS547UT','Volkswagen ');

INSERT INTO CHAUFFEUR(`CHFID`,`CHFNOM`,`CHFPRENOM`,`CHFTEL`,`CHFMAIL`) VALUES ('9570','Vaillant ','Rayane ','0625874945 ','Rayane.Vaillant@gmail.com');
INSERT INTO COMMUNE(`VILID`,`VILNOM`) VALUES ('18570','Besmé ');
INSERT INTO LIEU(`LIEUID`,`VILID`,`LIEUNOM`) VALUES ('13570','18570','vettaddanne');
INSERT INTO VEHICULE(`VEHIMMAT`,`VEHNOM`) VALUES ('XW947QL','Fiat ');

INSERT INTO CHAUFFEUR(`CHFID`,`CHFNOM`,`CHFPRENOM`,`CHFTEL`,`CHFMAIL`) VALUES ('9580','Daniel ','Adam ','0689852943 ','Adam.Daniel@gmail.com');
INSERT INTO COMMUNE(`VILID`,`VILNOM`) VALUES ('18580','Valempoulières ');
INSERT INTO LIEU(`LIEUID`,`VILID`,`LIEUNOM`) VALUES ('13580','18580','dillogallu');
INSERT INTO VEHICULE(`VEHIMMAT`,`VEHNOM`) VALUES ('JQ569QJ','Renault ');

INSERT INTO CHAUFFEUR(`CHFID`,`CHFNOM`,`CHFPRENOM`,`CHFTEL`,`CHFMAIL`) VALUES ('9590','Besnard ','Guillaume ','0681694949 ','Guillaume.Besnard@gmail.com');
INSERT INTO COMMUNE(`VILID`,`VILNOM`) VALUES ('18590','Ploumagoar ');
INSERT INTO LIEU(`LIEUID`,`VILID`,`LIEUNOM`) VALUES ('13590','18590','jattocu');
INSERT INTO VEHICULE(`VEHIMMAT`,`VEHNOM`) VALUES ('PW763GZ','Opel');

INSERT INTO CHAUFFEUR(`CHFID`,`CHFNOM`,`CHFPRENOM`,`CHFTEL`,`CHFMAIL`) VALUES ('9600','Hamon ','Léo ','0629872569 ','Léo.Hamon@gmail.com');
INSERT INTO COMMUNE(`VILID`,`VILNOM`) VALUES ('18600','Sélestat ');
INSERT INTO LIEU(`LIEUID`,`VILID`,`LIEUNOM`) VALUES ('13600','18600','fuhure');
INSERT INTO VEHICULE(`VEHIMMAT`,`VEHNOM`) VALUES ('TS769ER','Ford ');

INSERT INTO CHAUFFEUR(`CHFID`,`CHFNOM`,`CHFPRENOM`,`CHFTEL`,`CHFMAIL`) VALUES ('9610','Marin ','Aaron ','0623032949 ','Aaron.Marin@gmail.com');
INSERT INTO COMMUNE(`VILID`,`VILNOM`) VALUES ('18610','Boulay-les-Ifs ');
INSERT INTO LIEU(`LIEUID`,`VILID`,`LIEUNOM`) VALUES ('13610','18610','cefafi');
INSERT INTO VEHICULE(`VEHIMMAT`,`VEHNOM`) VALUES ('XM163MF','Renault ');

INSERT INTO CHAUFFEUR(`CHFID`,`CHFNOM`,`CHFPRENOM`,`CHFTEL`,`CHFMAIL`) VALUES ('9620','Rodrigues ','Mattéo ','0663690789 ','Mattéo.Rodrigues@gmail.com');
INSERT INTO COMMUNE(`VILID`,`VILNOM`) VALUES ('18620','Linazay ');
INSERT INTO LIEU(`LIEUID`,`VILID`,`LIEUNOM`) VALUES ('13620','18620','gawezeneh');
INSERT INTO VEHICULE(`VEHIMMAT`,`VEHNOM`) VALUES ('GN256HW','Volkswagen ');

INSERT INTO CHAUFFEUR(`CHFID`,`CHFNOM`,`CHFPRENOM`,`CHFTEL`,`CHFMAIL`) VALUES ('9630','Regnier ','David ','0667478583 ','David.Regnier@gmail.com');
INSERT INTO COMMUNE(`VILID`,`VILNOM`) VALUES ('18630','Villécloye ');
INSERT INTO LIEU(`LIEUID`,`VILID`,`LIEUNOM`) VALUES ('13630','18630','naddu');
INSERT INTO VEHICULE(`VEHIMMAT`,`VEHNOM`) VALUES ('KD412TK','Peugeot ');

INSERT INTO CHAUFFEUR(`CHFID`,`CHFNOM`,`CHFPRENOM`,`CHFTEL`,`CHFMAIL`) VALUES ('9640','Daniel ','Nicolas ','0607836589 ','Nicolas.Daniel@gmail.com');
INSERT INTO COMMUNE(`VILID`,`VILNOM`) VALUES ('18640','Mantet ');
INSERT INTO LIEU(`LIEUID`,`VILID`,`LIEUNOM`) VALUES ('13640','18640','gannasoh');
INSERT INTO VEHICULE(`VEHIMMAT`,`VEHNOM`) VALUES ('XC127IH','Fiat ');

INSERT INTO CHAUFFEUR(`CHFID`,`CHFNOM`,`CHFPRENOM`,`CHFTEL`,`CHFMAIL`) VALUES ('9650','Lesage ','Corentin ','0645616129 ','Corentin.Lesage@gmail.com');
INSERT INTO COMMUNE(`VILID`,`VILNOM`) VALUES ('18650','Sempigny ');
INSERT INTO LIEU(`LIEUID`,`VILID`,`LIEUNOM`) VALUES ('13650','18650','pepputax');
INSERT INTO VEHICULE(`VEHIMMAT`,`VEHNOM`) VALUES ('AR232ZQ','Renault ');

INSERT INTO CHAUFFEUR(`CHFID`,`CHFNOM`,`CHFPRENOM`,`CHFTEL`,`CHFMAIL`) VALUES ('9660','Fischer ','Alexis ','0605214141 ','Alexis.Fischer@gmail.com');
INSERT INTO COMMUNE(`VILID`,`VILNOM`) VALUES ('18660','Grainville-la-Teinturière ');
INSERT INTO LIEU(`LIEUID`,`VILID`,`LIEUNOM`) VALUES ('13660','18660','lluxorrof');
INSERT INTO VEHICULE(`VEHIMMAT`,`VEHNOM`) VALUES ('RE961SL','Opel');

INSERT INTO CHAUFFEUR(`CHFID`,`CHFNOM`,`CHFPRENOM`,`CHFTEL`,`CHFMAIL`) VALUES ('9670','Tran ','Aaron ','0685874383 ','Aaron.Tran@gmail.com');
INSERT INTO COMMUNE(`VILID`,`VILNOM`) VALUES ('18670','Andilly ');
INSERT INTO LIEU(`LIEUID`,`VILID`,`LIEUNOM`) VALUES ('13670','18670','byjunnaff');
INSERT INTO VEHICULE(`VEHIMMAT`,`VEHNOM`) VALUES ('IB872BS','Opel');

INSERT INTO CHAUFFEUR(`CHFID`,`CHFNOM`,`CHFPRENOM`,`CHFTEL`,`CHFMAIL`) VALUES ('9680','Thibault ','Adrien ','0665496505 ','Adrien.Thibault@gmail.com');
INSERT INTO COMMUNE(`VILID`,`VILNOM`) VALUES ('18680','Neufchâteau ');
INSERT INTO LIEU(`LIEUID`,`VILID`,`LIEUNOM`) VALUES ('13680','18680','selaj');
INSERT INTO VEHICULE(`VEHIMMAT`,`VEHNOM`) VALUES ('PS901CR','Opel');

INSERT INTO CHAUFFEUR(`CHFID`,`CHFNOM`,`CHFPRENOM`,`CHFTEL`,`CHFMAIL`) VALUES ('9690','Poirier ','Constant ','0647212585 ','Constant.Poirier@gmail.com');
INSERT INTO COMMUNE(`VILID`,`VILNOM`) VALUES ('18690','Larré ');
INSERT INTO LIEU(`LIEUID`,`VILID`,`LIEUNOM`) VALUES ('13690','18690','mimma');
INSERT INTO VEHICULE(`VEHIMMAT`,`VEHNOM`) VALUES ('VA721WB','Volkswagen ');

INSERT INTO CHAUFFEUR(`CHFID`,`CHFNOM`,`CHFPRENOM`,`CHFTEL`,`CHFMAIL`) VALUES ('9700','Lesage ','Victor ','0629216167 ','Victor.Lesage@gmail.com');
INSERT INTO COMMUNE(`VILID`,`VILNOM`) VALUES ('18700','Villeneuve-sur-Allier ');
INSERT INTO LIEU(`LIEUID`,`VILID`,`LIEUNOM`) VALUES ('13700','18700','ssafufassann');
INSERT INTO VEHICULE(`VEHIMMAT`,`VEHNOM`) VALUES ('AH650JW','Citroen ');

INSERT INTO CHAUFFEUR(`CHFID`,`CHFNOM`,`CHFPRENOM`,`CHFTEL`,`CHFMAIL`) VALUES ('9710','Richard ','Syrine ','0649812967 ','Syrine.Richard@gmail.com');
INSERT INTO COMMUNE(`VILID`,`VILNOM`) VALUES ('18710','Époye ');
INSERT INTO LIEU(`LIEUID`,`VILID`,`LIEUNOM`) VALUES ('13710','18710','sannattoll');
INSERT INTO VEHICULE(`VEHIMMAT`,`VEHNOM`) VALUES ('FQ729WV','Citroen ');

INSERT INTO CHAUFFEUR(`CHFID`,`CHFNOM`,`CHFPRENOM`,`CHFTEL`,`CHFMAIL`) VALUES ('9720','Le roux ','Gabriel ','0627218705 ','Gabriel.Le roux@gmail.com');
INSERT INTO COMMUNE(`VILID`,`VILNOM`) VALUES ('18720','Saint-Sulpice-de-Guilleragues ');
INSERT INTO LIEU(`LIEUID`,`VILID`,`LIEUNOM`) VALUES ('13720','18720','rryssowa');
INSERT INTO VEHICULE(`VEHIMMAT`,`VEHNOM`) VALUES ('BM949OZ','Citroen ');

INSERT INTO CHAUFFEUR(`CHFID`,`CHFNOM`,`CHFPRENOM`,`CHFTEL`,`CHFMAIL`) VALUES ('9730','Chauvin ','Adrien ','0689214927 ','Adrien.Chauvin@gmail.com');
INSERT INTO COMMUNE(`VILID`,`VILNOM`) VALUES ('18730','Sainte-Suzanne-sur-Vire ');
INSERT INTO LIEU(`LIEUID`,`VILID`,`LIEUNOM`) VALUES ('13730','18730','wimmeffyn');
INSERT INTO VEHICULE(`VEHIMMAT`,`VEHNOM`) VALUES ('YP216NG','Ford ');

INSERT INTO CHAUFFEUR(`CHFID`,`CHFNOM`,`CHFPRENOM`,`CHFTEL`,`CHFMAIL`) VALUES ('9740','Lemaitre ','Robin ','0667278547 ','Robin.Lemaitre@gmail.com');
INSERT INTO COMMUNE(`VILID`,`VILNOM`) VALUES ('18740','Paris ');
INSERT INTO LIEU(`LIEUID`,`VILID`,`LIEUNOM`) VALUES ('13740','18740','mmuzyjo');
INSERT INTO VEHICULE(`VEHIMMAT`,`VEHNOM`) VALUES ('GT696FE','Fiat ');

INSERT INTO CHAUFFEUR(`CHFID`,`CHFNOM`,`CHFPRENOM`,`CHFTEL`,`CHFMAIL`) VALUES ('9750','Martin ','Gaspard ','0681694949 ','Gaspard.Martin@gmail.com');
INSERT INTO COMMUNE(`VILID`,`VILNOM`) VALUES ('18750','Véria ');
INSERT INTO LIEU(`LIEUID`,`VILID`,`LIEUNOM`) VALUES ('13750','18750','rroddon');
INSERT INTO VEHICULE(`VEHIMMAT`,`VEHNOM`) VALUES ('PC947CH','Ford ');

INSERT INTO CHAUFFEUR(`CHFID`,`CHFNOM`,`CHFPRENOM`,`CHFTEL`,`CHFMAIL`) VALUES ('9760','Ollivier ','Kevin ','0689214927 ','Kevin.Ollivier@gmail.com');
INSERT INTO COMMUNE(`VILID`,`VILNOM`) VALUES ('18760','Steinsoultz ');
INSERT INTO LIEU(`LIEUID`,`VILID`,`LIEUNOM`) VALUES ('13760','18760','reso');
INSERT INTO VEHICULE(`VEHIMMAT`,`VEHNOM`) VALUES ('VW743OT','Citroen ');

INSERT INTO CHAUFFEUR(`CHFID`,`CHFNOM`,`CHFPRENOM`,`CHFTEL`,`CHFMAIL`) VALUES ('9770','Langlois ','Fabrice ','0681694949 ','Fabrice.Langlois@gmail.com');
INSERT INTO COMMUNE(`VILID`,`VILNOM`) VALUES ('18770','Damvix ');
INSERT INTO LIEU(`LIEUID`,`VILID`,`LIEUNOM`) VALUES ('13770','18770','qunnuffaq');
INSERT INTO VEHICULE(`VEHIMMAT`,`VEHNOM`) VALUES ('GF458XU','Renault ');

INSERT INTO CHAUFFEUR(`CHFID`,`CHFNOM`,`CHFPRENOM`,`CHFTEL`,`CHFMAIL`) VALUES ('9780','Jean ','Enzo ','0623238167 ','Enzo.Jean@gmail.com');
INSERT INTO COMMUNE(`VILID`,`VILNOM`) VALUES ('18780','Digny ');
INSERT INTO LIEU(`LIEUID`,`VILID`,`LIEUNOM`) VALUES ('13780','18780','ddogiro');
INSERT INTO VEHICULE(`VEHIMMAT`,`VEHNOM`) VALUES ('ET490DM','Volkswagen ');

INSERT INTO CHAUFFEUR(`CHFID`,`CHFNOM`,`CHFPRENOM`,`CHFTEL`,`CHFMAIL`) VALUES ('9790','Bazin ','Léonard ','0649812967 ','Léonard.Bazin@gmail.com');
INSERT INTO COMMUNE(`VILID`,`VILNOM`) VALUES ('18790','Sainte-Eulalie ');
INSERT INTO LIEU(`LIEUID`,`VILID`,`LIEUNOM`) VALUES ('13790','18790','ddafilosyj');
INSERT INTO VEHICULE(`VEHIMMAT`,`VEHNOM`) VALUES ('DC301UZ','Renault ');

INSERT INTO CHAUFFEUR(`CHFID`,`CHFNOM`,`CHFPRENOM`,`CHFTEL`,`CHFMAIL`) VALUES ('9800','Le goff ','Benjamin ','0601812327 ','Benjamin.Le goff@gmail.com');
INSERT INTO COMMUNE(`VILID`,`VILNOM`) VALUES ('18800','Le Plessis-Luzarches ');
INSERT INTO LIEU(`LIEUID`,`VILID`,`LIEUNOM`) VALUES ('13800','18800','llunim');
INSERT INTO VEHICULE(`VEHIMMAT`,`VEHNOM`) VALUES ('OD414TW','Peugeot ');

INSERT INTO CHAUFFEUR(`CHFID`,`CHFNOM`,`CHFPRENOM`,`CHFTEL`,`CHFMAIL`) VALUES ('9810','Martinez ','Evan ','0629216167 ','Evan.Martinez@gmail.com');
INSERT INTO COMMUNE(`VILID`,`VILNOM`) VALUES ('18810','Pont-Saint-Vincent ');
INSERT INTO LIEU(`LIEUID`,`VILID`,`LIEUNOM`) VALUES ('13810','18810','nuppammott');
INSERT INTO VEHICULE(`VEHIMMAT`,`VEHNOM`) VALUES ('JU129UN','Fiat ');

INSERT INTO CHAUFFEUR(`CHFID`,`CHFNOM`,`CHFPRENOM`,`CHFTEL`,`CHFMAIL`) VALUES ('9820','Boulanger ','Laura ','0645610725 ','Laura.Boulanger@gmail.com');
INSERT INTO COMMUNE(`VILID`,`VILNOM`) VALUES ('18820','Rivière-Pilote ');
INSERT INTO LIEU(`LIEUID`,`VILID`,`LIEUNOM`) VALUES ('13820','18820','ssidde');
INSERT INTO VEHICULE(`VEHIMMAT`,`VEHNOM`) VALUES ('NY909IP','Fiat ');

INSERT INTO CHAUFFEUR(`CHFID`,`CHFNOM`,`CHFPRENOM`,`CHFTEL`,`CHFMAIL`) VALUES ('9830','Leblanc ','Léane ','0683856121 ','Léane.Leblanc@gmail.com');
INSERT INTO COMMUNE(`VILID`,`VILNOM`) VALUES ('18830','La Collancelle ');
INSERT INTO LIEU(`LIEUID`,`VILID`,`LIEUNOM`) VALUES ('13830','18830','hetov');
INSERT INTO VEHICULE(`VEHIMMAT`,`VEHNOM`) VALUES ('SX274BU','Opel');

INSERT INTO CHAUFFEUR(`CHFID`,`CHFNOM`,`CHFPRENOM`,`CHFTEL`,`CHFMAIL`) VALUES ('9840','Gauthier ','Aaron ','0623874789 ','Aaron.Gauthier@gmail.com');
INSERT INTO COMMUNE(`VILID`,`VILNOM`) VALUES ('18840','Tayac ');
INSERT INTO LIEU(`LIEUID`,`VILID`,`LIEUNOM`) VALUES ('13840','18840','ssizup');
INSERT INTO VEHICULE(`VEHIMMAT`,`VEHNOM`) VALUES ('NQ769QH','Opel');

INSERT INTO CHAUFFEUR(`CHFID`,`CHFNOM`,`CHFPRENOM`,`CHFTEL`,`CHFMAIL`) VALUES ('9850','Tran ','Lauriane ','0681838701 ','Lauriane.Tran@gmail.com');
INSERT INTO COMMUNE(`VILID`,`VILNOM`) VALUES ('18850','Sourniac ');
INSERT INTO LIEU(`LIEUID`,`VILID`,`LIEUNOM`) VALUES ('13850','18850','piddyke');
INSERT INTO VEHICULE(`VEHIMMAT`,`VEHNOM`) VALUES ('DK747OR','Citroen ');

INSERT INTO CHAUFFEUR(`CHFID`,`CHFNOM`,`CHFPRENOM`,`CHFTEL`,`CHFMAIL`) VALUES ('9860','Jacquet ','Gaspard ','0669496721 ','Gaspard.Jacquet@gmail.com');
INSERT INTO COMMUNE(`VILID`,`VILNOM`) VALUES ('18860','Plésidy ');
INSERT INTO LIEU(`LIEUID`,`VILID`,`LIEUNOM`) VALUES ('13860','18860','xyjocale');
INSERT INTO VEHICULE(`VEHIMMAT`,`VEHNOM`) VALUES ('RS565KH','Fiat ');

INSERT INTO CHAUFFEUR(`CHFID`,`CHFNOM`,`CHFPRENOM`,`CHFTEL`,`CHFMAIL`) VALUES ('9870','Herve ','Rose ','0629216167 ','Rose.Herve@gmail.com');
INSERT INTO COMMUNE(`VILID`,`VILNOM`) VALUES ('18870','Chardeny ');
INSERT INTO LIEU(`LIEUID`,`VILID`,`LIEUNOM`) VALUES ('13870','18870','nnoffyq');
INSERT INTO VEHICULE(`VEHIMMAT`,`VEHNOM`) VALUES ('AF412BO','Citroen ');

INSERT INTO CHAUFFEUR(`CHFID`,`CHFNOM`,`CHFPRENOM`,`CHFTEL`,`CHFMAIL`) VALUES ('9880','Pons ','Simon ','0601470529 ','Simon.Pons@gmail.com');
INSERT INTO COMMUNE(`VILID`,`VILNOM`) VALUES ('18880','Saint-Cyr ');
INSERT INTO LIEU(`LIEUID`,`VILID`,`LIEUNOM`) VALUES ('13880','18880','hyffim');
INSERT INTO VEHICULE(`VEHIMMAT`,`VEHNOM`) VALUES ('FY181EN','Opel');

INSERT INTO CHAUFFEUR(`CHFID`,`CHFNOM`,`CHFPRENOM`,`CHFTEL`,`CHFMAIL`) VALUES ('9890','Navarro ','Dimitri ','0683872161 ','Dimitri.Navarro@gmail.com');
INSERT INTO COMMUNE(`VILID`,`VILNOM`) VALUES ('18890','Berhet ');
INSERT INTO LIEU(`LIEUID`,`VILID`,`LIEUNOM`) VALUES ('13890','18890','qynimm');
INSERT INTO VEHICULE(`VEHIMMAT`,`VEHNOM`) VALUES ('IT618XM','Citroen ');

INSERT INTO CHAUFFEUR(`CHFID`,`CHFNOM`,`CHFPRENOM`,`CHFTEL`,`CHFMAIL`) VALUES ('9900','Courtois ','Gilbert ','0689078163 ','Gilbert.Courtois@gmail.com');
INSERT INTO COMMUNE(`VILID`,`VILNOM`) VALUES ('18900','Ozenx-Montestrucq ');
INSERT INTO LIEU(`LIEUID`,`VILID`,`LIEUNOM`) VALUES ('13900','18900','xaneffuppex');
INSERT INTO VEHICULE(`VEHIMMAT`,`VEHNOM`) VALUES ('VO725SL','Ford ');

INSERT INTO CHAUFFEUR(`CHFID`,`CHFNOM`,`CHFPRENOM`,`CHFTEL`,`CHFMAIL`) VALUES ('9910','Lucas ','Timothée ','0607832509 ','Timothée.Lucas@gmail.com');
INSERT INTO COMMUNE(`VILID`,`VILNOM`) VALUES ('18910','Prats-du-Périgord ');
INSERT INTO LIEU(`LIEUID`,`VILID`,`LIEUNOM`) VALUES ('13910','18910','ttahakid');
INSERT INTO VEHICULE(`VEHIMMAT`,`VEHNOM`) VALUES ('SJ456FU','Renault ');

INSERT INTO CHAUFFEUR(`CHFID`,`CHFNOM`,`CHFPRENOM`,`CHFTEL`,`CHFMAIL`) VALUES ('9920','Jacques ','Eric ','0601812327 ','Eric.Jacques@gmail.com');
INSERT INTO COMMUNE(`VILID`,`VILNOM`) VALUES ('18920','Amancey ');
INSERT INTO LIEU(`LIEUID`,`VILID`,`LIEUNOM`) VALUES ('13920','18920','quvarri');
INSERT INTO VEHICULE(`VEHIMMAT`,`VEHNOM`) VALUES ('CZ430PW','Opel');

INSERT INTO CHAUFFEUR(`CHFID`,`CHFNOM`,`CHFPRENOM`,`CHFTEL`,`CHFMAIL`) VALUES ('9930','Marty ','Baptiste ','0687832121 ','Baptiste.Marty@gmail.com');
INSERT INTO COMMUNE(`VILID`,`VILNOM`) VALUES ('18930','Enquin-sur-Baillons ');
INSERT INTO LIEU(`LIEUID`,`VILID`,`LIEUNOM`) VALUES ('13930','18930','nogyca');
INSERT INTO VEHICULE(`VEHIMMAT`,`VEHNOM`) VALUES ('KJ270NW','Opel');

INSERT INTO CHAUFFEUR(`CHFID`,`CHFNOM`,`CHFPRENOM`,`CHFTEL`,`CHFMAIL`) VALUES ('9940','Jacques ','Cloé ','0687654907 ','Cloé.Jacques@gmail.com');
INSERT INTO COMMUNE(`VILID`,`VILNOM`) VALUES ('18940','Sivry-sur-Meuse ');
INSERT INTO LIEU(`LIEUID`,`VILID`,`LIEUNOM`) VALUES ('13940','18940','recussip');
INSERT INTO VEHICULE(`VEHIMMAT`,`VEHNOM`) VALUES ('BY961IV','Ford ');

INSERT INTO CHAUFFEUR(`CHFID`,`CHFNOM`,`CHFPRENOM`,`CHFTEL`,`CHFMAIL`) VALUES ('9950','Fontaine ','Agathe ','0603216743 ','Agathe.Fontaine@gmail.com');
INSERT INTO COMMUNE(`VILID`,`VILNOM`) VALUES ('18950','Seuzey ');
INSERT INTO LIEU(`LIEUID`,`VILID`,`LIEUNOM`) VALUES ('13950','18950','nnydarroho');
INSERT INTO VEHICULE(`VEHIMMAT`,`VEHNOM`) VALUES ('DA309GD','Fiat ');

INSERT INTO CHAUFFEUR(`CHFID`,`CHFNOM`,`CHFPRENOM`,`CHFTEL`,`CHFMAIL`) VALUES ('9960','Fischer ','Kilian ','0623416301 ','Kilian.Fischer@gmail.com');
INSERT INTO COMMUNE(`VILID`,`VILNOM`) VALUES ('18960','Chémery-sur-Bar ');
INSERT INTO LIEU(`LIEUID`,`VILID`,`LIEUNOM`) VALUES ('13960','18960','sidde');
INSERT INTO VEHICULE(`VEHIMMAT`,`VEHNOM`) VALUES ('VW901KD','Opel');

INSERT INTO CHAUFFEUR(`CHFID`,`CHFNOM`,`CHFPRENOM`,`CHFTEL`,`CHFMAIL`) VALUES ('9970','Coste ','Léonard ','0601470529 ','Léonard.Coste@gmail.com');
INSERT INTO COMMUNE(`VILID`,`VILNOM`) VALUES ('18970','Vernon ');
INSERT INTO LIEU(`LIEUID`,`VILID`,`LIEUNOM`) VALUES ('13970','18970','xerod');
INSERT INTO VEHICULE(`VEHIMMAT`,`VEHNOM`) VALUES ('YP892LK','BMW ');

INSERT INTO CHAUFFEUR(`CHFID`,`CHFNOM`,`CHFPRENOM`,`CHFTEL`,`CHFMAIL`) VALUES ('9980','Pichon ','Thibault ','0605018987 ','Thibault.Pichon@gmail.com');
INSERT INTO COMMUNE(`VILID`,`VILNOM`) VALUES ('18980','Le Ménil-Vicomte ');
INSERT INTO LIEU(`LIEUID`,`VILID`,`LIEUNOM`) VALUES ('13980','18980','llovupoje');
INSERT INTO VEHICULE(`VEHIMMAT`,`VEHNOM`) VALUES ('SB250NC','Volkswagen ');

INSERT INTO CHAUFFEUR(`CHFID`,`CHFNOM`,`CHFPRENOM`,`CHFTEL`,`CHFMAIL`) VALUES ('9990','Gerard ','Titouan ','0607250367 ','Titouan.Gerard@gmail.com');
INSERT INTO COMMUNE(`VILID`,`VILNOM`) VALUES ('18990','Saint-Baudille-et-Pipet ');
INSERT INTO LIEU(`LIEUID`,`VILID`,`LIEUNOM`) VALUES ('13990','18990','llulefaje');
INSERT INTO VEHICULE(`VEHIMMAT`,`VEHNOM`) VALUES ('AF250VC','BMW ');

INSERT INTO CHAUFFEUR(`CHFID`,`CHFNOM`,`CHFPRENOM`,`CHFTEL`,`CHFMAIL`) VALUES ('10000','Germain ','Alexandra ','0689078163 ','Alexandra.Germain@gmail.com');
INSERT INTO COMMUNE(`VILID`,`VILNOM`) VALUES ('19000','Vouziers ');
INSERT INTO LIEU(`LIEUID`,`VILID`,`LIEUNOM`) VALUES ('14000','19000','kaqule');
INSERT INTO VEHICULE(`VEHIMMAT`,`VEHNOM`) VALUES ('EF650RS','Opel');

INSERT INTO CHAUFFEUR(`CHFID`,`CHFNOM`,`CHFPRENOM`,`CHFTEL`,`CHFMAIL`) VALUES ('10010','Sanchez ','Marwane ','0603298747 ','Marwane.Sanchez@gmail.com');
INSERT INTO COMMUNE(`VILID`,`VILNOM`) VALUES ('19010','Saint-Priest-la-Plaine ');
INSERT INTO LIEU(`LIEUID`,`VILID`,`LIEUNOM`) VALUES ('14010','19010','mmoritussyd');
INSERT INTO VEHICULE(`VEHIMMAT`,`VEHNOM`) VALUES ('XG165AB','Volkswagen ');

INSERT INTO CHAUFFEUR(`CHFID`,`CHFNOM`,`CHFPRENOM`,`CHFTEL`,`CHFMAIL`) VALUES ('10020','Fabre ','Grégory ','0621052761 ','Grégory.Fabre@gmail.com');
INSERT INTO COMMUNE(`VILID`,`VILNOM`) VALUES ('19020','Sainte-Aulde ');
INSERT INTO LIEU(`LIEUID`,`VILID`,`LIEUNOM`) VALUES ('14020','19020','qelideniq');
INSERT INTO VEHICULE(`VEHIMMAT`,`VEHNOM`) VALUES ('KV614TI','Ford ');

INSERT INTO CHAUFFEUR(`CHFID`,`CHFNOM`,`CHFPRENOM`,`CHFTEL`,`CHFMAIL`) VALUES ('10030','Masse ','Nolan ','0603276343 ','Nolan.Masse@gmail.com');
INSERT INTO COMMUNE(`VILID`,`VILNOM`) VALUES ('19030','Mieussy ');
INSERT INTO LIEU(`LIEUID`,`VILID`,`LIEUNOM`) VALUES ('14030','19030','foru');
INSERT INTO VEHICULE(`VEHIMMAT`,`VEHNOM`) VALUES ('GZ274BM','Ford ');

INSERT INTO CHAUFFEUR(`CHFID`,`CHFNOM`,`CHFPRENOM`,`CHFTEL`,`CHFMAIL`) VALUES ('10040','Michel ','Lilian ','0607058927 ','Lilian.Michel@gmail.com');
INSERT INTO COMMUNE(`VILID`,`VILNOM`) VALUES ('19040','Mercey ');
INSERT INTO LIEU(`LIEUID`,`VILID`,`LIEUNOM`) VALUES ('14040','19040','nennogoha');
INSERT INTO VEHICULE(`VEHIMMAT`,`VEHNOM`) VALUES ('SX030LU','Fiat ');

INSERT INTO CHAUFFEUR(`CHFID`,`CHFNOM`,`CHFPRENOM`,`CHFTEL`,`CHFMAIL`) VALUES ('10050','Roger ','Victor ','0685054149 ','Victor.Roger@gmail.com');
INSERT INTO COMMUNE(`VILID`,`VILNOM`) VALUES ('19050','Lamothe-Capdeville ');
INSERT INTO LIEU(`LIEUID`,`VILID`,`LIEUNOM`) VALUES ('14050','19050','sittotif');
INSERT INTO VEHICULE(`VEHIMMAT`,`VEHNOM`) VALUES ('BY149WZ','Ford ');

INSERT INTO CHAUFFEUR(`CHFID`,`CHFNOM`,`CHFPRENOM`,`CHFTEL`,`CHFMAIL`) VALUES ('10060','Breton ','Rayane ','0629872569 ','Rayane.Breton@gmail.com');
INSERT INTO COMMUNE(`VILID`,`VILNOM`) VALUES ('19060','Méricourt-sur-Somme ');
INSERT INTO LIEU(`LIEUID`,`VILID`,`LIEUNOM`) VALUES ('14060','19060','llused');
INSERT INTO VEHICULE(`VEHIMMAT`,`VEHNOM`) VALUES ('EX070DK','Citroen ');

INSERT INTO CHAUFFEUR(`CHFID`,`CHFNOM`,`CHFPRENOM`,`CHFTEL`,`CHFMAIL`) VALUES ('10070','Nicolas ','Gabriel ','0601298507 ','Gabriel.Nicolas@gmail.com');
INSERT INTO COMMUNE(`VILID`,`VILNOM`) VALUES ('19070','La Chaussée-sur-Marne ');
INSERT INTO LIEU(`LIEUID`,`VILID`,`LIEUNOM`) VALUES ('14070','19070','nnype');
INSERT INTO VEHICULE(`VEHIMMAT`,`VEHNOM`) VALUES ('YX852VQ','BMW ');

INSERT INTO CHAUFFEUR(`CHFID`,`CHFNOM`,`CHFPRENOM`,`CHFTEL`,`CHFMAIL`) VALUES ('10080','Martin ','Nina ','0665496505 ','Nina.Martin@gmail.com');
INSERT INTO COMMUNE(`VILID`,`VILNOM`) VALUES ('19080','Saint-Victurnien ');
INSERT INTO LIEU(`LIEUID`,`VILID`,`LIEUNOM`) VALUES ('14080','19080','byryqow');
INSERT INTO VEHICULE(`VEHIMMAT`,`VEHNOM`) VALUES ('PS587UT','Volkswagen ');

INSERT INTO CHAUFFEUR(`CHFID`,`CHFNOM`,`CHFPRENOM`,`CHFTEL`,`CHFMAIL`) VALUES ('10090','Robin ','Mathilde ','0647212943 ','Mathilde.Robin@gmail.com');
INSERT INTO COMMUNE(`VILID`,`VILNOM`) VALUES ('19090','Aniche ');
INSERT INTO LIEU(`LIEUID`,`VILID`,`LIEUNOM`) VALUES ('14090','19090','nuttixa');
INSERT INTO VEHICULE(`VEHIMMAT`,`VEHNOM`) VALUES ('XO707MF','Peugeot ');

INSERT INTO CHAUFFEUR(`CHFID`,`CHFNOM`,`CHFPRENOM`,`CHFTEL`,`CHFMAIL`) VALUES ('10100','Robert ','Guillaume ','0603216743 ','Guillaume.Robert@gmail.com');
INSERT INTO COMMUNE(`VILID`,`VILNOM`) VALUES ('19100','Cysoing ');
INSERT INTO LIEU(`LIEUID`,`VILID`,`LIEUNOM`) VALUES ('14100','19100','jessinn');
INSERT INTO VEHICULE(`VEHIMMAT`,`VEHNOM`) VALUES ('AL638DQ','Volkswagen ');

INSERT INTO CHAUFFEUR(`CHFID`,`CHFNOM`,`CHFPRENOM`,`CHFTEL`,`CHFMAIL`) VALUES ('10110','Dufour ','Julien ','0683872161 ','Julien.Dufour@gmail.com');
INSERT INTO COMMUNE(`VILID`,`VILNOM`) VALUES ('19110','Montjean ');
INSERT INTO LIEU(`LIEUID`,`VILID`,`LIEUNOM`) VALUES ('14110','19110','meparre');
INSERT INTO VEHICULE(`VEHIMMAT`,`VEHNOM`) VALUES ('OH632XK','BMW ');

INSERT INTO CHAUFFEUR(`CHFID`,`CHFNOM`,`CHFPRENOM`,`CHFTEL`,`CHFMAIL`) VALUES ('10120','Bernard ','Marine ','0623416301 ','Marine.Bernard@gmail.com');
INSERT INTO COMMUNE(`VILID`,`VILNOM`) VALUES ('19120','Desmonts ');
INSERT INTO LIEU(`LIEUID`,`VILID`,`LIEUNOM`) VALUES ('14120','19120','keqimmu');
INSERT INTO VEHICULE(`VEHIMMAT`,`VEHNOM`) VALUES ('OH252DS','Opel');

INSERT INTO CHAUFFEUR(`CHFID`,`CHFNOM`,`CHFPRENOM`,`CHFTEL`,`CHFMAIL`) VALUES ('10130','Lebreton ','Cédric ','0623032949 ','Cédric.Lebreton@gmail.com');
INSERT INTO COMMUNE(`VILID`,`VILNOM`) VALUES ('19130','Ervillers ');
INSERT INTO LIEU(`LIEUID`,`VILID`,`LIEUNOM`) VALUES ('14130','19130','ttedete');
INSERT INTO VEHICULE(`VEHIMMAT`,`VEHNOM`) VALUES ('CP012BI','Opel');

INSERT INTO CHAUFFEUR(`CHFID`,`CHFNOM`,`CHFPRENOM`,`CHFTEL`,`CHFMAIL`) VALUES ('10140','Durand ','Zacharis ','0643030121 ','Zacharis.Durand@gmail.com');
INSERT INTO COMMUNE(`VILID`,`VILNOM`) VALUES ('19140','Pompignan ');
INSERT INTO LIEU(`LIEUID`,`VILID`,`LIEUNOM`) VALUES ('14140','19140','ttexifele');
INSERT INTO VEHICULE(`VEHIMMAT`,`VEHNOM`) VALUES ('QZ012HM','Volkswagen ');

INSERT INTO CHAUFFEUR(`CHFID`,`CHFNOM`,`CHFPRENOM`,`CHFTEL`,`CHFMAIL`) VALUES ('10150','Le goff ','Clément ','0645616129 ','Clément.Le goff@gmail.com');
INSERT INTO COMMUNE(`VILID`,`VILNOM`) VALUES ('19150','Noiron-sur-Bèze ');
INSERT INTO LIEU(`LIEUID`,`VILID`,`LIEUNOM`) VALUES ('14150','19150','llecacaz');
INSERT INTO VEHICULE(`VEHIMMAT`,`VEHNOM`) VALUES ('RC147EV','Renault ');

INSERT INTO CHAUFFEUR(`CHFID`,`CHFNOM`,`CHFPRENOM`,`CHFTEL`,`CHFMAIL`) VALUES ('10160','Lemoine ','Juliette ','0605018987 ','Juliette.Lemoine@gmail.com');
INSERT INTO COMMUNE(`VILID`,`VILNOM`) VALUES ('19160','Carentoir ');
INSERT INTO LIEU(`LIEUID`,`VILID`,`LIEUNOM`) VALUES ('14160','19160','ffelyffessa');
INSERT INTO VEHICULE(`VEHIMMAT`,`VEHNOM`) VALUES ('LU503YX','Fiat ');

INSERT INTO CHAUFFEUR(`CHFID`,`CHFNOM`,`CHFPRENOM`,`CHFTEL`,`CHFMAIL`) VALUES ('10170','Pichon ','Antoine ','0603276343 ','Antoine.Pichon@gmail.com');
INSERT INTO COMMUNE(`VILID`,`VILNOM`) VALUES ('19170','Orsonville ');
INSERT INTO LIEU(`LIEUID`,`VILID`,`LIEUNOM`) VALUES ('14170','19170','llakef');
INSERT INTO VEHICULE(`VEHIMMAT`,`VEHNOM`) VALUES ('UH492VY','Renault ');

INSERT INTO CHAUFFEUR(`CHFID`,`CHFNOM`,`CHFPRENOM`,`CHFTEL`,`CHFMAIL`) VALUES ('10180','Fleury ','Léa ','0607250367 ','Léa.Fleury@gmail.com');
INSERT INTO COMMUNE(`VILID`,`VILNOM`) VALUES ('19180','Lalande-de-Pomerol ');
INSERT INTO LIEU(`LIEUID`,`VILID`,`LIEUNOM`) VALUES ('14180','19180','ppevumija');
INSERT INTO VEHICULE(`VEHIMMAT`,`VEHNOM`) VALUES ('IT092ZC','Fiat ');

INSERT INTO CHAUFFEUR(`CHFID`,`CHFNOM`,`CHFPRENOM`,`CHFTEL`,`CHFMAIL`) VALUES ('10190','Garnier ','Corentin ','0689214927 ','Corentin.Garnier@gmail.com');
INSERT INTO COMMUNE(`VILID`,`VILNOM`) VALUES ('19190','Oltingue ');
INSERT INTO LIEU(`LIEUID`,`VILID`,`LIEUNOM`) VALUES ('14190','19190','jibomiffa');
INSERT INTO VEHICULE(`VEHIMMAT`,`VEHNOM`) VALUES ('SL434DS','Fiat ');

INSERT INTO CHAUFFEUR(`CHFID`,`CHFNOM`,`CHFPRENOM`,`CHFTEL`,`CHFMAIL`) VALUES ('10200','Briand ','David ','0683234945 ','David.Briand@gmail.com');
INSERT INTO COMMUNE(`VILID`,`VILNOM`) VALUES ('19200','Montigny-sur-l\'Hallue ');
INSERT INTO LIEU(`LIEUID`,`VILID`,`LIEUNOM`) VALUES ('14200','19200','ssomekez');
INSERT INTO VEHICULE(`VEHIMMAT`,`VEHNOM`) VALUES ('BG583ER','Renault ');

INSERT INTO CHAUFFEUR(`CHFID`,`CHFNOM`,`CHFPRENOM`,`CHFTEL`,`CHFMAIL`) VALUES ('10210','Lacombe ','Timothée ','0645012307 ','Timothée.Lacombe@gmail.com');
INSERT INTO COMMUNE(`VILID`,`VILNOM`) VALUES ('19210','Lansac ');
INSERT INTO LIEU(`LIEUID`,`VILID`,`LIEUNOM`) VALUES ('14210','19210','lurra');
INSERT INTO VEHICULE(`VEHIMMAT`,`VEHNOM`) VALUES ('NU729QP','Citroen ');

INSERT INTO CHAUFFEUR(`CHFID`,`CHFNOM`,`CHFPRENOM`,`CHFTEL`,`CHFMAIL`) VALUES ('10220','Brunet ','Léonard ','0607832509 ','Léonard.Brunet@gmail.com');
INSERT INTO COMMUNE(`VILID`,`VILNOM`) VALUES ('19220','Mathay ');
INSERT INTO LIEU(`LIEUID`,`VILID`,`LIEUNOM`) VALUES ('14220','19220','ryqerreva');
INSERT INTO VEHICULE(`VEHIMMAT`,`VEHNOM`) VALUES ('XK529WL','Renault ');

INSERT INTO CHAUFFEUR(`CHFID`,`CHFNOM`,`CHFPRENOM`,`CHFTEL`,`CHFMAIL`) VALUES ('10230','Thomas ','Léonard ','0627434707 ','Léonard.Thomas@gmail.com');
INSERT INTO COMMUNE(`VILID`,`VILNOM`) VALUES ('19230','Tours-sur-Marne ');
INSERT INTO LIEU(`LIEUID`,`VILID`,`LIEUNOM`) VALUES ('14230','19230','ffaffaku');
INSERT INTO VEHICULE(`VEHIMMAT`,`VEHNOM`) VALUES ('VY327MF','Citroen ');

INSERT INTO CHAUFFEUR(`CHFID`,`CHFNOM`,`CHFPRENOM`,`CHFTEL`,`CHFMAIL`) VALUES ('10240','Dupond ','Kilian ','0667834147 ','Kilian.Dupond@gmail.com');
INSERT INTO COMMUNE(`VILID`,`VILNOM`) VALUES ('19240','Duran ');
INSERT INTO LIEU(`LIEUID`,`VILID`,`LIEUNOM`) VALUES ('14240','19240','luku');
INSERT INTO VEHICULE(`VEHIMMAT`,`VEHNOM`) VALUES ('XS301CB','Citroen ');

INSERT INTO CHAUFFEUR(`CHFID`,`CHFNOM`,`CHFPRENOM`,`CHFTEL`,`CHFMAIL`) VALUES ('10250','Pelletier ','Élisa ','0663252121 ','Élisa.Pelletier@gmail.com');
INSERT INTO COMMUNE(`VILID`,`VILNOM`) VALUES ('19250','Vy-lès-Filain ');
INSERT INTO LIEU(`LIEUID`,`VILID`,`LIEUNOM`) VALUES ('14250','19250','dduddunniwu');
INSERT INTO VEHICULE(`VEHIMMAT`,`VEHNOM`) VALUES ('TW907AL','BMW ');

INSERT INTO CHAUFFEUR(`CHFID`,`CHFNOM`,`CHFPRENOM`,`CHFTEL`,`CHFMAIL`) VALUES ('10260','Cordier ','Simon ','0663476341 ','Simon.Cordier@gmail.com');
INSERT INTO COMMUNE(`VILID`,`VILNOM`) VALUES ('19260','Coulanges-sur-Yonne ');
INSERT INTO LIEU(`LIEUID`,`VILID`,`LIEUNOM`) VALUES ('14260','19260','coki');
INSERT INTO VEHICULE(`VEHIMMAT`,`VEHNOM`) VALUES ('TY901AH','Fiat ');

INSERT INTO CHAUFFEUR(`CHFID`,`CHFNOM`,`CHFPRENOM`,`CHFTEL`,`CHFMAIL`) VALUES ('10270','Navarro ','Rayane ','0665092307 ','Rayane.Navarro@gmail.com');
INSERT INTO COMMUNE(`VILID`,`VILNOM`) VALUES ('19270','Béréziat ');
INSERT INTO LIEU(`LIEUID`,`VILID`,`LIEUNOM`) VALUES ('14270','19270','ttytturrag');
INSERT INTO VEHICULE(`VEHIMMAT`,`VEHNOM`) VALUES ('OZ898BG','Fiat ');

INSERT INTO CHAUFFEUR(`CHFID`,`CHFNOM`,`CHFPRENOM`,`CHFTEL`,`CHFMAIL`) VALUES ('10280','Bourgeois ','Zacharis ','0607614965 ','Zacharis.Bourgeois@gmail.com');
INSERT INTO COMMUNE(`VILID`,`VILNOM`) VALUES ('19280','Connaux ');
INSERT INTO LIEU(`LIEUID`,`VILID`,`LIEUNOM`) VALUES ('14280','19280','mmivi');
INSERT INTO VEHICULE(`VEHIMMAT`,`VEHNOM`) VALUES ('IJ218RW','Renault ');

INSERT INTO CHAUFFEUR(`CHFID`,`CHFNOM`,`CHFPRENOM`,`CHFTEL`,`CHFMAIL`) VALUES ('10290','Collin ','Alban','0681694949 ','Alban.Collin@gmail.com');
INSERT INTO COMMUNE(`VILID`,`VILNOM`) VALUES ('19290','Gevigney-et-Mercey ');
INSERT INTO LIEU(`LIEUID`,`VILID`,`LIEUNOM`) VALUES ('14290','19290','baxeddo');
INSERT INTO VEHICULE(`VEHIMMAT`,`VEHNOM`) VALUES ('AJ056XK','Ford ');

INSERT INTO CHAUFFEUR(`CHFID`,`CHFNOM`,`CHFPRENOM`,`CHFTEL`,`CHFMAIL`) VALUES ('10300','Gomez ','Marwane ','0663690789 ','Marwane.Gomez@gmail.com');
INSERT INTO COMMUNE(`VILID`,`VILNOM`) VALUES ('19300','Sauvagnon ');
INSERT INTO LIEU(`LIEUID`,`VILID`,`LIEUNOM`) VALUES ('14300','19300','qerrenattoq');
INSERT INTO VEHICULE(`VEHIMMAT`,`VEHNOM`) VALUES ('XM967IT','BMW ');

INSERT INTO CHAUFFEUR(`CHFID`,`CHFNOM`,`CHFPRENOM`,`CHFTEL`,`CHFMAIL`) VALUES ('10310','Guillon ','Jasmine ','0687816783 ','Jasmine.Guillon@gmail.com');
INSERT INTO COMMUNE(`VILID`,`VILNOM`) VALUES ('19310','Ercheu ');
INSERT INTO LIEU(`LIEUID`,`VILID`,`LIEUNOM`) VALUES ('14310','19310','rebullub');
INSERT INTO VEHICULE(`VEHIMMAT`,`VEHNOM`) VALUES ('MR676VU','Opel');

INSERT INTO CHAUFFEUR(`CHFID`,`CHFNOM`,`CHFPRENOM`,`CHFTEL`,`CHFMAIL`) VALUES ('10320','Ollivier ','Bruno ','0603216743 ','Bruno.Ollivier@gmail.com');
INSERT INTO COMMUNE(`VILID`,`VILNOM`) VALUES ('19320','Sainte-Marguerite-de-Viette ');
INSERT INTO LIEU(`LIEUID`,`VILID`,`LIEUNOM`) VALUES ('14320','19320','ffedoky');
INSERT INTO VEHICULE(`VEHIMMAT`,`VEHNOM`) VALUES ('UZ654XI','Citroen ');

INSERT INTO CHAUFFEUR(`CHFID`,`CHFNOM`,`CHFPRENOM`,`CHFTEL`,`CHFMAIL`) VALUES ('10330','Rodrigues ','Kimberley ','0663476341 ','Kimberley.Rodrigues@gmail.com');
INSERT INTO COMMUNE(`VILID`,`VILNOM`) VALUES ('19330','Domremy-Landéville ');
INSERT INTO LIEU(`LIEUID`,`VILID`,`LIEUNOM`) VALUES ('14330','19330','nime');
INSERT INTO VEHICULE(`VEHIMMAT`,`VEHNOM`) VALUES ('ED070BA','Citroen ');

INSERT INTO CHAUFFEUR(`CHFID`,`CHFNOM`,`CHFPRENOM`,`CHFTEL`,`CHFMAIL`) VALUES ('10340','Bigot ','Mehdi ','0681694949 ','Mehdi.Bigot@gmail.com');
INSERT INTO COMMUNE(`VILID`,`VILNOM`) VALUES ('19340','Dampierre ');
INSERT INTO LIEU(`LIEUID`,`VILID`,`LIEUNOM`) VALUES ('14340','19340','kiqerimmek');
INSERT INTO VEHICULE(`VEHIMMAT`,`VEHNOM`) VALUES ('DG367QT','Ford ');

INSERT INTO CHAUFFEUR(`CHFID`,`CHFNOM`,`CHFPRENOM`,`CHFTEL`,`CHFMAIL`) VALUES ('10350','Marie ','Maxence ','0623032949 ','Maxence.Marie@gmail.com');
INSERT INTO COMMUNE(`VILID`,`VILNOM`) VALUES ('19350','Saint-Marcouf ');
INSERT INTO LIEU(`LIEUID`,`VILID`,`LIEUNOM`) VALUES ('14350','19350','fydyhar');
INSERT INTO VEHICULE(`VEHIMMAT`,`VEHNOM`) VALUES ('KT610JS','BMW ');

INSERT INTO CHAUFFEUR(`CHFID`,`CHFNOM`,`CHFPRENOM`,`CHFTEL`,`CHFMAIL`) VALUES ('10360','Moreau ','Gabriel ','0645298725 ','Gabriel.Moreau@gmail.com');
INSERT INTO COMMUNE(`VILID`,`VILNOM`) VALUES ('19360','Ligueux ');
INSERT INTO LIEU(`LIEUID`,`VILID`,`LIEUNOM`) VALUES ('14360','19360','ppummajopo');
INSERT INTO VEHICULE(`VEHIMMAT`,`VEHNOM`) VALUES ('CJ214XQ','Fiat ');

INSERT INTO CHAUFFEUR(`CHFID`,`CHFNOM`,`CHFPRENOM`,`CHFTEL`,`CHFMAIL`) VALUES ('10370','Duhamel ','Tristan ','0681838701 ','Tristan.Duhamel@gmail.com');
INSERT INTO COMMUNE(`VILID`,`VILNOM`) VALUES ('19370','Saint-Pierre-la-Cour ');
INSERT INTO LIEU(`LIEUID`,`VILID`,`LIEUNOM`) VALUES ('14370','19370','wennyllejo');
INSERT INTO VEHICULE(`VEHIMMAT`,`VEHNOM`) VALUES ('WN610PU','Citroen ');

INSERT INTO CHAUFFEUR(`CHFID`,`CHFNOM`,`CHFPRENOM`,`CHFTEL`,`CHFMAIL`) VALUES ('10380','Muller ','Mélanie ','0603298747 ','Mélanie.Muller@gmail.com');
INSERT INTO COMMUNE(`VILID`,`VILNOM`) VALUES ('19380','Essigny-le-Petit ');
INSERT INTO LIEU(`LIEUID`,`VILID`,`LIEUNOM`) VALUES ('14380','19380','maxirunnyk');
INSERT INTO VEHICULE(`VEHIMMAT`,`VEHNOM`) VALUES ('BM967SN','BMW ');

INSERT INTO CHAUFFEUR(`CHFID`,`CHFNOM`,`CHFPRENOM`,`CHFTEL`,`CHFMAIL`) VALUES ('10390','Leduc ','Kilian ','0689614309 ','Kilian.Leduc@gmail.com');
INSERT INTO COMMUNE(`VILID`,`VILNOM`) VALUES ('19390','Entrevennes ');
INSERT INTO LIEU(`LIEUID`,`VILID`,`LIEUNOM`) VALUES ('14390','19390','mozonyte');
INSERT INTO VEHICULE(`VEHIMMAT`,`VEHNOM`) VALUES ('NY743GP','Peugeot ');

INSERT INTO CHAUFFEUR(`CHFID`,`CHFNOM`,`CHFPRENOM`,`CHFTEL`,`CHFMAIL`) VALUES ('10400','Marty ','Alexis ','0667096187 ','Alexis.Marty@gmail.com');
INSERT INTO COMMUNE(`VILID`,`VILNOM`) VALUES ('19400','Villers-la-Ville ');
INSERT INTO LIEU(`LIEUID`,`VILID`,`LIEUNOM`) VALUES ('14400','19400','ttennorujo');
INSERT INTO VEHICULE(`VEHIMMAT`,`VEHNOM`) VALUES ('FM183EZ','Citroen ');

INSERT INTO CHAUFFEUR(`CHFID`,`CHFNOM`,`CHFPRENOM`,`CHFTEL`,`CHFMAIL`) VALUES ('10410','Leclercq ','Clément ','0681832383 ','Clément.Leclercq@gmail.com');
INSERT INTO COMMUNE(`VILID`,`VILNOM`) VALUES ('19410','Changé ');
INSERT INTO LIEU(`LIEUID`,`VILID`,`LIEUNOM`) VALUES ('14410','19410','kewuddullom');
INSERT INTO VEHICULE(`VEHIMMAT`,`VEHNOM`) VALUES ('KV614BC','Fiat ');

INSERT INTO CHAUFFEUR(`CHFID`,`CHFNOM`,`CHFPRENOM`,`CHFTEL`,`CHFMAIL`) VALUES ('10420','Nguyen ','Amaury ','0665850981 ','Amaury.Nguyen@gmail.com');
INSERT INTO COMMUNE(`VILID`,`VILNOM`) VALUES ('19420','Guyonvelle ');
INSERT INTO LIEU(`LIEUID`,`VILID`,`LIEUNOM`) VALUES ('14420','19420','retta');
INSERT INTO VEHICULE(`VEHIMMAT`,`VEHNOM`) VALUES ('KV890TU','BMW ');

INSERT INTO CHAUFFEUR(`CHFID`,`CHFNOM`,`CHFPRENOM`,`CHFTEL`,`CHFMAIL`) VALUES ('10430','Hamon ','Edwige ','0607058927 ','Edwige.Hamon@gmail.com');
INSERT INTO COMMUNE(`VILID`,`VILNOM`) VALUES ('19430','Livré-sur-Changeon ');
INSERT INTO LIEU(`LIEUID`,`VILID`,`LIEUNOM`) VALUES ('14430','19430','dikozoko');
INSERT INTO VEHICULE(`VEHIMMAT`,`VEHNOM`) VALUES ('CV456DC','Citroen ');

INSERT INTO CHAUFFEUR(`CHFID`,`CHFNOM`,`CHFPRENOM`,`CHFTEL`,`CHFMAIL`) VALUES ('10440','Perez ','Evan ','0667278547 ','Evan.Perez@gmail.com');
INSERT INTO COMMUNE(`VILID`,`VILNOM`) VALUES ('19440','Mutigny ');
INSERT INTO LIEU(`LIEUID`,`VILID`,`LIEUNOM`) VALUES ('14440','19440','vinnyrynnus');
INSERT INTO VEHICULE(`VEHIMMAT`,`VEHNOM`) VALUES ('TI327YX','Opel');

INSERT INTO CHAUFFEUR(`CHFID`,`CHFNOM`,`CHFPRENOM`,`CHFTEL`,`CHFMAIL`) VALUES ('10450','Lebreton ','Arthur ','0663252121 ','Arthur.Lebreton@gmail.com');
INSERT INTO COMMUNE(`VILID`,`VILNOM`) VALUES ('19450','Belval-Bois-des-Dames ');
INSERT INTO LIEU(`LIEUID`,`VILID`,`LIEUNOM`) VALUES ('14450','19450','bocimyllell');
INSERT INTO VEHICULE(`VEHIMMAT`,`VEHNOM`) VALUES ('OR218LW','Volkswagen ');

INSERT INTO CHAUFFEUR(`CHFID`,`CHFNOM`,`CHFPRENOM`,`CHFTEL`,`CHFMAIL`) VALUES ('10460','Auger ','Diego ','0687832121 ','Diego.Auger@gmail.com');
INSERT INTO COMMUNE(`VILID`,`VILNOM`) VALUES ('19460','Neubois ');
INSERT INTO LIEU(`LIEUID`,`VILID`,`LIEUNOM`) VALUES ('14460','19460','gedil');
INSERT INTO VEHICULE(`VEHIMMAT`,`VEHNOM`) VALUES ('HI585EJ','Citroen ');

INSERT INTO CHAUFFEUR(`CHFID`,`CHFNOM`,`CHFPRENOM`,`CHFTEL`,`CHFMAIL`) VALUES ('10470','Berger ','Timéo ','0603298747 ','Timéo.Berger@gmail.com');
INSERT INTO COMMUNE(`VILID`,`VILNOM`) VALUES ('19470','Brandonvillers ');
INSERT INTO LIEU(`LIEUID`,`VILID`,`LIEUNOM`) VALUES ('14470','19470','lulliddepu');
INSERT INTO VEHICULE(`VEHIMMAT`,`VEHNOM`) VALUES ('ZC767AP','Ford ');

INSERT INTO CHAUFFEUR(`CHFID`,`CHFNOM`,`CHFPRENOM`,`CHFTEL`,`CHFMAIL`) VALUES ('10480','Rodrigues ','Diego ','0601892505 ','Diego.Rodrigues@gmail.com');
INSERT INTO COMMUNE(`VILID`,`VILNOM`) VALUES ('19480','Houlle ');
INSERT INTO LIEU(`LIEUID`,`VILID`,`LIEUNOM`) VALUES ('14480','19480','qifissimmug');
INSERT INTO VEHICULE(`VEHIMMAT`,`VEHNOM`) VALUES ('WL434VS','Opel');

INSERT INTO CHAUFFEUR(`CHFID`,`CHFNOM`,`CHFPRENOM`,`CHFTEL`,`CHFMAIL`) VALUES ('10490','Lecomte ','Léo ','0681838701 ','Léo.Lecomte@gmail.com');
INSERT INTO COMMUNE(`VILID`,`VILNOM`) VALUES ('19490','Saint-Cyprien ');
INSERT INTO LIEU(`LIEUID`,`VILID`,`LIEUNOM`) VALUES ('14490','19490','foqy');
INSERT INTO VEHICULE(`VEHIMMAT`,`VEHNOM`) VALUES ('GP894PK','Fiat ');

INSERT INTO CHAUFFEUR(`CHFID`,`CHFNOM`,`CHFPRENOM`,`CHFTEL`,`CHFMAIL`) VALUES ('10500','Charpentier ','Gabriel ','0627434707 ','Gabriel.Charpentier@gmail.com');
INSERT INTO COMMUNE(`VILID`,`VILNOM`) VALUES ('19500','Grust ');
INSERT INTO LIEU(`LIEUID`,`VILID`,`LIEUNOM`) VALUES ('14500','19500','sijacyq');
INSERT INTO VEHICULE(`VEHIMMAT`,`VEHNOM`) VALUES ('NY589MX','Volkswagen ');

INSERT INTO CHAUFFEUR(`CHFID`,`CHFNOM`,`CHFPRENOM`,`CHFTEL`,`CHFMAIL`) VALUES ('10510','Jacquet ','Fabrice ','0689272581 ','Fabrice.Jacquet@gmail.com');
INSERT INTO COMMUNE(`VILID`,`VILNOM`) VALUES ('19510','Le Héron ');
INSERT INTO LIEU(`LIEUID`,`VILID`,`LIEUNOM`) VALUES ('14510','19510','mmenodda');
INSERT INTO VEHICULE(`VEHIMMAT`,`VEHNOM`) VALUES ('XY749IJ','Ford ');

INSERT INTO CHAUFFEUR(`CHFID`,`CHFNOM`,`CHFPRENOM`,`CHFTEL`,`CHFMAIL`) VALUES ('10520','Carpentier ','Esteban ','0607898581 ','Esteban.Carpentier@gmail.com');
INSERT INTO COMMUNE(`VILID`,`VILNOM`) VALUES ('19520','Surbourg ');
INSERT INTO LIEU(`LIEUID`,`VILID`,`LIEUNOM`) VALUES ('14520','19520','zecevipe');
INSERT INTO VEHICULE(`VEHIMMAT`,`VEHNOM`) VALUES ('TO169AP','Opel');

INSERT INTO CHAUFFEUR(`CHFID`,`CHFNOM`,`CHFPRENOM`,`CHFTEL`,`CHFMAIL`) VALUES ('10530','Raymond ','Célia ','0683234945 ','Célia.Raymond@gmail.com');
INSERT INTO COMMUNE(`VILID`,`VILNOM`) VALUES ('19530','Fajoles ');
INSERT INTO LIEU(`LIEUID`,`VILID`,`LIEUNOM`) VALUES ('14530','19530','konarradd');
INSERT INTO VEHICULE(`VEHIMMAT`,`VEHNOM`) VALUES ('EH212TY','Renault ');

INSERT INTO CHAUFFEUR(`CHFID`,`CHFNOM`,`CHFPRENOM`,`CHFTEL`,`CHFMAIL`) VALUES ('10540','Meunier ','Juliette ','0601470529 ','Juliette.Meunier@gmail.com');
INSERT INTO COMMUNE(`VILID`,`VILNOM`) VALUES ('19540','La Houssaye ');
INSERT INTO LIEU(`LIEUID`,`VILID`,`LIEUNOM`) VALUES ('14540','19540','ppehutub');
INSERT INTO VEHICULE(`VEHIMMAT`,`VEHNOM`) VALUES ('VA141QD','Peugeot ');

INSERT INTO CHAUFFEUR(`CHFID`,`CHFNOM`,`CHFPRENOM`,`CHFTEL`,`CHFMAIL`) VALUES ('10550','Descamps ','Léon ','0607836589 ','Léon.Descamps@gmail.com');
INSERT INTO COMMUNE(`VILID`,`VILNOM`) VALUES ('19550','Albon-d\'Ardèche ');
INSERT INTO LIEU(`LIEUID`,`VILID`,`LIEUNOM`) VALUES ('14550','19550','xovasixik');
INSERT INTO VEHICULE(`VEHIMMAT`,`VEHNOM`) VALUES ('SR254TK','Volkswagen ');

INSERT INTO CHAUFFEUR(`CHFID`,`CHFNOM`,`CHFPRENOM`,`CHFTEL`,`CHFMAIL`) VALUES ('10560','Verdier ','Pierre ','0681670345 ','Pierre.Verdier@gmail.com');
INSERT INTO COMMUNE(`VILID`,`VILNOM`) VALUES ('19560','L\'Île-d\'Yeu ');
INSERT INTO LIEU(`LIEUID`,`VILID`,`LIEUNOM`) VALUES ('14560','19560','poxezy');
INSERT INTO VEHICULE(`VEHIMMAT`,`VEHNOM`) VALUES ('YP090TW','BMW ');

INSERT INTO CHAUFFEUR(`CHFID`,`CHFNOM`,`CHFPRENOM`,`CHFTEL`,`CHFMAIL`) VALUES ('10570','Le gall ','Ethan ','0689438129 ','Ethan.Le gall@gmail.com');
INSERT INTO COMMUNE(`VILID`,`VILNOM`) VALUES ('19570','Montigny-les-Monts ');
INSERT INTO LIEU(`LIEUID`,`VILID`,`LIEUNOM`) VALUES ('14570','19570','mmiwommetu');
INSERT INTO VEHICULE(`VEHIMMAT`,`VEHNOM`) VALUES ('GF894BY','Peugeot ');

INSERT INTO CHAUFFEUR(`CHFID`,`CHFNOM`,`CHFPRENOM`,`CHFTEL`,`CHFMAIL`) VALUES ('10580','Marechal ','Gilbert ','0681832383 ','Gilbert.Marechal@gmail.com');
INSERT INTO COMMUNE(`VILID`,`VILNOM`) VALUES ('19580','Neufmoulins ');
INSERT INTO LIEU(`LIEUID`,`VILID`,`LIEUNOM`) VALUES ('14580','19580','siddy');
INSERT INTO VEHICULE(`VEHIMMAT`,`VEHNOM`) VALUES ('AX256DI','Opel');

INSERT INTO CHAUFFEUR(`CHFID`,`CHFNOM`,`CHFPRENOM`,`CHFTEL`,`CHFMAIL`) VALUES ('10590','Dupuy ','Maryam ','0645012307 ','Maryam.Dupuy@gmail.com');
INSERT INTO COMMUNE(`VILID`,`VILNOM`) VALUES ('19590','Saint-Élix-Séglan ');
INSERT INTO LIEU(`LIEUID`,`VILID`,`LIEUNOM`) VALUES ('14590','19590','villyw');
INSERT INTO VEHICULE(`VEHIMMAT`,`VEHNOM`) VALUES ('JO187OJ','Fiat ');

INSERT INTO CHAUFFEUR(`CHFID`,`CHFNOM`,`CHFPRENOM`,`CHFTEL`,`CHFMAIL`) VALUES ('10600','Allard ','Mattéo ','0683872161 ','Mattéo.Allard@gmail.com');
INSERT INTO COMMUNE(`VILID`,`VILNOM`) VALUES ('19600','Sainte-Colombe ');
INSERT INTO LIEU(`LIEUID`,`VILID`,`LIEUNOM`) VALUES ('14600','19600','burrerahif');
INSERT INTO VEHICULE(`VEHIMMAT`,`VEHNOM`) VALUES ('UB812NK','Ford ');

INSERT INTO CHAUFFEUR(`CHFID`,`CHFNOM`,`CHFPRENOM`,`CHFTEL`,`CHFMAIL`) VALUES ('10610','David ','Renaud ','0687410981 ','Renaud.David@gmail.com');
INSERT INTO COMMUNE(`VILID`,`VILNOM`) VALUES ('19610','Campestre-et-Luc ');
INSERT INTO LIEU(`LIEUID`,`VILID`,`LIEUNOM`) VALUES ('14610','19610','nnallappa');
INSERT INTO VEHICULE(`VEHIMMAT`,`VEHNOM`) VALUES ('QX096XW','Renault ');

INSERT INTO CHAUFFEUR(`CHFID`,`CHFNOM`,`CHFPRENOM`,`CHFTEL`,`CHFMAIL`) VALUES ('10620','Breton ','Simon ','0643692741 ','Simon.Breton@gmail.com');
INSERT INTO COMMUNE(`VILID`,`VILNOM`) VALUES ('19620','Serval ');
INSERT INTO LIEU(`LIEUID`,`VILID`,`LIEUNOM`) VALUES ('14620','19620','dossefamob');
INSERT INTO VEHICULE(`VEHIMMAT`,`VEHNOM`) VALUES ('FK509CZ','Peugeot ');

INSERT INTO CHAUFFEUR(`CHFID`,`CHFNOM`,`CHFPRENOM`,`CHFTEL`,`CHFMAIL`) VALUES ('10630','Bouchet ','Corentin ','0667478583 ','Corentin.Bouchet@gmail.com');
INSERT INTO COMMUNE(`VILID`,`VILNOM`) VALUES ('19630','Bucy-lès-Cerny ');
INSERT INTO LIEU(`LIEUID`,`VILID`,`LIEUNOM`) VALUES ('14630','19630','dexalycud');
INSERT INTO VEHICULE(`VEHIMMAT`,`VEHNOM`) VALUES ('KZ832ZO','Volkswagen ');

INSERT INTO CHAUFFEUR(`CHFID`,`CHFNOM`,`CHFPRENOM`,`CHFTEL`,`CHFMAIL`) VALUES ('10640','Joubert ','Timéo ','0601812327 ','Timéo.Joubert@gmail.com');
INSERT INTO COMMUNE(`VILID`,`VILNOM`) VALUES ('19640','Abbeville-Saint-Lucien ');
INSERT INTO LIEU(`LIEUID`,`VILID`,`LIEUNOM`) VALUES ('14640','19640','pillahesew');
INSERT INTO VEHICULE(`VEHIMMAT`,`VEHNOM`) VALUES ('HW149GX','Renault ');

INSERT INTO CHAUFFEUR(`CHFID`,`CHFNOM`,`CHFPRENOM`,`CHFTEL`,`CHFMAIL`) VALUES ('10650','Ferreira ','Bruno ','0667096187 ','Bruno.Ferreira@gmail.com');
INSERT INTO COMMUNE(`VILID`,`VILNOM`) VALUES ('19650','L\'Hôpital-d\'Orion ');
INSERT INTO LIEU(`LIEUID`,`VILID`,`LIEUNOM`) VALUES ('14650','19650','zisyjeddag');
INSERT INTO VEHICULE(`VEHIMMAT`,`VEHNOM`) VALUES ('UX456VA','Fiat ');

INSERT INTO CHAUFFEUR(`CHFID`,`CHFNOM`,`CHFPRENOM`,`CHFTEL`,`CHFMAIL`) VALUES ('10660','Remy ','Mohamed ','0607250367 ','Mohamed.Remy@gmail.com');
INSERT INTO COMMUNE(`VILID`,`VILNOM`) VALUES ('19660','Baudignécourt ');
INSERT INTO LIEU(`LIEUID`,`VILID`,`LIEUNOM`) VALUES ('14660','19660','nnexacemmott');
INSERT INTO VEHICULE(`VEHIMMAT`,`VEHNOM`) VALUES ('LW965WF','Opel');

INSERT INTO CHAUFFEUR(`CHFID`,`CHFNOM`,`CHFPRENOM`,`CHFTEL`,`CHFMAIL`) VALUES ('10670','Gillet ','Enzo ','0689438129 ','Enzo.Gillet@gmail.com');
INSERT INTO COMMUNE(`VILID`,`VILNOM`) VALUES ('19670','Oron ');
INSERT INTO LIEU(`LIEUID`,`VILID`,`LIEUNOM`) VALUES ('14670','19670','kitypp');
INSERT INTO VEHICULE(`VEHIMMAT`,`VEHNOM`) VALUES ('AN834BS','Renault ');

INSERT INTO CHAUFFEUR(`CHFID`,`CHFNOM`,`CHFPRENOM`,`CHFTEL`,`CHFMAIL`) VALUES ('10680','Lambert ','Samuel ','0647212585 ','Samuel.Lambert@gmail.com');
INSERT INTO COMMUNE(`VILID`,`VILNOM`) VALUES ('19680','Montjoire ');
INSERT INTO LIEU(`LIEUID`,`VILID`,`LIEUNOM`) VALUES ('14680','19680','kopippyga');
INSERT INTO VEHICULE(`VEHIMMAT`,`VEHNOM`) VALUES ('IH272NY','Fiat ');

INSERT INTO CHAUFFEUR(`CHFID`,`CHFNOM`,`CHFPRENOM`,`CHFTEL`,`CHFMAIL`) VALUES ('10690','Aubert ','Thibault ','0601812327 ','Thibault.Aubert@gmail.com');
INSERT INTO COMMUNE(`VILID`,`VILNOM`) VALUES ('19690','La Romagne ');
INSERT INTO LIEU(`LIEUID`,`VILID`,`LIEUNOM`) VALUES ('14690','19690','kerru');
INSERT INTO VEHICULE(`VEHIMMAT`,`VEHNOM`) VALUES ('IJ476TA','Peugeot ');

INSERT INTO CHAUFFEUR(`CHFID`,`CHFNOM`,`CHFPRENOM`,`CHFTEL`,`CHFMAIL`) VALUES ('10700','Lejeune ','Marwane ','0625090787 ','Marwane.Lejeune@gmail.com');
INSERT INTO COMMUNE(`VILID`,`VILNOM`) VALUES ('19700','Castetnau-Camblong ');
INSERT INTO LIEU(`LIEUID`,`VILID`,`LIEUNOM`) VALUES ('14700','19700','hybo');
INSERT INTO VEHICULE(`VEHIMMAT`,`VEHNOM`) VALUES ('SF290FI','Fiat ');

INSERT INTO CHAUFFEUR(`CHFID`,`CHFNOM`,`CHFPRENOM`,`CHFTEL`,`CHFMAIL`) VALUES ('10710','Ferreira ','Nathan ','0621052761 ','Nathan.Ferreira@gmail.com');
INSERT INTO COMMUNE(`VILID`,`VILNOM`) VALUES ('19710','Guer ');
INSERT INTO LIEU(`LIEUID`,`VILID`,`LIEUNOM`) VALUES ('14710','19710','nucuhe');
INSERT INTO VEHICULE(`VEHIMMAT`,`VEHNOM`) VALUES ('AB050FQ','Volkswagen ');

INSERT INTO CHAUFFEUR(`CHFID`,`CHFNOM`,`CHFPRENOM`,`CHFTEL`,`CHFMAIL`) VALUES ('10720','Jacob ','Amaury ','0665092307 ','Amaury.Jacob@gmail.com');
INSERT INTO COMMUNE(`VILID`,`VILNOM`) VALUES ('19720','Congerville-Thionville ');
INSERT INTO LIEU(`LIEUID`,`VILID`,`LIEUNOM`) VALUES ('14720','19720','ffyjizesso');
INSERT INTO VEHICULE(`VEHIMMAT`,`VEHNOM`) VALUES ('MB416ZG','Citroen ');

INSERT INTO CHAUFFEUR(`CHFID`,`CHFNOM`,`CHFPRENOM`,`CHFTEL`,`CHFMAIL`) VALUES ('10730','Vincent ','Léonard ','0683872161 ','Léonard.Vincent@gmail.com');
INSERT INTO COMMUNE(`VILID`,`VILNOM`) VALUES ('19730','Dammartin-en-Serve ');
INSERT INTO LIEU(`LIEUID`,`VILID`,`LIEUNOM`) VALUES ('14730','19730','tebe');
INSERT INTO VEHICULE(`VEHIMMAT`,`VEHNOM`) VALUES ('IV614ZI','Ford ');

INSERT INTO CHAUFFEUR(`CHFID`,`CHFNOM`,`CHFPRENOM`,`CHFTEL`,`CHFMAIL`) VALUES ('10740','Bruneau ','Cédric ','0689078163 ','Cédric.Bruneau@gmail.com');
INSERT INTO COMMUNE(`VILID`,`VILNOM`) VALUES ('19740','Saint-Bonnet-le-Chastel ');
INSERT INTO LIEU(`LIEUID`,`VILID`,`LIEUNOM`) VALUES ('14740','19740','hefafapo');
INSERT INTO VEHICULE(`VEHIMMAT`,`VEHNOM`) VALUES ('AZ018FG','Opel');

INSERT INTO CHAUFFEUR(`CHFID`,`CHFNOM`,`CHFPRENOM`,`CHFTEL`,`CHFMAIL`) VALUES ('10750','Courtois ','Amine ','0605214141 ','Amine.Courtois@gmail.com');
INSERT INTO COMMUNE(`VILID`,`VILNOM`) VALUES ('19750','Versigny ');
INSERT INTO LIEU(`LIEUID`,`VILID`,`LIEUNOM`) VALUES ('14750','19750','fferym');
INSERT INTO VEHICULE(`VEHIMMAT`,`VEHNOM`) VALUES ('BE325WD','Opel');

INSERT INTO CHAUFFEUR(`CHFID`,`CHFNOM`,`CHFPRENOM`,`CHFTEL`,`CHFMAIL`) VALUES ('10760','Bourgeois ','Simon ','0629216167 ','Simon.Bourgeois@gmail.com');
INSERT INTO COMMUNE(`VILID`,`VILNOM`) VALUES ('19760','Valence-en-Brie ');
INSERT INTO LIEU(`LIEUID`,`VILID`,`LIEUNOM`) VALUES ('14760','19760','ppillahunu');
INSERT INTO VEHICULE(`VEHIMMAT`,`VEHNOM`) VALUES ('HC729YP','Fiat ');

INSERT INTO CHAUFFEUR(`CHFID`,`CHFNOM`,`CHFPRENOM`,`CHFTEL`,`CHFMAIL`) VALUES ('10770','Morin ','Kevin ','0607614965 ','Kevin.Morin@gmail.com');
INSERT INTO COMMUNE(`VILID`,`VILNOM`) VALUES ('19770','Seine-Port ');
INSERT INTO LIEU(`LIEUID`,`VILID`,`LIEUNOM`) VALUES ('14770','19770','zettave');
INSERT INTO VEHICULE(`VEHIMMAT`,`VEHNOM`) VALUES ('VS945QX','Volkswagen ');

INSERT INTO CHAUFFEUR(`CHFID`,`CHFNOM`,`CHFPRENOM`,`CHFTEL`,`CHFMAIL`) VALUES ('10780','Lemaitre ','Mathis ','0647676529 ','Mathis.Lemaitre@gmail.com');
INSERT INTO COMMUNE(`VILID`,`VILNOM`) VALUES ('19780','Lespiteau ');
INSERT INTO LIEU(`LIEUID`,`VILID`,`LIEUNOM`) VALUES ('14780','19780','ssettywo');
INSERT INTO VEHICULE(`VEHIMMAT`,`VEHNOM`) VALUES ('FY521OX','Fiat ');

INSERT INTO CHAUFFEUR(`CHFID`,`CHFNOM`,`CHFPRENOM`,`CHFTEL`,`CHFMAIL`) VALUES ('10790','Klein ','Tom ','0645616129 ','Tom.Klein@gmail.com');
INSERT INTO COMMUNE(`VILID`,`VILNOM`) VALUES ('19790','Reyvroz ');
INSERT INTO LIEU(`LIEUID`,`VILID`,`LIEUNOM`) VALUES ('14790','19790','ssejil');
INSERT INTO VEHICULE(`VEHIMMAT`,`VEHNOM`) VALUES ('ML450ZK','Citroen ');

INSERT INTO CHAUFFEUR(`CHFID`,`CHFNOM`,`CHFPRENOM`,`CHFTEL`,`CHFMAIL`) VALUES ('10800','Gerard ','Alban','0601892305 ','Alban.Gerard@gmail.com');
INSERT INTO COMMUNE(`VILID`,`VILNOM`) VALUES ('19800','Le Ferré ');
INSERT INTO LIEU(`LIEUID`,`VILID`,`LIEUNOM`) VALUES ('14800','19800','kiteva');
INSERT INTO VEHICULE(`VEHIMMAT`,`VEHNOM`) VALUES ('IJ630RA','BMW ');

INSERT INTO CHAUFFEUR(`CHFID`,`CHFNOM`,`CHFPRENOM`,`CHFTEL`,`CHFMAIL`) VALUES ('10810','Lefebvre ','Marwane ','0607836589 ','Marwane.Lefebvre@gmail.com');
INSERT INTO COMMUNE(`VILID`,`VILNOM`) VALUES ('19810','Saint-Simon-de-Bordes ');
INSERT INTO LIEU(`LIEUID`,`VILID`,`LIEUNOM`) VALUES ('14810','19810','dylekoqedd');
INSERT INTO VEHICULE(`VEHIMMAT`,`VEHNOM`) VALUES ('PY741MJ','Peugeot ');

INSERT INTO CHAUFFEUR(`CHFID`,`CHFNOM`,`CHFPRENOM`,`CHFTEL`,`CHFMAIL`) VALUES ('10820','Roussel ','Rayane ','0627218705 ','Rayane.Roussel@gmail.com');
INSERT INTO COMMUNE(`VILID`,`VILNOM`) VALUES ('19820','Rubercy ');
INSERT INTO LIEU(`LIEUID`,`VILID`,`LIEUNOM`) VALUES ('14820','19820','ttesidym');
INSERT INTO VEHICULE(`VEHIMMAT`,`VEHNOM`) VALUES ('EL412NE','BMW ');

INSERT INTO CHAUFFEUR(`CHFID`,`CHFNOM`,`CHFPRENOM`,`CHFTEL`,`CHFMAIL`) VALUES ('10830','Dos santos ','Lorenzo ','0665236169 ','Lorenzo.Dos santos@gmail.com');
INSERT INTO COMMUNE(`VILID`,`VILNOM`) VALUES ('19830','Sainte-Adresse ');
INSERT INTO LIEU(`LIEUID`,`VILID`,`LIEUNOM`) VALUES ('14830','19830','defek');
INSERT INTO VEHICULE(`VEHIMMAT`,`VEHNOM`) VALUES ('JQ503GJ','Fiat ');

INSERT INTO CHAUFFEUR(`CHFID`,`CHFNOM`,`CHFPRENOM`,`CHFTEL`,`CHFMAIL`) VALUES ('10840','Lefort ','Maxence ','0683490385 ','Maxence.Lefort@gmail.com');
INSERT INTO COMMUNE(`VILID`,`VILNOM`) VALUES ('19840','Oudeuil ');
INSERT INTO LIEU(`LIEUID`,`VILID`,`LIEUNOM`) VALUES ('14840','19840','zazu');
INSERT INTO VEHICULE(`VEHIMMAT`,`VEHNOM`) VALUES ('HE905EL','Volkswagen ');

INSERT INTO CHAUFFEUR(`CHFID`,`CHFNOM`,`CHFPRENOM`,`CHFTEL`,`CHFMAIL`) VALUES ('10850','Gerard ','Nathalie ','0641818385 ','Nathalie.Gerard@gmail.com');
INSERT INTO COMMUNE(`VILID`,`VILNOM`) VALUES ('19850','Plats ');
INSERT INTO LIEU(`LIEUID`,`VILID`,`LIEUNOM`) VALUES ('14850','19850','gurojiw');
INSERT INTO VEHICULE(`VEHIMMAT`,`VEHNOM`) VALUES ('EZ236NS','Fiat ');

INSERT INTO CHAUFFEUR(`CHFID`,`CHFNOM`,`CHFPRENOM`,`CHFTEL`,`CHFMAIL`) VALUES ('10860','Lefevre ','Dorian ','0685874383 ','Dorian.Lefevre@gmail.com');
INSERT INTO COMMUNE(`VILID`,`VILNOM`) VALUES ('19860','Roussillon ');
INSERT INTO LIEU(`LIEUID`,`VILID`,`LIEUNOM`) VALUES ('14860','19860','ssaxennequ');
INSERT INTO VEHICULE(`VEHIMMAT`,`VEHNOM`) VALUES ('UL072NA','Ford ');

INSERT INTO CHAUFFEUR(`CHFID`,`CHFNOM`,`CHFPRENOM`,`CHFTEL`,`CHFMAIL`) VALUES ('10870','Bigot ','Aaron ','0665850981 ','Aaron.Bigot@gmail.com');
INSERT INTO COMMUNE(`VILID`,`VILNOM`) VALUES ('19870','Saint-Pantaléon ');
INSERT INTO LIEU(`LIEUID`,`VILID`,`LIEUNOM`) VALUES ('14870','19870','ttyvaddynnyv');
INSERT INTO VEHICULE(`VEHIMMAT`,`VEHNOM`) VALUES ('FM527YX','Volkswagen ');

INSERT INTO CHAUFFEUR(`CHFID`,`CHFNOM`,`CHFPRENOM`,`CHFTEL`,`CHFMAIL`) VALUES ('10880','Dufour ','Benjamin ','0623874789 ','Benjamin.Dufour@gmail.com');
INSERT INTO COMMUNE(`VILID`,`VILNOM`) VALUES ('19880','Guilleville ');
INSERT INTO LIEU(`LIEUID`,`VILID`,`LIEUNOM`) VALUES ('14880','19880','pammaff');
INSERT INTO VEHICULE(`VEHIMMAT`,`VEHNOM`) VALUES ('CD618LK','Fiat ');

INSERT INTO CHAUFFEUR(`CHFID`,`CHFNOM`,`CHFPRENOM`,`CHFTEL`,`CHFMAIL`) VALUES ('10890','Launay ','Valentin ','0685874383 ','Valentin.Launay@gmail.com');
INSERT INTO COMMUNE(`VILID`,`VILNOM`) VALUES ('19890','Vaucourt ');
INSERT INTO LIEU(`LIEUID`,`VILID`,`LIEUNOM`) VALUES ('14890','19890','mmaful');
INSERT INTO VEHICULE(`VEHIMMAT`,`VEHNOM`) VALUES ('JW729OF','Opel');

INSERT INTO CHAUFFEUR(`CHFID`,`CHFNOM`,`CHFPRENOM`,`CHFTEL`,`CHFMAIL`) VALUES ('10900','Lacombe ','Mathieu ','0601878309 ','Mathieu.Lacombe@gmail.com');
INSERT INTO COMMUNE(`VILID`,`VILNOM`) VALUES ('19900','Flaumont-Waudrechies ');
INSERT INTO LIEU(`LIEUID`,`VILID`,`LIEUNOM`) VALUES ('14900','19900','jutaddinno');
INSERT INTO VEHICULE(`VEHIMMAT`,`VEHNOM`) VALUES ('LC343OF','Opel');

INSERT INTO CHAUFFEUR(`CHFID`,`CHFNOM`,`CHFPRENOM`,`CHFTEL`,`CHFMAIL`) VALUES ('10910','Berger ','Noah ','0627432101 ','Noah.Berger@gmail.com');
INSERT INTO COMMUNE(`VILID`,`VILNOM`) VALUES ('19910','Hadol ');
INSERT INTO LIEU(`LIEUID`,`VILID`,`LIEUNOM`) VALUES ('14910','19910','ssarra');
INSERT INTO VEHICULE(`VEHIMMAT`,`VEHNOM`) VALUES ('RO549ML','BMW ');

INSERT INTO CHAUFFEUR(`CHFID`,`CHFNOM`,`CHFPRENOM`,`CHFTEL`,`CHFMAIL`) VALUES ('10920','Boulanger ','Samuel ','0605256709 ','Samuel.Boulanger@gmail.com');
INSERT INTO COMMUNE(`VILID`,`VILNOM`) VALUES ('19920','Mirabel ');
INSERT INTO LIEU(`LIEUID`,`VILID`,`LIEUNOM`) VALUES ('14920','19920','ppawojaddaff');
INSERT INTO VEHICULE(`VEHIMMAT`,`VEHNOM`) VALUES ('EH872FO','Ford ');

INSERT INTO CHAUFFEUR(`CHFID`,`CHFNOM`,`CHFPRENOM`,`CHFTEL`,`CHFMAIL`) VALUES ('10930','Blanchet ','Davy ','0605474541 ','Davy.Blanchet@gmail.com');
INSERT INTO COMMUNE(`VILID`,`VILNOM`) VALUES ('19930','Bouëx ');
INSERT INTO LIEU(`LIEUID`,`VILID`,`LIEUNOM`) VALUES ('14930','19930','dafo');
INSERT INTO VEHICULE(`VEHIMMAT`,`VEHNOM`) VALUES ('KP618BW','Ford ');

INSERT INTO CHAUFFEUR(`CHFID`,`CHFNOM`,`CHFPRENOM`,`CHFTEL`,`CHFMAIL`) VALUES ('10940','Loiseau ','Clémence ','0625090787 ','Clémence.Loiseau@gmail.com');
INSERT INTO COMMUNE(`VILID`,`VILNOM`) VALUES ('19940','Écorches ');
INSERT INTO LIEU(`LIEUID`,`VILID`,`LIEUNOM`) VALUES ('14940','19940','mema');
INSERT INTO VEHICULE(`VEHIMMAT`,`VEHNOM`) VALUES ('CF854TK','Ford ');

INSERT INTO CHAUFFEUR(`CHFID`,`CHFNOM`,`CHFPRENOM`,`CHFTEL`,`CHFMAIL`) VALUES ('10950','Couturier ','Guillaume ','0683856121 ','Guillaume.Couturier@gmail.com');
INSERT INTO COMMUNE(`VILID`,`VILNOM`) VALUES ('19950','Nanteau-sur-Essonne ');
INSERT INTO LIEU(`LIEUID`,`VILID`,`LIEUNOM`) VALUES ('14950','19950','nneffagub');
INSERT INTO VEHICULE(`VEHIMMAT`,`VEHNOM`) VALUES ('ZI321GJ','BMW ');

INSERT INTO CHAUFFEUR(`CHFID`,`CHFNOM`,`CHFPRENOM`,`CHFTEL`,`CHFMAIL`) VALUES ('10960','Legrand ','Timéo ','0625874945 ','Timéo.Legrand@gmail.com');
INSERT INTO COMMUNE(`VILID`,`VILNOM`) VALUES ('19960','Villers-Semeuse ');
INSERT INTO LIEU(`LIEUID`,`VILID`,`LIEUNOM`) VALUES ('14960','19960','pusoferrym');
INSERT INTO VEHICULE(`VEHIMMAT`,`VEHNOM`) VALUES ('SJ490DI','Volkswagen ');

INSERT INTO CHAUFFEUR(`CHFID`,`CHFNOM`,`CHFPRENOM`,`CHFTEL`,`CHFMAIL`) VALUES ('10970','Marchand ','Angelina ','0685034341 ','Angelina.Marchand@gmail.com');
INSERT INTO COMMUNE(`VILID`,`VILNOM`) VALUES ('19970','Behonne ');
INSERT INTO LIEU(`LIEUID`,`VILID`,`LIEUNOM`) VALUES ('14970','19970','rravu');
INSERT INTO VEHICULE(`VEHIMMAT`,`VEHNOM`) VALUES ('WZ496FQ','Peugeot ');

INSERT INTO CHAUFFEUR(`CHFID`,`CHFNOM`,`CHFPRENOM`,`CHFTEL`,`CHFMAIL`) VALUES ('10980','Levy ','Manon ','0625616389 ','Manon.Levy@gmail.com');
INSERT INTO COMMUNE(`VILID`,`VILNOM`) VALUES ('19980','Saint-Médard-en-Forez ');
INSERT INTO LIEU(`LIEUID`,`VILID`,`LIEUNOM`) VALUES ('14980','19980','rullyqosse');
INSERT INTO VEHICULE(`VEHIMMAT`,`VEHNOM`) VALUES ('SR052PY','Renault ');

INSERT INTO CHAUFFEUR(`CHFID`,`CHFNOM`,`CHFPRENOM`,`CHFTEL`,`CHFMAIL`) VALUES ('10990','Didier ','Tristan ','0605256709 ','Tristan.Didier@gmail.com');
INSERT INTO COMMUNE(`VILID`,`VILNOM`) VALUES ('19990','Trelins ');
INSERT INTO LIEU(`LIEUID`,`VILID`,`LIEUNOM`) VALUES ('14990','19990','fusolyg');
INSERT INTO VEHICULE(`VEHIMMAT`,`VEHNOM`) VALUES ('ZC761AD','Citroen ');

